trip_id,linie,stunde,fahrgaeste,max_besetzung,auslastung_pct,fahrzeugtyp,anteil_schienenparallel
1.T0.13-21-j26-1.1.H,21,4,8,4,6.0,Solo,0.38
1.T0.13-30-j26-2.12.H,30,4,0,0,0.0,Solo,0.0
1.T0.13-31-j26-1.1.H,31,4,2,1,1.0,Gelenk,0.0
1.T0.13-32-j26-2.1.H,32,5,1,1,1.0,Solo,0.29
1.T0.13-34-j26-1.1.H,34,5,9,5,5.0,Gelenk,0.78
1.T0.13-35-j26-1.1.H,35,4,6,3,3.0,Gelenk,0.47
1.T0.13-36-j26-7.9.H,36,5,53,29,29.0,Gelenk,0.57
1.T0.13-37-j26-1.5.H,37,5,8,4,4.0,Gelenk,1.0
1.T0.13-38-j26-1.1.H,38,5,13,7,10.0,Solo,0.19
1.T0.13-43-j26-2.4.H,43,4,3,2,3.0,Solo,0.0
1.T0.13-44-j26-2.1.H,44,5,18,10,14.0,Solo,0.52
1.T0.13-45-j26-2.6.H,45,4,24,13,13.0,Gelenk,0.44
1.T0.13-46-j26-1.5.H,46,4,12,7,7.0,Gelenk,0.18
1.T0.13-47-j26-1.4.H,47,5,4,2,2.0,Gelenk,0.0
1.T0.13-49-j26-1.1.H,49,6,5,3,4.0,Solo,0.2
1.T0.13-50-j26-1.1.H,50,5,8,4,6.0,Solo,0.14
1.T0.13-51-j26-1.4.H,51,5,9,5,7.0,Solo,0.09
1.T0.13-52-j26-1.5.H,52,5,6,3,4.0,Solo,0.1
1.T0.13-53-j26-1.2.H,53,5,10,6,9.0,Solo,0.09
1.T0.13-54-j26-1.1.H,54,5,7,4,6.0,Solo,0.21
1.T0.13-55-j26-1.1.H,55,4,11,6,9.0,Solo,0.38
1.T0.13-56-j26-1.10.H,56,5,5,3,4.0,Solo,0.16
1.T0.13-57-j26-1.5.H,57,5,12,7,10.0,Solo,0.19
1.T0.13-58-j26-1.5.H,58,4,14,8,8.0,Gelenk,0.14
1.T0.13-59-j26-1.1.H,59,5,6,3,4.0,Solo,0.25
1.T0.13-60-j26-1.1.H,60,5,14,8,8.0,Gelenk,0.26
1.T0.13-61-j26-5.25.H,61,4,6,3,3.0,Gelenk,0.08
1.T0.13-62-j26-1.3.H,62,4,7,4,4.0,Gelenk,0.08
1.T0.13-65-j26-1.1.H,65,4,16,9,9.0,Gelenk,0.5
1.T0.13-66-j26-1.1.H,66,5,12,7,7.0,Gelenk,0.25
1.T0.13-67-j26-1.1.H,67,4,40,22,22.0,Gelenk,0.29
1.T0.13-68-j26-2.15.H,68,4,5,3,3.0,Gelenk,0.07
1.T0.13-69-j26-1.3.H,69,5,8,4,6.0,Solo,0.72
1.T0.13-73-j26-4.5.H,73,5,10,6,6.0,Gelenk,0.53
1.T0.13-82-j26-3.1.H,82,5,15,8,11.0,Solo,0.25
1.T0.13-84-j26-1.1.H,84,7,12,7,10.0,Solo,1.0
1.T0.13-89-j26-1.3.H,89,6,60,33,33.0,Gelenk,0.06
1.T0.13-91-j26-1.4.H,91,13,11,6,9.0,Solo,0.08
1.T0.13-92-j26-1.3.H,92,13,20,11,16.0,Solo,0.15
1.T0.13-93-j26-1.3.H,93,13,15,8,11.0,Solo,0.2
1.T0.13-94-j26-4.3.R,94,7,62,34,34.0,Gelenk,0.67
1.T0.13-95-j26-1.3.H,95,7,34,19,27.0,Solo,0.75
1.T0.13-96-j26-1.4.H,96,13,34,19,19.0,Gelenk,0.15
1.T0.13-97-j26-1.4.H,97,7,80,44,44.0,Gelenk,0.25
1.T0.13-98-j26-1.3.H,98,13,37,20,20.0,Gelenk,0.19
1.T0.13-99-j26-1.1.H,99,7,74,41,41.0,Gelenk,0.0
1.T0.17-708-j26-2.1.H,E8,4,5,3,4.0,Solo,0.25
10.T0.13-21-j26-1.1.H,21,7,47,26,37.0,Solo,0.38
10.T0.13-30-j26-2.13.H,30,7,32,18,26.0,Solo,0.28
10.T0.13-31-j26-1.8.H,31,7,3,2,2.0,Gelenk,0.2
10.T0.13-32-j26-2.1.H,32,7,3,2,3.0,Solo,0.29
10.T0.13-34-j26-1.1.H,34,6,38,21,21.0,Gelenk,0.78
10.T0.13-35-j26-1.3.H,35,6,23,13,13.0,Gelenk,0.5
10.T0.13-36-j26-7.9.H,36,7,75,41,41.0,Gelenk,0.57
10.T0.13-37-j26-1.1.H,37,7,118,65,65.0,Gelenk,0.39
10.T0.13-38-j26-1.1.H,38,6,25,14,20.0,Solo,0.19
10.T0.13-40-j26-1.5.H,40,7,25,14,14.0,Gelenk,0.46
10.T0.13-43-j26-2.5.H,43,6,36,20,29.0,Solo,0.5
10.T0.13-44-j26-2.1.H,44,7,26,14,20.0,Solo,0.52
10.T0.13-45-j26-2.7.H,45,7,71,39,39.0,Gelenk,0.47
10.T0.13-46-j26-1.4.H,46,7,53,29,29.0,Gelenk,0.33
10.T0.13-47-j26-1.5.H,47,7,49,27,27.0,Gelenk,0.25
10.T0.13-49-j26-1.1.H,49,16,6,3,4.0,Solo,0.2
10.T0.13-50-j26-1.2.H,50,12,5,3,4.0,Solo,0.08
10.T0.13-51-j26-1.4.H,51,7,25,14,20.0,Solo,0.09
10.T0.13-52-j26-1.5.H,52,8,33,18,26.0,Solo,0.1
10.T0.13-54-j26-1.2.H,54,7,30,16,23.0,Solo,0.2
10.T0.13-55-j26-1.1.H,55,6,9,5,7.0,Solo,0.38
10.T0.13-56-j26-1.11.H,56,6,4,2,3.0,Solo,0.1
10.T0.13-57-j26-1.5.H,57,7,17,9,13.0,Solo,0.19
10.T0.13-58-j26-1.5.H,58,7,34,19,19.0,Gelenk,0.14
10.T0.13-59-j26-1.1.H,59,9,16,9,13.0,Solo,0.25
10.T0.13-60-j26-1.1.H,60,21,15,8,8.0,Gelenk,0.26
10.T0.13-61-j26-5.26.H,61,6,19,10,10.0,Gelenk,0.06
10.T0.13-62-j26-1.1.H,62,6,21,12,12.0,Gelenk,0.12
10.T0.13-65-j26-1.2.H,65,6,47,26,26.0,Gelenk,0.55
10.T0.13-66-j26-1.1.H,66,7,26,14,14.0,Gelenk,0.25
10.T0.13-67-j26-1.2.H,67,6,52,29,29.0,Gelenk,0.28
10.T0.13-68-j26-2.19.H,68,6,80,44,44.0,Gelenk,0.31
10.T0.13-69-j26-1.5.H,69,6,21,12,17.0,Solo,0.65
10.T0.13-73-j26-4.5.H,73,8,46,25,25.0,Gelenk,0.53
10.T0.13-82-j26-3.1.H,82,8,61,34,49.0,Solo,0.25
10.T0.13-84-j26-1.1.H,84,10,4,2,3.0,Solo,1.0
10.T0.17-708-j26-2.1.H,E8,6,11,6,9.0,Solo,0.25
100.T0.13-31-j26-1.17.R,31,19,102,56,56.0,Gelenk,0.08
100.T0.13-34-j26-1.5.R,34,9,57,31,31.0,Gelenk,0.75
100.T0.13-35-j26-1.4.R,35,4,12,7,7.0,Gelenk,0.5
100.T0.13-36-j26-7.9.H,36,23,22,12,12.0,Gelenk,0.57
100.T0.13-38-j26-1.7.R,38,6,34,19,27.0,Solo,0.19
100.T0.13-40-j26-1.13.R,40,14,111,61,61.0,Gelenk,0.57
100.T0.13-43-j26-2.6.R,43,5,14,8,11.0,Solo,0.67
100.T0.13-44-j26-2.4.R,44,7,31,17,24.0,Solo,0.58
100.T0.13-45-j26-2.10.R,45,18,89,49,49.0,Gelenk,0.42
100.T0.13-46-j26-1.2.R,46,19,50,28,28.0,Gelenk,0.3
100.T0.13-51-j26-1.7.R,51,4,4,2,3.0,Solo,0.09
100.T0.13-52-j26-1.1.R,52,17,23,13,19.0,Solo,0.05
100.T0.13-55-j26-1.2.R,55,12,15,8,11.0,Solo,0.38
100.T0.13-56-j26-1.16.R,56,15,17,9,13.0,Solo,0.16
100.T0.13-57-j26-1.7.R,57,11,24,13,19.0,Solo,0.25
100.T0.13-58-j26-1.10.R,58,19,14,8,8.0,Gelenk,0.0
100.T0.13-61-j26-5.18.R,61,7,25,14,14.0,Gelenk,0.04
100.T0.13-62-j26-1.2.R,62,11,58,32,32.0,Gelenk,0.15
100.T0.13-65-j26-1.8.R,65,4,15,8,8.0,Gelenk,0.53
100.T0.13-66-j26-1.7.R,66,16,36,20,20.0,Gelenk,0.26
100.T0.13-67-j26-1.10.R,67,8,94,52,52.0,Gelenk,0.28
100.T0.13-68-j26-2.24.R,68,14,74,41,41.0,Gelenk,0.36
100.T0.13-69-j26-1.4.R,69,10,18,10,14.0,Solo,0.69
100.T0.17-708-j26-2.1.H,E8,15,12,7,10.0,Solo,0.25
101.T0.13-31-j26-1.4.R,31,20,7,4,4.0,Gelenk,0.0
101.T0.13-34-j26-1.5.R,34,9,33,18,18.0,Gelenk,0.75
101.T0.13-35-j26-1.4.R,35,5,19,10,10.0,Gelenk,0.5
101.T0.13-36-j26-7.9.H,36,23,23,13,13.0,Gelenk,0.57
101.T0.13-38-j26-1.5.R,38,7,13,7,10.0,Solo,0.11
101.T0.13-40-j26-1.8.R,40,14,29,16,16.0,Gelenk,0.5
101.T0.13-43-j26-2.6.R,43,6,16,9,13.0,Solo,0.67
101.T0.13-44-j26-2.3.R,44,7,28,15,21.0,Solo,0.52
101.T0.13-45-j26-2.10.R,45,19,73,40,40.0,Gelenk,0.42
101.T0.13-46-j26-1.2.R,46,19,51,28,28.0,Gelenk,0.3
101.T0.13-51-j26-1.7.R,51,5,12,7,10.0,Solo,0.09
101.T0.13-52-j26-1.1.R,52,18,24,13,19.0,Solo,0.05
101.T0.13-53-j26-1.12.R,53,12,13,7,10.0,Solo,0.12
101.T0.13-55-j26-1.2.R,55,12,22,12,17.0,Solo,0.38
101.T0.13-56-j26-1.18.R,56,15,2,1,1.0,Solo,0.12
101.T0.13-57-j26-1.7.R,57,11,31,17,24.0,Solo,0.25
101.T0.13-58-j26-1.10.R,58,19,21,12,12.0,Gelenk,0.0
101.T0.13-61-j26-5.13.R,61,7,28,15,15.0,Gelenk,0.06
101.T0.13-62-j26-1.2.R,62,11,60,33,33.0,Gelenk,0.15
101.T0.13-65-j26-1.8.R,65,5,14,8,8.0,Gelenk,0.53
101.T0.13-66-j26-1.8.R,66,17,41,23,23.0,Gelenk,0.23
101.T0.13-67-j26-1.13.R,67,8,70,38,38.0,Gelenk,0.29
101.T0.13-68-j26-2.24.R,68,14,71,39,39.0,Gelenk,0.36
101.T0.13-69-j26-1.4.R,69,10,16,9,13.0,Solo,0.69
101.T0.17-708-j26-2.1.H,E8,15,16,9,13.0,Solo,0.25
102.T0.13-31-j26-1.4.R,31,20,6,3,3.0,Gelenk,0.0
102.T0.13-34-j26-1.5.R,34,9,35,19,19.0,Gelenk,0.75
102.T0.13-35-j26-1.4.R,35,5,14,8,8.0,Gelenk,0.5
102.T0.13-36-j26-7.9.H,36,24,23,13,13.0,Gelenk,0.57
102.T0.13-38-j26-1.7.R,38,7,67,37,53.0,Solo,0.19
102.T0.13-40-j26-1.8.R,40,14,68,37,37.0,Gelenk,0.5
102.T0.13-43-j26-2.6.R,43,6,33,18,26.0,Solo,0.67
102.T0.13-44-j26-2.4.R,44,7,35,19,27.0,Solo,0.58
102.T0.13-45-j26-2.10.R,45,19,54,30,30.0,Gelenk,0.42
102.T0.13-46-j26-1.2.R,46,20,27,15,15.0,Gelenk,0.3
102.T0.13-51-j26-1.7.R,51,5,9,5,7.0,Solo,0.09
102.T0.13-52-j26-1.1.R,52,18,21,12,17.0,Solo,0.05
102.T0.13-53-j26-1.11.R,53,12,28,15,21.0,Solo,0.09
102.T0.13-55-j26-1.2.R,55,13,18,10,14.0,Solo,0.38
102.T0.13-56-j26-1.16.R,56,16,24,13,19.0,Solo,0.16
102.T0.13-57-j26-1.7.R,57,12,32,18,26.0,Solo,0.25
102.T0.13-58-j26-1.10.R,58,19,18,10,10.0,Gelenk,0.0
102.T0.13-61-j26-5.17.R,61,7,26,14,14.0,Gelenk,0.04
102.T0.13-62-j26-1.2.R,62,11,32,18,18.0,Gelenk,0.15
102.T0.13-65-j26-1.8.R,65,5,12,7,7.0,Gelenk,0.53
102.T0.13-66-j26-1.7.R,66,17,32,18,18.0,Gelenk,0.26
102.T0.13-67-j26-1.10.R,67,8,117,64,64.0,Gelenk,0.28
102.T0.13-68-j26-2.24.R,68,14,122,67,67.0,Gelenk,0.36
102.T0.13-69-j26-1.4.R,69,11,26,14,20.0,Solo,0.69
102.T0.17-708-j26-2.1.H,E8,15,17,9,13.0,Solo,0.25
103.T0.13-31-j26-1.4.R,31,21,3,2,2.0,Gelenk,0.0
103.T0.13-34-j26-1.5.R,34,10,34,19,19.0,Gelenk,0.75
103.T0.13-35-j26-1.4.R,35,5,14,8,8.0,Gelenk,0.5
103.T0.13-36-j26-7.9.H,36,24,18,10,10.0,Gelenk,0.57
103.T0.13-38-j26-1.5.R,38,7,26,14,20.0,Solo,0.11
103.T0.13-40-j26-1.8.R,40,15,36,20,20.0,Gelenk,0.5
103.T0.13-43-j26-2.6.R,43,6,19,10,14.0,Solo,0.67
103.T0.13-44-j26-2.3.R,44,8,24,13,19.0,Solo,0.52
103.T0.13-45-j26-2.10.R,45,19,87,48,48.0,Gelenk,0.42
103.T0.13-46-j26-1.7.R,46,20,16,9,9.0,Gelenk,0.11
103.T0.13-52-j26-1.1.R,52,18,25,14,20.0,Solo,0.05
103.T0.13-55-j26-1.2.R,55,13,20,11,16.0,Solo,0.38
103.T0.13-56-j26-1.16.R,56,16,21,12,17.0,Solo,0.16
103.T0.13-57-j26-1.7.R,57,12,28,15,21.0,Solo,0.25
103.T0.13-58-j26-1.10.R,58,20,13,7,7.0,Gelenk,0.0
103.T0.13-61-j26-5.16.R,61,8,29,16,16.0,Gelenk,0.08
103.T0.13-62-j26-1.2.R,62,12,34,19,19.0,Gelenk,0.15
103.T0.13-65-j26-1.8.R,65,5,20,11,11.0,Gelenk,0.53
103.T0.13-66-j26-1.8.R,66,17,72,40,40.0,Gelenk,0.23
103.T0.13-67-j26-1.10.R,67,8,124,68,68.0,Gelenk,0.28
103.T0.13-68-j26-2.24.R,68,15,81,45,45.0,Gelenk,0.36
103.T0.13-69-j26-1.4.R,69,11,27,15,21.0,Solo,0.69
103.T0.17-708-j26-2.1.H,E8,16,21,12,17.0,Solo,0.25
104.T0.13-31-j26-1.4.R,31,21,4,2,2.0,Gelenk,0.0
104.T0.13-34-j26-1.5.R,34,10,41,23,23.0,Gelenk,0.75
104.T0.13-35-j26-1.4.R,35,6,44,24,24.0,Gelenk,0.5
104.T0.13-36-j26-7.11.R,36,5,50,28,28.0,Gelenk,0.59
104.T0.13-38-j26-1.7.R,38,7,80,44,63.0,Solo,0.19
104.T0.13-40-j26-1.8.R,40,15,46,25,25.0,Gelenk,0.5
104.T0.13-43-j26-2.6.R,43,6,12,7,10.0,Solo,0.67
104.T0.13-44-j26-2.4.R,44,8,21,12,17.0,Solo,0.58
104.T0.13-45-j26-2.10.R,45,20,109,60,60.0,Gelenk,0.42
104.T0.13-46-j26-1.2.R,46,20,71,39,39.0,Gelenk,0.3
104.T0.13-51-j26-1.7.R,51,5,8,4,6.0,Solo,0.09
104.T0.13-52-j26-1.1.R,52,19,17,9,13.0,Solo,0.05
104.T0.13-53-j26-1.12.R,53,12,24,13,19.0,Solo,0.12
104.T0.13-55-j26-1.2.R,55,13,16,9,13.0,Solo,0.38
104.T0.13-56-j26-1.16.R,56,16,20,11,16.0,Solo,0.16
104.T0.13-57-j26-1.7.R,57,12,29,16,23.0,Solo,0.25
104.T0.13-58-j26-1.10.R,58,20,13,7,7.0,Gelenk,0.0
104.T0.13-61-j26-5.13.R,61,8,43,24,24.0,Gelenk,0.06
104.T0.13-62-j26-1.2.R,62,12,45,25,25.0,Gelenk,0.15
104.T0.13-65-j26-1.8.R,65,5,20,11,11.0,Gelenk,0.53
104.T0.13-66-j26-1.7.R,66,18,45,25,25.0,Gelenk,0.26
104.T0.13-67-j26-1.10.R,67,9,103,57,57.0,Gelenk,0.28
104.T0.13-68-j26-2.24.R,68,15,97,53,53.0,Gelenk,0.36
104.T0.13-69-j26-1.4.R,69,11,15,8,11.0,Solo,0.69
104.T0.17-708-j26-2.1.H,E8,16,15,8,11.0,Solo,0.25
105.T0.13-31-j26-1.4.R,31,22,2,1,1.0,Gelenk,0.0
105.T0.13-34-j26-1.5.R,34,10,33,18,18.0,Gelenk,0.75
105.T0.13-35-j26-1.4.R,35,6,27,15,15.0,Gelenk,0.5
105.T0.13-36-j26-7.11.R,36,5,41,23,23.0,Gelenk,0.59
105.T0.13-38-j26-1.5.R,38,7,19,10,14.0,Solo,0.11
105.T0.13-40-j26-1.8.R,40,15,32,18,18.0,Gelenk,0.5
105.T0.13-43-j26-2.6.R,43,6,16,9,13.0,Solo,0.67
105.T0.13-44-j26-2.3.R,44,8,27,15,21.0,Solo,0.52
105.T0.13-45-j26-2.10.R,45,20,66,36,36.0,Gelenk,0.42
105.T0.13-46-j26-1.2.R,46,21,79,43,43.0,Gelenk,0.3
105.T0.13-51-j26-1.7.R,51,5,10,6,9.0,Solo,0.09
105.T0.13-52-j26-1.1.R,52,19,25,14,20.0,Solo,0.05
105.T0.13-55-j26-1.2.R,55,14,25,14,20.0,Solo,0.38
105.T0.13-56-j26-1.16.R,56,17,21,12,17.0,Solo,0.16
105.T0.13-57-j26-1.7.R,57,13,20,11,16.0,Solo,0.25
105.T0.13-58-j26-1.10.R,58,20,15,8,8.0,Gelenk,0.0
105.T0.13-61-j26-5.16.R,61,8,41,23,23.0,Gelenk,0.08
105.T0.13-62-j26-1.2.R,62,12,36,20,20.0,Gelenk,0.15
105.T0.13-65-j26-1.8.R,65,6,40,22,22.0,Gelenk,0.53
105.T0.13-66-j26-1.8.R,66,18,43,24,24.0,Gelenk,0.23
105.T0.13-67-j26-1.10.R,67,9,189,104,104.0,Gelenk,0.28
105.T0.13-68-j26-2.24.R,68,15,133,73,73.0,Gelenk,0.36
105.T0.13-69-j26-1.4.R,69,12,24,13,19.0,Solo,0.69
105.T0.17-708-j26-2.1.H,E8,16,14,8,11.0,Solo,0.25
106.T0.13-31-j26-1.4.R,31,23,1,1,1.0,Gelenk,0.0
106.T0.13-34-j26-1.5.R,34,11,43,24,24.0,Gelenk,0.75
106.T0.13-35-j26-1.4.R,35,6,36,20,20.0,Gelenk,0.5
106.T0.13-36-j26-7.11.R,36,5,60,33,33.0,Gelenk,0.59
106.T0.13-38-j26-1.7.R,38,7,45,25,36.0,Solo,0.19
106.T0.13-40-j26-1.9.R,40,16,40,22,22.0,Gelenk,0.53
106.T0.13-43-j26-2.6.R,43,6,9,5,7.0,Solo,0.67
106.T0.13-44-j26-2.4.R,44,8,28,15,21.0,Solo,0.58
106.T0.13-45-j26-2.10.R,45,21,65,36,36.0,Gelenk,0.42
106.T0.13-46-j26-1.2.R,46,22,22,12,12.0,Gelenk,0.3
106.T0.13-51-j26-1.7.R,51,6,10,6,9.0,Solo,0.09
106.T0.13-52-j26-1.1.R,52,19,18,10,14.0,Solo,0.05
106.T0.13-53-j26-1.12.R,53,13,10,6,9.0,Solo,0.12
106.T0.13-55-j26-1.2.R,55,14,18,10,14.0,Solo,0.38
106.T0.13-56-j26-1.16.R,56,17,42,23,33.0,Solo,0.16
106.T0.13-57-j26-1.7.R,57,13,15,8,11.0,Solo,0.25
106.T0.13-58-j26-1.10.R,58,21,9,5,5.0,Gelenk,0.0
106.T0.13-61-j26-5.13.R,61,8,67,37,37.0,Gelenk,0.06
106.T0.13-62-j26-1.2.R,62,13,94,52,52.0,Gelenk,0.15
106.T0.13-65-j26-1.8.R,65,6,29,16,16.0,Gelenk,0.53
106.T0.13-66-j26-1.7.R,66,18,29,16,16.0,Gelenk,0.26
106.T0.13-67-j26-1.10.R,67,9,110,61,61.0,Gelenk,0.28
106.T0.13-68-j26-2.24.R,68,16,159,87,87.0,Gelenk,0.36
106.T0.13-69-j26-1.4.R,69,12,23,13,19.0,Solo,0.69
106.T0.17-708-j26-2.1.H,E8,16,14,8,11.0,Solo,0.25
107.T0.13-31-j26-1.4.R,31,23,2,1,1.0,Gelenk,0.0
107.T0.13-34-j26-1.5.R,34,11,56,31,31.0,Gelenk,0.75
107.T0.13-35-j26-1.4.R,35,6,31,17,17.0,Gelenk,0.5
107.T0.13-36-j26-7.11.R,36,6,48,26,26.0,Gelenk,0.59
107.T0.13-38-j26-1.5.R,38,8,10,6,9.0,Solo,0.11
107.T0.13-40-j26-1.13.R,40,16,68,37,37.0,Gelenk,0.57
107.T0.13-43-j26-2.6.R,43,7,25,14,20.0,Solo,0.67
107.T0.13-44-j26-2.3.R,44,8,32,18,26.0,Solo,0.52
107.T0.13-45-j26-2.10.R,45,22,34,19,19.0,Gelenk,0.42
107.T0.13-46-j26-1.2.R,46,22,28,15,15.0,Gelenk,0.3
107.T0.13-52-j26-1.1.R,52,20,20,11,16.0,Solo,0.05
107.T0.13-53-j26-1.11.R,53,13,20,11,16.0,Solo,0.09
107.T0.13-55-j26-1.2.R,55,14,28,15,21.0,Solo,0.38
107.T0.13-56-j26-1.16.R,56,17,25,14,20.0,Solo,0.16
107.T0.13-57-j26-1.7.R,57,13,21,12,17.0,Solo,0.25
107.T0.13-58-j26-1.10.R,58,21,10,6,6.0,Gelenk,0.0
107.T0.13-61-j26-5.15.R,61,8,41,23,23.0,Gelenk,0.06
107.T0.13-62-j26-1.2.R,62,13,44,24,24.0,Gelenk,0.15
107.T0.13-65-j26-1.8.R,65,6,66,36,36.0,Gelenk,0.53
107.T0.13-66-j26-1.8.R,66,19,45,25,25.0,Gelenk,0.23
107.T0.13-67-j26-1.10.R,67,10,98,54,54.0,Gelenk,0.28
107.T0.13-68-j26-2.26.R,68,16,17,9,9.0,Gelenk,0.2
107.T0.13-69-j26-1.4.R,69,12,23,13,19.0,Solo,0.69
107.T0.17-708-j26-2.1.H,E8,16,21,12,17.0,Solo,0.25
108.T0.13-31-j26-1.4.R,31,24,2,1,1.0,Gelenk,0.0
108.T0.13-34-j26-1.5.R,34,11,57,31,31.0,Gelenk,0.75
108.T0.13-35-j26-1.4.R,35,6,22,12,12.0,Gelenk,0.5
108.T0.13-36-j26-7.11.R,36,6,62,34,34.0,Gelenk,0.59
108.T0.13-38-j26-1.7.R,38,8,56,31,44.0,Solo,0.19
108.T0.13-40-j26-1.10.R,40,16,48,26,26.0,Gelenk,0.45
108.T0.13-43-j26-2.6.R,43,7,23,13,19.0,Solo,0.67
108.T0.13-44-j26-2.4.R,44,8,32,18,26.0,Solo,0.58
108.T0.13-45-j26-2.10.R,45,22,39,21,21.0,Gelenk,0.42
108.T0.13-46-j26-1.2.R,46,23,28,15,15.0,Gelenk,0.3
108.T0.13-51-j26-1.7.R,51,6,12,7,10.0,Solo,0.09
108.T0.13-52-j26-1.6.R,52,20,15,8,11.0,Solo,0.05
108.T0.13-53-j26-1.11.R,53,13,20,11,16.0,Solo,0.09
108.T0.13-55-j26-1.2.R,55,15,40,22,31.0,Solo,0.38
108.T0.13-56-j26-1.16.R,56,18,10,6,9.0,Solo,0.16
108.T0.13-57-j26-1.7.R,57,14,26,14,20.0,Solo,0.25
108.T0.13-58-j26-1.10.R,58,22,17,9,9.0,Gelenk,0.0
108.T0.13-61-j26-5.34.R,61,8,43,24,24.0,Gelenk,0.12
108.T0.13-65-j26-1.8.R,65,6,36,20,20.0,Gelenk,0.53
108.T0.13-66-j26-1.7.R,66,19,16,9,9.0,Gelenk,0.26
108.T0.13-67-j26-1.10.R,67,10,97,53,53.0,Gelenk,0.28
108.T0.13-68-j26-2.24.R,68,16,159,87,87.0,Gelenk,0.36
108.T0.13-69-j26-1.4.R,69,13,21,12,17.0,Solo,0.69
108.T0.17-708-j26-2.1.H,E8,16,19,10,14.0,Solo,0.25
109.T0.13-34-j26-1.5.R,34,12,55,30,30.0,Gelenk,0.75
109.T0.13-35-j26-1.4.R,35,6,33,18,18.0,Gelenk,0.5
109.T0.13-36-j26-7.11.R,36,6,38,21,21.0,Gelenk,0.59
109.T0.13-38-j26-1.5.R,38,8,13,7,10.0,Solo,0.11
109.T0.13-40-j26-1.13.R,40,17,87,48,48.0,Gelenk,0.57
109.T0.13-43-j26-2.6.R,43,7,30,16,23.0,Solo,0.67
109.T0.13-44-j26-2.3.R,44,9,40,22,31.0,Solo,0.52
109.T0.13-45-j26-2.10.R,45,23,58,32,32.0,Gelenk,0.42
109.T0.13-46-j26-1.7.R,46,24,8,4,4.0,Gelenk,0.11
109.T0.13-51-j26-1.7.R,51,6,19,10,14.0,Solo,0.09
109.T0.13-52-j26-1.7.R,52,20,5,3,4.0,Solo,0.09
109.T0.13-55-j26-1.2.R,55,15,34,19,27.0,Solo,0.38
109.T0.13-56-j26-1.16.R,56,18,18,10,14.0,Solo,0.16
109.T0.13-57-j26-1.7.R,57,14,28,15,21.0,Solo,0.25
109.T0.13-58-j26-1.10.R,58,23,5,3,3.0,Gelenk,0.0
109.T0.13-61-j26-5.15.R,61,9,43,24,24.0,Gelenk,0.06
109.T0.13-62-j26-1.14.R,62,13,33,18,18.0,Gelenk,0.16
109.T0.13-65-j26-1.8.R,65,6,48,26,26.0,Gelenk,0.53
109.T0.13-66-j26-1.8.R,66,19,29,16,16.0,Gelenk,0.23
109.T0.13-67-j26-1.10.R,67,10,120,66,66.0,Gelenk,0.28
109.T0.13-68-j26-2.24.R,68,16,125,69,69.0,Gelenk,0.36
109.T0.13-69-j26-1.4.R,69,13,49,27,39.0,Solo,0.69
109.T0.17-708-j26-2.1.H,E8,16,18,10,14.0,Solo,0.25
11.T0.13-21-j26-1.1.H,21,7,30,16,23.0,Solo,0.38
11.T0.13-30-j26-2.13.H,30,7,27,15,21.0,Solo,0.28
11.T0.13-31-j26-1.7.H,31,7,56,31,31.0,Gelenk,0.08
11.T0.13-32-j26-2.2.H,32,7,2,1,1.0,Solo,0.5
11.T0.13-34-j26-1.1.H,34,6,47,26,26.0,Gelenk,0.78
11.T0.13-35-j26-1.3.H,35,6,40,22,22.0,Gelenk,0.5
11.T0.13-36-j26-7.9.H,36,7,68,37,37.0,Gelenk,0.57
11.T0.13-37-j26-1.1.H,37,7,103,57,57.0,Gelenk,0.39
11.T0.13-38-j26-1.2.H,38,6,7,4,6.0,Solo,0.11
11.T0.13-40-j26-1.3.H,40,7,33,18,18.0,Gelenk,0.39
11.T0.13-43-j26-2.5.H,43,6,21,12,17.0,Solo,0.5
11.T0.13-44-j26-2.2.H,44,7,34,19,27.0,Solo,0.58
11.T0.13-45-j26-2.6.H,45,7,153,84,84.0,Gelenk,0.44
11.T0.13-46-j26-1.4.H,46,8,105,58,58.0,Gelenk,0.33
11.T0.13-47-j26-1.5.H,47,7,30,16,16.0,Gelenk,0.25
11.T0.13-49-j26-1.1.H,49,16,6,3,4.0,Solo,0.2
11.T0.13-50-j26-1.1.H,50,12,30,16,23.0,Solo,0.14
11.T0.13-51-j26-1.4.H,51,7,23,13,19.0,Solo,0.09
11.T0.13-52-j26-1.5.H,52,8,41,23,33.0,Solo,0.1
11.T0.13-53-j26-1.1.H,53,7,12,7,10.0,Solo,0.13
11.T0.13-54-j26-1.1.H,54,8,25,14,20.0,Solo,0.21
11.T0.13-55-j26-1.1.H,55,7,20,11,16.0,Solo,0.38
11.T0.13-56-j26-1.10.H,56,7,18,10,14.0,Solo,0.16
11.T0.13-57-j26-1.5.H,57,7,26,14,20.0,Solo,0.19
11.T0.13-58-j26-1.7.H,58,7,32,18,18.0,Gelenk,0.0
11.T0.13-59-j26-1.1.H,59,10,24,13,19.0,Solo,0.25
11.T0.13-60-j26-1.2.R,60,6,22,12,12.0,Gelenk,0.28
11.T0.13-61-j26-5.28.H,61,6,20,11,11.0,Gelenk,0.07
11.T0.13-62-j26-1.1.H,62,7,48,26,26.0,Gelenk,0.12
11.T0.13-65-j26-1.2.H,65,6,42,23,23.0,Gelenk,0.55
11.T0.13-66-j26-1.2.H,66,8,74,41,41.0,Gelenk,0.21
11.T0.13-67-j26-1.2.H,67,6,53,29,29.0,Gelenk,0.28
11.T0.13-68-j26-2.20.H,68,6,12,7,7.0,Gelenk,0.07
11.T0.13-69-j26-1.3.H,69,6,18,10,14.0,Solo,0.72
11.T0.13-73-j26-4.5.H,73,8,39,21,21.0,Gelenk,0.53
11.T0.13-82-j26-3.1.H,82,9,29,16,23.0,Solo,0.25
11.T0.13-84-j26-1.1.H,84,10,5,3,4.0,Solo,1.0
11.T0.17-708-j26-2.1.H,E8,6,9,5,7.0,Solo,0.25
110.T0.13-34-j26-1.5.R,34,12,58,32,32.0,Gelenk,0.75
110.T0.13-35-j26-1.4.R,35,7,87,48,48.0,Gelenk,0.5
110.T0.13-36-j26-7.11.R,36,6,41,23,23.0,Gelenk,0.59
110.T0.13-38-j26-1.7.R,38,8,41,23,33.0,Solo,0.19
110.T0.13-40-j26-1.10.R,40,17,69,38,38.0,Gelenk,0.45
110.T0.13-43-j26-2.6.R,43,7,32,18,26.0,Solo,0.67
110.T0.13-44-j26-2.4.R,44,9,26,14,20.0,Solo,0.58
110.T0.13-45-j26-2.10.R,45,24,55,30,30.0,Gelenk,0.42
110.T0.13-51-j26-1.7.R,51,6,15,8,11.0,Solo,0.09
110.T0.13-52-j26-1.8.R,52,20,4,2,3.0,Solo,0.0
110.T0.13-53-j26-1.11.R,53,14,25,14,20.0,Solo,0.09
110.T0.13-55-j26-1.2.R,55,15,50,28,40.0,Solo,0.38
110.T0.13-56-j26-1.16.R,56,18,18,10,14.0,Solo,0.16
110.T0.13-57-j26-1.7.R,57,14,17,9,13.0,Solo,0.25
110.T0.13-58-j26-1.10.R,58,23,9,5,5.0,Gelenk,0.0
110.T0.13-61-j26-5.34.R,61,9,41,23,23.0,Gelenk,0.12
110.T0.13-62-j26-1.2.R,62,14,48,26,26.0,Gelenk,0.15
110.T0.13-65-j26-1.8.R,65,6,54,30,30.0,Gelenk,0.53
110.T0.13-66-j26-1.7.R,66,20,12,7,7.0,Gelenk,0.26
110.T0.13-67-j26-1.10.R,67,11,73,40,40.0,Gelenk,0.28
110.T0.13-68-j26-2.24.R,68,17,71,39,39.0,Gelenk,0.36
110.T0.13-69-j26-1.4.R,69,13,25,14,20.0,Solo,0.69
110.T0.17-708-j26-2.1.H,E8,16,17,9,13.0,Solo,0.25
111.T0.13-34-j26-1.5.R,34,12,69,38,38.0,Gelenk,0.75
111.T0.13-35-j26-1.4.R,35,7,64,35,35.0,Gelenk,0.5
111.T0.13-36-j26-7.11.R,36,6,35,19,19.0,Gelenk,0.59
111.T0.13-38-j26-1.5.R,38,8,8,4,6.0,Solo,0.11
111.T0.13-40-j26-1.13.R,40,17,64,35,35.0,Gelenk,0.57
111.T0.13-43-j26-2.6.R,43,7,23,13,19.0,Solo,0.67
111.T0.13-44-j26-2.3.R,44,9,29,16,23.0,Solo,0.52
111.T0.13-51-j26-1.10.R,51,6,11,6,9.0,Solo,0.11
111.T0.13-52-j26-1.6.R,52,21,22,12,17.0,Solo,0.05
111.T0.13-53-j26-1.11.R,53,14,26,14,20.0,Solo,0.09
111.T0.13-55-j26-1.2.R,55,16,34,19,27.0,Solo,0.38
111.T0.13-56-j26-1.16.R,56,19,15,8,11.0,Solo,0.16
111.T0.13-57-j26-1.7.R,57,15,14,8,11.0,Solo,0.25
111.T0.13-61-j26-5.15.R,61,10,24,13,13.0,Gelenk,0.06
111.T0.13-62-j26-1.2.R,62,14,49,27,27.0,Gelenk,0.15
111.T0.13-65-j26-1.8.R,65,7,81,45,45.0,Gelenk,0.53
111.T0.13-66-j26-1.8.R,66,20,23,13,13.0,Gelenk,0.23
111.T0.13-67-j26-1.10.R,67,11,114,63,63.0,Gelenk,0.28
111.T0.13-68-j26-2.24.R,68,17,100,55,55.0,Gelenk,0.36
111.T0.13-69-j26-1.4.R,69,14,25,14,20.0,Solo,0.69
111.T0.17-708-j26-2.1.H,E8,16,19,10,14.0,Solo,0.25
112.T0.13-34-j26-1.5.R,34,13,40,22,22.0,Gelenk,0.75
112.T0.13-35-j26-1.4.R,35,7,43,24,24.0,Gelenk,0.5
112.T0.13-36-j26-7.11.R,36,6,34,19,19.0,Gelenk,0.59
112.T0.13-38-j26-1.7.R,38,8,28,15,21.0,Solo,0.19
112.T0.13-40-j26-1.10.R,40,18,74,41,41.0,Gelenk,0.45
112.T0.13-43-j26-2.6.R,43,7,32,18,26.0,Solo,0.67
112.T0.13-44-j26-2.4.R,44,9,24,13,19.0,Solo,0.58
112.T0.13-51-j26-1.9.R,51,6,19,10,14.0,Solo,0.15
112.T0.13-52-j26-1.9.R,52,21,6,3,4.0,Solo,0.09
112.T0.13-55-j26-1.2.R,55,16,44,24,34.0,Solo,0.38
112.T0.13-56-j26-1.16.R,56,19,13,7,10.0,Solo,0.16
112.T0.13-57-j26-1.7.R,57,15,24,13,19.0,Solo,0.25
112.T0.13-61-j26-5.34.R,61,10,30,16,16.0,Gelenk,0.12
112.T0.13-62-j26-1.2.R,62,14,38,21,21.0,Gelenk,0.15
112.T0.13-65-j26-1.8.R,65,7,57,31,31.0,Gelenk,0.53
112.T0.13-66-j26-1.7.R,66,20,13,7,7.0,Gelenk,0.26
112.T0.13-67-j26-1.10.R,67,11,80,44,44.0,Gelenk,0.28
112.T0.13-68-j26-2.24.R,68,17,97,53,53.0,Gelenk,0.36
112.T0.13-69-j26-1.7.R,69,14,39,21,30.0,Solo,0.61
112.T0.17-708-j26-2.1.H,E8,16,24,13,19.0,Solo,0.25
113.T0.13-34-j26-1.5.R,34,13,46,25,25.0,Gelenk,0.75
113.T0.13-35-j26-1.4.R,35,7,66,36,36.0,Gelenk,0.5
113.T0.13-36-j26-7.11.R,36,7,54,30,30.0,Gelenk,0.59
113.T0.13-38-j26-1.7.R,38,9,46,25,36.0,Solo,0.19
113.T0.13-40-j26-1.14.R,40,18,28,15,15.0,Gelenk,1.0
113.T0.13-43-j26-2.6.R,43,8,15,8,11.0,Solo,0.67
113.T0.13-44-j26-2.3.R,44,9,33,18,26.0,Solo,0.52
113.T0.13-51-j26-1.7.R,51,6,11,6,9.0,Solo,0.09
113.T0.13-52-j26-1.10.R,52,22,1,1,1.0,Solo,0.25
113.T0.13-53-j26-1.11.R,53,14,17,9,13.0,Solo,0.09
113.T0.13-55-j26-1.2.R,55,16,27,15,21.0,Solo,0.38
113.T0.13-56-j26-1.16.R,56,19,14,8,11.0,Solo,0.16
113.T0.13-57-j26-1.7.R,57,15,16,9,13.0,Solo,0.25
113.T0.13-61-j26-5.15.R,61,10,27,15,15.0,Gelenk,0.06
113.T0.13-62-j26-1.2.R,62,14,51,28,28.0,Gelenk,0.15
113.T0.13-65-j26-1.8.R,65,7,92,51,51.0,Gelenk,0.53
113.T0.13-66-j26-1.7.R,66,21,11,6,6.0,Gelenk,0.26
113.T0.13-67-j26-1.10.R,67,12,81,45,45.0,Gelenk,0.28
113.T0.13-68-j26-2.24.R,68,18,110,61,61.0,Gelenk,0.36
113.T0.13-69-j26-1.4.R,69,14,24,13,19.0,Solo,0.69
113.T0.17-708-j26-2.1.H,E8,16,20,11,16.0,Solo,0.25
114.T0.13-34-j26-1.5.R,34,13,72,40,40.0,Gelenk,0.75
114.T0.13-35-j26-1.4.R,35,7,58,32,32.0,Gelenk,0.5
114.T0.13-36-j26-7.11.R,36,7,77,42,42.0,Gelenk,0.59
114.T0.13-38-j26-1.7.R,38,9,66,36,51.0,Solo,0.19
114.T0.13-40-j26-1.8.R,40,18,79,43,43.0,Gelenk,0.5
114.T0.13-43-j26-2.6.R,43,8,25,14,20.0,Solo,0.67
114.T0.13-44-j26-2.3.R,44,10,34,19,27.0,Solo,0.52
114.T0.13-52-j26-1.6.R,52,22,13,7,10.0,Solo,0.05
114.T0.13-53-j26-1.11.R,53,15,19,10,14.0,Solo,0.09
114.T0.13-55-j26-1.2.R,55,17,35,19,27.0,Solo,0.38
114.T0.13-56-j26-1.16.R,56,20,14,8,11.0,Solo,0.16
114.T0.13-57-j26-1.7.R,57,15,18,10,14.0,Solo,0.25
114.T0.13-61-j26-5.34.R,61,10,24,13,13.0,Gelenk,0.12
114.T0.13-62-j26-1.13.R,62,15,20,11,11.0,Gelenk,0.17
114.T0.13-65-j26-1.8.R,65,7,39,21,21.0,Gelenk,0.53
114.T0.13-66-j26-1.7.R,66,21,9,5,5.0,Gelenk,0.26
114.T0.13-67-j26-1.10.R,67,12,104,57,57.0,Gelenk,0.28
114.T0.13-68-j26-2.24.R,68,18,78,43,43.0,Gelenk,0.36
114.T0.13-69-j26-1.7.R,69,14,52,29,41.0,Solo,0.61
114.T0.17-708-j26-2.1.H,E8,16,20,11,16.0,Solo,0.25
115.T0.13-34-j26-1.5.R,34,14,51,28,28.0,Gelenk,0.75
115.T0.13-35-j26-1.4.R,35,7,65,36,36.0,Gelenk,0.5
115.T0.13-36-j26-7.12.R,36,7,25,14,14.0,Gelenk,0.78
115.T0.13-38-j26-1.7.R,38,9,38,21,30.0,Solo,0.19
115.T0.13-40-j26-1.8.R,40,19,27,15,15.0,Gelenk,0.5
115.T0.13-43-j26-2.6.R,43,8,29,16,23.0,Solo,0.67
115.T0.13-44-j26-2.3.R,44,10,30,16,23.0,Solo,0.52
115.T0.13-51-j26-1.9.R,51,6,24,13,19.0,Solo,0.15
115.T0.13-52-j26-1.9.R,52,22,2,1,1.0,Solo,0.09
115.T0.13-53-j26-1.11.R,53,15,23,13,19.0,Solo,0.09
115.T0.13-55-j26-1.2.R,55,17,61,34,49.0,Solo,0.38
115.T0.13-56-j26-1.16.R,56,20,15,8,11.0,Solo,0.16
115.T0.13-57-j26-1.7.R,57,15,24,13,19.0,Solo,0.25
115.T0.13-61-j26-5.15.R,61,11,30,16,16.0,Gelenk,0.06
115.T0.13-62-j26-1.2.R,62,15,36,20,20.0,Gelenk,0.15
115.T0.13-65-j26-1.8.R,65,7,65,36,36.0,Gelenk,0.53
115.T0.13-66-j26-1.7.R,66,21,12,7,7.0,Gelenk,0.26
115.T0.13-67-j26-1.10.R,67,12,96,53,53.0,Gelenk,0.28
115.T0.13-68-j26-2.24.R,68,18,94,52,52.0,Gelenk,0.36
115.T0.13-69-j26-1.4.R,69,15,16,9,13.0,Solo,0.69
115.T0.17-708-j26-2.1.H,E8,17,27,15,21.0,Solo,0.25
116.T0.13-34-j26-1.5.R,34,14,86,47,47.0,Gelenk,0.75
116.T0.13-35-j26-1.4.R,35,8,60,33,33.0,Gelenk,0.5
116.T0.13-36-j26-7.11.R,36,7,66,36,36.0,Gelenk,0.59
116.T0.13-38-j26-1.7.R,38,10,39,21,30.0,Solo,0.19
116.T0.13-40-j26-1.8.R,40,19,24,13,13.0,Gelenk,0.5
116.T0.13-43-j26-2.6.R,43,8,31,17,24.0,Solo,0.67
116.T0.13-44-j26-2.3.R,44,10,21,12,17.0,Solo,0.52
116.T0.13-51-j26-1.11.R,51,7,24,13,19.0,Solo,0.18
116.T0.13-52-j26-1.6.R,52,22,6,3,4.0,Solo,0.05
116.T0.13-53-j26-1.11.R,53,15,16,9,13.0,Solo,0.09
116.T0.13-55-j26-1.2.R,55,17,45,25,36.0,Solo,0.38
116.T0.13-56-j26-1.16.R,56,21,16,9,13.0,Solo,0.16
116.T0.13-57-j26-1.7.R,57,16,15,8,11.0,Solo,0.25
116.T0.13-61-j26-5.34.R,61,11,25,14,14.0,Gelenk,0.12
116.T0.13-62-j26-1.13.R,62,15,14,8,8.0,Gelenk,0.17
116.T0.13-65-j26-1.8.R,65,7,57,31,31.0,Gelenk,0.53
116.T0.13-66-j26-1.7.R,66,22,25,14,14.0,Gelenk,0.26
116.T0.13-67-j26-1.10.R,67,13,129,71,71.0,Gelenk,0.28
116.T0.13-68-j26-2.24.R,68,19,50,28,28.0,Gelenk,0.36
116.T0.13-69-j26-1.7.R,69,15,28,15,21.0,Solo,0.61
116.T0.17-708-j26-2.1.H,E8,17,16,9,13.0,Solo,0.25
117.T0.13-34-j26-1.5.R,34,14,61,34,34.0,Gelenk,0.75
117.T0.13-35-j26-1.4.R,35,8,56,31,31.0,Gelenk,0.5
117.T0.13-36-j26-7.13.R,36,7,68,37,37.0,Gelenk,0.68
117.T0.13-38-j26-1.7.R,38,10,42,23,33.0,Solo,0.19
117.T0.13-40-j26-1.8.R,40,19,28,15,15.0,Gelenk,0.5
117.T0.13-43-j26-2.6.R,43,8,29,16,23.0,Solo,0.67
117.T0.13-44-j26-2.3.R,44,11,22,12,17.0,Solo,0.52
117.T0.13-51-j26-1.9.R,51,7,39,21,30.0,Solo,0.15
117.T0.13-52-j26-1.9.R,52,22,4,2,3.0,Solo,0.09
117.T0.13-53-j26-1.11.R,53,16,21,12,17.0,Solo,0.09
117.T0.13-55-j26-1.2.R,55,18,19,10,14.0,Solo,0.38
117.T0.13-56-j26-1.19.R,56,21,1,1,1.0,Solo,0.2
117.T0.13-57-j26-1.7.R,57,16,17,9,13.0,Solo,0.25
117.T0.13-61-j26-5.20.R,61,12,23,13,13.0,Gelenk,0.0
117.T0.13-62-j26-1.2.R,62,15,28,15,15.0,Gelenk,0.15
117.T0.13-65-j26-1.8.R,65,8,94,52,52.0,Gelenk,0.53
117.T0.13-66-j26-1.7.R,66,23,13,7,7.0,Gelenk,0.26
117.T0.13-67-j26-1.10.R,67,13,124,68,68.0,Gelenk,0.28
117.T0.13-68-j26-2.24.R,68,19,85,47,47.0,Gelenk,0.36
117.T0.13-69-j26-1.4.R,69,15,18,10,14.0,Solo,0.69
117.T0.17-708-j26-2.1.H,E8,17,18,10,14.0,Solo,0.25
118.T0.13-34-j26-1.5.R,34,15,35,19,19.0,Gelenk,0.75
118.T0.13-35-j26-1.4.R,35,8,61,34,34.0,Gelenk,0.5
118.T0.13-36-j26-7.11.R,36,7,48,26,26.0,Gelenk,0.59
118.T0.13-38-j26-1.7.R,38,10,41,23,33.0,Solo,0.19
118.T0.13-40-j26-1.8.R,40,20,17,9,9.0,Gelenk,0.5
118.T0.13-43-j26-2.6.R,43,8,33,18,26.0,Solo,0.67
118.T0.13-44-j26-2.3.R,44,11,15,8,11.0,Solo,0.52
118.T0.13-52-j26-1.6.R,52,23,8,4,6.0,Solo,0.05
118.T0.13-53-j26-1.11.R,53,16,17,9,13.0,Solo,0.09
118.T0.13-55-j26-1.2.R,55,18,20,11,16.0,Solo,0.38
118.T0.13-56-j26-1.19.R,56,21,1,1,1.0,Solo,0.2
118.T0.13-57-j26-1.7.R,57,16,17,9,13.0,Solo,0.25
118.T0.13-61-j26-5.15.R,61,12,26,14,14.0,Gelenk,0.06
118.T0.13-62-j26-1.13.R,62,15,28,15,15.0,Gelenk,0.17
118.T0.13-65-j26-1.8.R,65,8,68,37,37.0,Gelenk,0.53
118.T0.13-66-j26-1.7.R,66,23,9,5,5.0,Gelenk,0.26
118.T0.13-67-j26-1.14.R,67,13,25,14,14.0,Gelenk,0.27
118.T0.13-68-j26-2.24.R,68,19,68,37,37.0,Gelenk,0.36
118.T0.13-69-j26-1.7.R,69,15,28,15,21.0,Solo,0.61
118.T0.17-708-j26-2.1.H,E8,17,27,15,21.0,Solo,0.25
119.T0.13-34-j26-1.5.R,34,15,42,23,23.0,Gelenk,0.75
119.T0.13-35-j26-1.4.R,35,8,91,50,50.0,Gelenk,0.5
119.T0.13-36-j26-7.11.R,36,7,69,38,38.0,Gelenk,0.59
119.T0.13-38-j26-1.7.R,38,11,33,18,26.0,Solo,0.19
119.T0.13-40-j26-1.8.R,40,20,17,9,9.0,Gelenk,0.5
119.T0.13-43-j26-2.6.R,43,9,16,9,13.0,Solo,0.67
119.T0.13-44-j26-2.3.R,44,11,19,10,14.0,Solo,0.52
119.T0.13-51-j26-1.12.R,51,7,24,13,19.0,Solo,0.15
119.T0.13-52-j26-1.9.R,52,23,3,2,3.0,Solo,0.09
119.T0.13-53-j26-1.11.R,53,16,28,15,21.0,Solo,0.09
119.T0.13-55-j26-1.2.R,55,18,24,13,19.0,Solo,0.38
119.T0.13-56-j26-1.16.R,56,21,10,6,9.0,Solo,0.16
119.T0.13-57-j26-1.7.R,57,16,23,13,19.0,Solo,0.25
119.T0.13-61-j26-5.34.R,61,12,36,20,20.0,Gelenk,0.12
119.T0.13-62-j26-1.2.R,62,15,30,16,16.0,Gelenk,0.15
119.T0.13-65-j26-1.8.R,65,8,55,30,30.0,Gelenk,0.53
119.T0.13-67-j26-1.10.R,67,13,133,73,73.0,Gelenk,0.28
119.T0.13-68-j26-2.28.R,68,20,60,33,33.0,Gelenk,0.24
119.T0.13-69-j26-1.4.R,69,15,13,7,10.0,Solo,0.69
119.T0.17-708-j26-2.1.H,E8,17,23,13,19.0,Solo,0.25
12.T0.13-21-j26-1.1.H,21,8,42,23,33.0,Solo,0.38
12.T0.13-30-j26-2.13.H,30,7,22,12,17.0,Solo,0.28
12.T0.13-31-j26-1.8.H,31,7,3,2,2.0,Gelenk,0.2
12.T0.13-32-j26-2.2.H,32,8,2,1,1.0,Solo,0.5
12.T0.13-34-j26-1.1.H,34,6,45,25,25.0,Gelenk,0.78
12.T0.13-35-j26-1.3.H,35,6,46,25,25.0,Gelenk,0.5
12.T0.13-36-j26-7.9.H,36,7,76,42,42.0,Gelenk,0.57
12.T0.13-37-j26-1.1.H,37,8,162,89,89.0,Gelenk,0.39
12.T0.13-38-j26-1.1.H,38,7,29,16,23.0,Solo,0.19
12.T0.13-40-j26-1.5.H,40,7,20,11,11.0,Gelenk,0.46
12.T0.13-43-j26-2.5.H,43,6,23,13,19.0,Solo,0.5
12.T0.13-44-j26-2.1.H,44,7,25,14,20.0,Solo,0.52
12.T0.13-45-j26-2.6.H,45,7,137,75,75.0,Gelenk,0.44
12.T0.13-46-j26-1.4.H,46,8,149,82,82.0,Gelenk,0.33
12.T0.13-47-j26-1.5.H,47,8,56,31,31.0,Gelenk,0.25
12.T0.13-49-j26-1.1.H,49,16,5,3,4.0,Solo,0.2
12.T0.13-50-j26-1.2.H,50,13,5,3,4.0,Solo,0.08
12.T0.13-51-j26-1.4.H,51,7,32,18,26.0,Solo,0.09
12.T0.13-52-j26-1.5.H,52,8,20,11,16.0,Solo,0.1
12.T0.13-53-j26-1.1.H,53,8,21,12,17.0,Solo,0.13
12.T0.13-54-j26-1.1.H,54,8,47,26,37.0,Solo,0.21
12.T0.13-55-j26-1.1.H,55,7,12,7,10.0,Solo,0.38
12.T0.13-56-j26-1.10.H,56,7,19,10,14.0,Solo,0.16
12.T0.13-57-j26-1.5.H,57,7,16,9,13.0,Solo,0.19
12.T0.13-58-j26-1.5.H,58,7,41,23,23.0,Gelenk,0.14
12.T0.13-60-j26-1.2.R,60,7,44,24,24.0,Gelenk,0.28
12.T0.13-62-j26-1.1.H,62,7,39,21,21.0,Gelenk,0.12
12.T0.13-65-j26-1.2.H,65,6,26,14,14.0,Gelenk,0.55
12.T0.13-66-j26-1.1.H,66,8,52,29,29.0,Gelenk,0.25
12.T0.13-67-j26-1.2.H,67,6,43,24,24.0,Gelenk,0.28
12.T0.13-68-j26-2.17.H,68,6,94,52,52.0,Gelenk,0.31
12.T0.13-69-j26-1.5.H,69,7,35,19,27.0,Solo,0.65
12.T0.13-73-j26-4.5.H,73,8,35,19,19.0,Gelenk,0.53
12.T0.13-82-j26-3.1.H,82,9,31,17,24.0,Solo,0.25
12.T0.13-84-j26-1.1.H,84,10,5,3,4.0,Solo,1.0
12.T0.17-708-j26-2.1.H,E8,6,13,7,10.0,Solo,0.25
120.T0.13-34-j26-1.5.R,34,15,25,14,14.0,Gelenk,0.75
120.T0.13-35-j26-1.4.R,35,8,63,35,35.0,Gelenk,0.5
120.T0.13-36-j26-7.14.R,36,7,21,12,12.0,Gelenk,0.57
120.T0.13-38-j26-1.5.R,38,11,10,6,9.0,Solo,0.11
120.T0.13-40-j26-1.8.R,40,20,14,8,8.0,Gelenk,0.5
120.T0.13-43-j26-2.6.R,43,9,23,13,19.0,Solo,0.67
120.T0.13-44-j26-2.4.R,44,11,21,12,17.0,Solo,0.58
120.T0.13-51-j26-1.7.R,51,7,15,8,11.0,Solo,0.09
120.T0.13-52-j26-1.8.R,52,23,2,1,1.0,Solo,0.0
120.T0.13-53-j26-1.11.R,53,17,29,16,23.0,Solo,0.09
120.T0.13-55-j26-1.2.R,55,19,14,8,11.0,Solo,0.38
120.T0.13-56-j26-1.19.R,56,21,1,1,1.0,Solo,0.2
120.T0.13-57-j26-1.7.R,57,16,16,9,13.0,Solo,0.25
120.T0.13-61-j26-5.15.R,61,12,28,15,15.0,Gelenk,0.06
120.T0.13-62-j26-1.13.R,62,16,36,20,20.0,Gelenk,0.17
120.T0.13-65-j26-1.8.R,65,8,56,31,31.0,Gelenk,0.53
120.T0.13-67-j26-1.10.R,67,14,88,48,48.0,Gelenk,0.28
120.T0.13-68-j26-2.28.R,68,20,50,28,28.0,Gelenk,0.24
120.T0.13-69-j26-1.7.R,69,15,23,13,19.0,Solo,0.61
120.T0.17-708-j26-2.1.H,E8,17,32,18,26.0,Solo,0.25
121.T0.13-34-j26-1.5.R,34,15,30,16,16.0,Gelenk,0.75
121.T0.13-35-j26-1.4.R,35,8,30,16,16.0,Gelenk,0.5
121.T0.13-36-j26-7.11.R,36,7,105,58,58.0,Gelenk,0.59
121.T0.13-38-j26-1.7.R,38,11,67,37,53.0,Solo,0.19
121.T0.13-40-j26-1.8.R,40,21,18,10,10.0,Gelenk,0.5
121.T0.13-43-j26-2.6.R,43,9,13,7,10.0,Solo,0.67
121.T0.13-44-j26-2.3.R,44,12,21,12,17.0,Solo,0.52
121.T0.13-51-j26-1.7.R,51,7,20,11,16.0,Solo,0.09
121.T0.13-52-j26-1.9.R,52,24,3,2,3.0,Solo,0.09
121.T0.13-53-j26-1.11.R,53,17,21,12,17.0,Solo,0.09
121.T0.13-55-j26-1.2.R,55,19,19,10,14.0,Solo,0.38
121.T0.13-56-j26-1.16.R,56,22,11,6,9.0,Solo,0.16
121.T0.13-57-j26-1.7.R,57,16,12,7,10.0,Solo,0.25
121.T0.13-61-j26-5.18.R,61,12,35,19,19.0,Gelenk,0.04
121.T0.13-62-j26-1.2.R,62,16,60,33,33.0,Gelenk,0.15
121.T0.13-65-j26-1.8.R,65,8,68,37,37.0,Gelenk,0.53
121.T0.13-67-j26-1.10.R,67,14,72,40,40.0,Gelenk,0.28
121.T0.13-68-j26-2.26.R,68,20,12,7,7.0,Gelenk,0.2
121.T0.13-69-j26-1.4.R,69,16,26,14,20.0,Solo,0.69
121.T0.17-708-j26-2.1.H,E8,17,15,8,11.0,Solo,0.25
122.T0.13-34-j26-1.5.R,34,15,40,22,22.0,Gelenk,0.75
122.T0.13-35-j26-1.4.R,35,9,32,18,18.0,Gelenk,0.5
122.T0.13-36-j26-7.1.R,36,8,125,69,69.0,Gelenk,0.59
122.T0.13-38-j26-1.5.R,38,11,9,5,7.0,Solo,0.11
122.T0.13-40-j26-1.8.R,40,21,31,17,17.0,Gelenk,0.5
122.T0.13-43-j26-2.6.R,43,9,16,9,13.0,Solo,0.67
122.T0.13-44-j26-2.4.R,44,12,26,14,20.0,Solo,0.58
122.T0.13-52-j26-1.8.R,52,24,2,1,1.0,Solo,0.0
122.T0.13-53-j26-1.11.R,53,17,22,12,17.0,Solo,0.09
122.T0.13-55-j26-1.2.R,55,19,17,9,13.0,Solo,0.38
122.T0.13-56-j26-1.19.R,56,22,1,1,1.0,Solo,0.2
122.T0.13-57-j26-1.7.R,57,17,17,9,13.0,Solo,0.25
122.T0.13-62-j26-1.13.R,62,16,22,12,12.0,Gelenk,0.17
122.T0.13-65-j26-1.8.R,65,8,65,36,36.0,Gelenk,0.53
122.T0.13-67-j26-1.12.R,67,14,13,7,7.0,Gelenk,0.31
122.T0.13-68-j26-2.26.R,68,21,19,10,10.0,Gelenk,0.2
122.T0.13-69-j26-1.7.R,69,16,28,15,21.0,Solo,0.61
122.T0.17-708-j26-2.1.H,E8,18,13,7,10.0,Solo,0.25
123.T0.13-34-j26-1.5.R,34,16,27,15,15.0,Gelenk,0.75
123.T0.13-35-j26-1.4.R,35,9,40,22,22.0,Gelenk,0.5
123.T0.13-36-j26-7.11.R,36,8,69,38,38.0,Gelenk,0.59
123.T0.13-38-j26-1.7.R,38,11,19,10,14.0,Solo,0.19
123.T0.13-40-j26-1.8.R,40,22,24,13,13.0,Gelenk,0.5
123.T0.13-43-j26-2.6.R,43,9,22,12,17.0,Solo,0.67
123.T0.13-44-j26-2.3.R,44,12,19,10,14.0,Solo,0.52
123.T0.13-51-j26-1.7.R,51,7,15,8,11.0,Solo,0.09
123.T0.13-53-j26-1.11.R,53,18,26,14,20.0,Solo,0.09
123.T0.13-55-j26-1.2.R,55,20,13,7,10.0,Solo,0.38
123.T0.13-56-j26-1.16.R,56,23,12,7,10.0,Solo,0.16
123.T0.13-57-j26-1.7.R,57,17,20,11,16.0,Solo,0.25
123.T0.13-61-j26-5.17.R,61,12,33,18,18.0,Gelenk,0.04
123.T0.13-62-j26-1.2.R,62,16,35,19,19.0,Gelenk,0.15
123.T0.13-65-j26-1.8.R,65,9,53,29,29.0,Gelenk,0.53
123.T0.13-67-j26-1.10.R,67,14,92,51,51.0,Gelenk,0.28
123.T0.13-69-j26-1.4.R,69,16,30,16,23.0,Solo,0.69
123.T0.17-708-j26-2.1.H,E8,18,17,9,13.0,Solo,0.25
124.T0.13-34-j26-1.5.R,34,16,37,20,20.0,Gelenk,0.75
124.T0.13-35-j26-1.4.R,35,9,32,18,18.0,Gelenk,0.5
124.T0.13-36-j26-7.1.R,36,8,96,53,53.0,Gelenk,0.59
124.T0.13-38-j26-1.5.R,38,12,15,8,11.0,Solo,0.11
124.T0.13-40-j26-1.8.R,40,23,11,6,6.0,Gelenk,0.5
124.T0.13-43-j26-2.6.R,43,10,23,13,19.0,Solo,0.67
124.T0.13-44-j26-2.4.R,44,12,24,13,19.0,Solo,0.58
124.T0.13-51-j26-1.7.R,51,7,20,11,16.0,Solo,0.09
124.T0.13-53-j26-1.11.R,53,18,27,15,21.0,Solo,0.09
124.T0.13-55-j26-1.2.R,55,20,7,4,6.0,Solo,0.38
124.T0.13-56-j26-1.19.R,56,23,0,0,0.0,Solo,0.2
124.T0.13-57-j26-1.7.R,57,17,15,8,11.0,Solo,0.25
124.T0.13-61-j26-5.18.R,61,13,22,12,12.0,Gelenk,0.04
124.T0.13-62-j26-1.13.R,62,16,26,14,14.0,Gelenk,0.17
124.T0.13-65-j26-1.8.R,65,9,35,19,19.0,Gelenk,0.53
124.T0.13-67-j26-1.10.R,67,14,75,41,41.0,Gelenk,0.28
124.T0.13-69-j26-1.7.R,69,16,38,21,30.0,Solo,0.61
124.T0.17-708-j26-2.1.H,E8,18,18,10,14.0,Solo,0.25
125.T0.13-34-j26-1.5.R,34,16,32,18,18.0,Gelenk,0.75
125.T0.13-35-j26-1.4.R,35,9,35,19,19.0,Gelenk,0.5
125.T0.13-36-j26-7.11.R,36,8,103,57,57.0,Gelenk,0.59
125.T0.13-38-j26-1.7.R,38,12,29,16,23.0,Solo,0.19
125.T0.13-40-j26-1.8.R,40,23,10,6,6.0,Gelenk,0.5
125.T0.13-43-j26-2.6.R,43,10,30,16,23.0,Solo,0.67
125.T0.13-44-j26-2.3.R,44,12,22,12,17.0,Solo,0.52
125.T0.13-51-j26-1.7.R,51,7,25,14,20.0,Solo,0.09
125.T0.13-53-j26-1.11.R,53,18,21,12,17.0,Solo,0.09
125.T0.13-55-j26-1.2.R,55,20,15,8,11.0,Solo,0.38
125.T0.13-56-j26-1.22.R,56,23,5,3,4.0,Solo,0.16
125.T0.13-57-j26-1.7.R,57,17,18,10,14.0,Solo,0.25
125.T0.13-61-j26-5.15.R,61,13,27,15,15.0,Gelenk,0.06
125.T0.13-62-j26-1.2.R,62,16,27,15,15.0,Gelenk,0.15
125.T0.13-65-j26-1.8.R,65,9,29,16,16.0,Gelenk,0.53
125.T0.13-67-j26-1.12.R,67,14,20,11,11.0,Gelenk,0.31
125.T0.13-69-j26-1.4.R,69,16,20,11,16.0,Solo,0.69
125.T0.17-708-j26-2.1.H,E8,18,15,8,11.0,Solo,0.25
126.T0.13-34-j26-1.5.R,34,16,40,22,22.0,Gelenk,0.75
126.T0.13-35-j26-1.4.R,35,9,47,26,26.0,Gelenk,0.5
126.T0.13-36-j26-7.1.R,36,8,45,25,25.0,Gelenk,0.59
126.T0.13-38-j26-1.5.R,38,12,7,4,6.0,Solo,0.11
126.T0.13-40-j26-1.8.R,40,24,8,4,4.0,Gelenk,0.5
126.T0.13-43-j26-2.6.R,43,10,37,20,29.0,Solo,0.67
126.T0.13-44-j26-2.4.R,44,12,24,13,19.0,Solo,0.58
126.T0.13-51-j26-1.7.R,51,8,32,18,26.0,Solo,0.09
126.T0.13-53-j26-1.11.R,53,19,14,8,11.0,Solo,0.09
126.T0.13-55-j26-1.2.R,55,21,6,3,4.0,Solo,0.38
126.T0.13-56-j26-1.19.R,56,23,0,0,0.0,Solo,0.2
126.T0.13-57-j26-1.7.R,57,17,18,10,14.0,Solo,0.25
126.T0.13-61-j26-5.34.R,61,13,45,25,25.0,Gelenk,0.12
126.T0.13-62-j26-1.13.R,62,17,44,24,24.0,Gelenk,0.17
126.T0.13-65-j26-1.8.R,65,9,47,26,26.0,Gelenk,0.53
126.T0.13-67-j26-1.10.R,67,15,73,40,40.0,Gelenk,0.28
126.T0.13-69-j26-1.7.R,69,16,35,19,27.0,Solo,0.61
126.T0.17-708-j26-2.1.H,E8,18,24,13,19.0,Solo,0.25
127.T0.13-34-j26-1.5.R,34,16,27,15,15.0,Gelenk,0.75
127.T0.13-35-j26-1.4.R,35,9,20,11,11.0,Gelenk,0.5
127.T0.13-36-j26-7.1.R,36,8,101,56,56.0,Gelenk,0.59
127.T0.13-38-j26-1.7.R,38,12,50,28,40.0,Solo,0.19
127.T0.13-43-j26-2.6.R,43,11,16,9,13.0,Solo,0.67
127.T0.13-44-j26-2.3.R,44,13,16,9,13.0,Solo,0.52
127.T0.13-51-j26-1.7.R,51,8,27,15,21.0,Solo,0.09
127.T0.13-53-j26-1.12.R,53,19,15,8,11.0,Solo,0.12
127.T0.13-55-j26-1.2.R,55,21,13,7,10.0,Solo,0.38
127.T0.13-57-j26-1.7.R,57,17,21,12,17.0,Solo,0.25
127.T0.13-61-j26-5.15.R,61,14,31,17,17.0,Gelenk,0.06
127.T0.13-62-j26-1.2.R,62,17,40,22,22.0,Gelenk,0.15
127.T0.13-65-j26-1.8.R,65,9,44,24,24.0,Gelenk,0.53
127.T0.13-67-j26-1.10.R,67,15,65,36,36.0,Gelenk,0.28
127.T0.13-69-j26-1.4.R,69,17,18,10,14.0,Solo,0.69
127.T0.17-708-j26-2.1.H,E8,18,33,18,26.0,Solo,0.25
128.T0.13-34-j26-1.5.R,34,16,64,35,35.0,Gelenk,0.75
128.T0.13-35-j26-1.4.R,35,10,43,24,24.0,Gelenk,0.5
128.T0.13-36-j26-7.1.R,36,9,40,22,22.0,Gelenk,0.59
128.T0.13-38-j26-1.5.R,38,12,13,7,10.0,Solo,0.11
128.T0.13-43-j26-2.6.R,43,11,25,14,20.0,Solo,0.67
128.T0.13-44-j26-2.4.R,44,13,27,15,21.0,Solo,0.58
128.T0.13-53-j26-1.11.R,53,19,25,14,20.0,Solo,0.09
128.T0.13-55-j26-1.2.R,55,21,10,6,9.0,Solo,0.38
128.T0.13-57-j26-1.7.R,57,18,26,14,20.0,Solo,0.25
128.T0.13-61-j26-5.34.R,61,14,51,28,28.0,Gelenk,0.12
128.T0.13-62-j26-1.2.R,62,17,54,30,30.0,Gelenk,0.15
128.T0.13-65-j26-1.8.R,65,9,28,15,15.0,Gelenk,0.53
128.T0.13-67-j26-1.10.R,67,15,72,40,40.0,Gelenk,0.28
128.T0.13-69-j26-1.7.R,69,17,29,16,23.0,Solo,0.61
128.T0.17-708-j26-2.1.H,E8,19,10,6,9.0,Solo,0.25
129.T0.13-34-j26-1.5.R,34,17,62,34,34.0,Gelenk,0.75
129.T0.13-35-j26-1.4.R,35,10,49,27,27.0,Gelenk,0.5
129.T0.13-36-j26-7.1.R,36,9,71,39,39.0,Gelenk,0.59
129.T0.13-38-j26-1.7.R,38,12,40,22,31.0,Solo,0.19
129.T0.13-43-j26-2.6.R,43,11,29,16,23.0,Solo,0.67
129.T0.13-44-j26-2.3.R,44,13,25,14,20.0,Solo,0.52
129.T0.13-51-j26-1.7.R,51,8,28,15,21.0,Solo,0.09
129.T0.13-53-j26-1.12.R,53,20,10,6,9.0,Solo,0.12
129.T0.13-55-j26-1.2.R,55,22,7,4,6.0,Solo,0.38
129.T0.13-57-j26-1.7.R,57,18,22,12,17.0,Solo,0.25
129.T0.13-61-j26-5.15.R,61,14,25,14,14.0,Gelenk,0.06
129.T0.13-62-j26-1.2.R,62,18,48,26,26.0,Gelenk,0.15
129.T0.13-65-j26-1.8.R,65,10,39,21,21.0,Gelenk,0.53
129.T0.13-67-j26-1.10.R,67,15,110,61,61.0,Gelenk,0.28
129.T0.13-69-j26-1.4.R,69,17,29,16,23.0,Solo,0.69
129.T0.17-708-j26-2.1.H,E8,19,13,7,10.0,Solo,0.25
13.T0.13-21-j26-1.1.H,21,8,42,23,33.0,Solo,0.38
13.T0.13-30-j26-2.13.H,30,8,32,18,26.0,Solo,0.28
13.T0.13-31-j26-1.8.H,31,7,3,2,2.0,Gelenk,0.2
13.T0.13-32-j26-2.1.H,32,8,2,1,1.0,Solo,0.29
13.T0.13-34-j26-1.1.H,34,7,55,30,30.0,Gelenk,0.78
13.T0.13-35-j26-1.3.H,35,6,28,15,15.0,Gelenk,0.5
13.T0.13-36-j26-7.10.H,36,7,10,6,6.0,Gelenk,0.33
13.T0.13-37-j26-1.1.H,37,8,169,93,93.0,Gelenk,0.39
13.T0.13-38-j26-1.2.H,38,7,14,8,11.0,Solo,0.11
13.T0.13-40-j26-1.4.H,40,7,35,19,19.0,Gelenk,0.53
13.T0.13-43-j26-2.5.H,43,7,41,23,33.0,Solo,0.5
13.T0.13-44-j26-2.2.H,44,7,40,22,31.0,Solo,0.58
13.T0.13-45-j26-2.6.H,45,8,158,87,87.0,Gelenk,0.44
13.T0.13-46-j26-1.4.H,46,8,117,64,64.0,Gelenk,0.33
13.T0.13-47-j26-1.5.H,47,8,76,42,42.0,Gelenk,0.25
13.T0.13-49-j26-1.1.H,49,17,7,4,6.0,Solo,0.2
13.T0.13-50-j26-1.2.H,50,14,4,2,3.0,Solo,0.08
13.T0.13-51-j26-1.4.H,51,7,23,13,19.0,Solo,0.09
13.T0.13-52-j26-1.5.H,52,9,22,12,17.0,Solo,0.1
13.T0.13-53-j26-1.2.H,53,8,54,30,43.0,Solo,0.09
13.T0.13-54-j26-1.1.H,54,9,28,15,21.0,Solo,0.21
13.T0.13-55-j26-1.1.H,55,7,17,9,13.0,Solo,0.38
13.T0.13-56-j26-1.12.H,56,7,6,3,4.0,Solo,0.25
13.T0.13-57-j26-1.5.H,57,7,17,9,13.0,Solo,0.19
13.T0.13-58-j26-1.5.H,58,8,61,34,34.0,Gelenk,0.14
13.T0.13-59-j26-1.1.H,59,11,20,11,16.0,Solo,0.25
13.T0.13-60-j26-1.2.R,60,8,52,29,29.0,Gelenk,0.28
13.T0.13-61-j26-5.29.H,61,6,18,10,10.0,Gelenk,0.1
13.T0.13-62-j26-1.1.H,62,7,32,18,18.0,Gelenk,0.12
13.T0.13-65-j26-1.2.H,65,6,34,19,19.0,Gelenk,0.55
13.T0.13-66-j26-1.2.H,66,8,75,41,41.0,Gelenk,0.21
13.T0.13-67-j26-1.2.H,67,6,45,25,25.0,Gelenk,0.28
13.T0.13-68-j26-2.18.H,68,7,26,14,14.0,Gelenk,0.07
13.T0.13-69-j26-1.3.H,69,7,36,20,29.0,Solo,0.72
13.T0.13-73-j26-4.5.H,73,9,31,17,17.0,Gelenk,0.53
13.T0.13-82-j26-3.1.H,82,10,37,20,29.0,Solo,0.25
13.T0.13-84-j26-1.1.H,84,11,7,4,6.0,Solo,1.0
13.T0.17-708-j26-2.1.H,E8,6,9,5,7.0,Solo,0.25
130.T0.13-34-j26-1.5.R,34,17,24,13,13.0,Gelenk,0.75
130.T0.13-35-j26-1.4.R,35,10,20,11,11.0,Gelenk,0.5
130.T0.13-36-j26-7.1.R,36,9,51,28,28.0,Gelenk,0.59
130.T0.13-38-j26-1.5.R,38,13,11,6,9.0,Solo,0.11
130.T0.13-43-j26-2.6.R,43,11,20,11,16.0,Solo,0.67
130.T0.13-44-j26-2.4.R,44,13,32,18,26.0,Solo,0.58
130.T0.13-51-j26-1.7.R,51,8,14,8,11.0,Solo,0.09
130.T0.13-53-j26-1.11.R,53,20,22,12,17.0,Solo,0.09
130.T0.13-55-j26-1.2.R,55,22,9,5,7.0,Solo,0.38
130.T0.13-57-j26-1.7.R,57,18,17,9,13.0,Solo,0.25
130.T0.13-61-j26-5.34.R,61,15,23,13,13.0,Gelenk,0.12
130.T0.13-62-j26-1.2.R,62,18,40,22,22.0,Gelenk,0.15
130.T0.13-65-j26-1.8.R,65,10,32,18,18.0,Gelenk,0.53
130.T0.13-67-j26-1.10.R,67,15,65,36,36.0,Gelenk,0.28
130.T0.13-69-j26-1.7.R,69,17,48,26,37.0,Solo,0.61
130.T0.17-708-j26-2.1.H,E8,19,21,12,17.0,Solo,0.25
131.T0.13-34-j26-1.5.R,34,17,37,20,20.0,Gelenk,0.75
131.T0.13-35-j26-1.4.R,35,10,52,29,29.0,Gelenk,0.5
131.T0.13-36-j26-7.1.R,36,9,51,28,28.0,Gelenk,0.59
131.T0.13-38-j26-1.7.R,38,13,61,34,49.0,Solo,0.19
131.T0.13-43-j26-2.6.R,43,12,18,10,14.0,Solo,0.67
131.T0.13-44-j26-2.3.R,44,13,26,14,20.0,Solo,0.52
131.T0.13-53-j26-1.11.R,53,21,13,7,10.0,Solo,0.09
131.T0.13-55-j26-1.2.R,55,22,14,8,11.0,Solo,0.38
131.T0.13-57-j26-1.7.R,57,18,27,15,21.0,Solo,0.25
131.T0.13-61-j26-5.13.R,61,15,19,10,10.0,Gelenk,0.06
131.T0.13-62-j26-1.2.R,62,18,62,34,34.0,Gelenk,0.15
131.T0.13-65-j26-1.8.R,65,10,36,20,20.0,Gelenk,0.53
131.T0.13-67-j26-1.10.R,67,15,62,34,34.0,Gelenk,0.28
131.T0.13-69-j26-1.4.R,69,17,29,16,23.0,Solo,0.69
131.T0.17-708-j26-2.1.H,E8,19,13,7,10.0,Solo,0.25
132.T0.13-34-j26-1.5.R,34,17,44,24,24.0,Gelenk,0.75
132.T0.13-35-j26-1.4.R,35,10,32,18,18.0,Gelenk,0.5
132.T0.13-36-j26-7.1.R,36,9,55,30,30.0,Gelenk,0.59
132.T0.13-38-j26-1.5.R,38,13,12,7,10.0,Solo,0.11
132.T0.13-43-j26-2.6.R,43,12,11,6,9.0,Solo,0.67
132.T0.13-44-j26-2.4.R,44,13,28,15,21.0,Solo,0.58
132.T0.13-51-j26-1.7.R,51,8,21,12,17.0,Solo,0.09
132.T0.13-53-j26-1.11.R,53,21,8,4,6.0,Solo,0.09
132.T0.13-55-j26-1.2.R,55,23,4,2,3.0,Solo,0.38
132.T0.13-57-j26-1.7.R,57,19,17,9,13.0,Solo,0.25
132.T0.13-61-j26-5.16.R,61,15,22,12,12.0,Gelenk,0.08
132.T0.13-62-j26-1.2.R,62,19,42,23,23.0,Gelenk,0.15
132.T0.13-65-j26-1.8.R,65,10,28,15,15.0,Gelenk,0.53
132.T0.13-67-j26-1.10.R,67,16,73,40,40.0,Gelenk,0.28
132.T0.13-69-j26-1.4.R,69,17,20,11,16.0,Solo,0.69
132.T0.17-708-j26-2.1.H,E8,19,13,7,10.0,Solo,0.25
133.T0.13-34-j26-1.5.R,34,17,44,24,24.0,Gelenk,0.75
133.T0.13-35-j26-1.4.R,35,10,25,14,14.0,Gelenk,0.5
133.T0.13-36-j26-7.1.R,36,9,61,34,34.0,Gelenk,0.59
133.T0.13-38-j26-1.7.R,38,13,40,22,31.0,Solo,0.19
133.T0.13-43-j26-2.6.R,43,12,11,6,9.0,Solo,0.67
133.T0.13-44-j26-2.3.R,44,14,15,8,11.0,Solo,0.52
133.T0.13-51-j26-1.7.R,51,8,27,15,21.0,Solo,0.09
133.T0.13-53-j26-1.11.R,53,22,17,9,13.0,Solo,0.09
133.T0.13-55-j26-1.2.R,55,23,4,2,3.0,Solo,0.38
133.T0.13-57-j26-1.7.R,57,19,17,9,13.0,Solo,0.25
133.T0.13-61-j26-5.13.R,61,15,24,13,13.0,Gelenk,0.06
133.T0.13-62-j26-1.2.R,62,19,43,24,24.0,Gelenk,0.15
133.T0.13-65-j26-1.8.R,65,10,30,16,16.0,Gelenk,0.53
133.T0.13-67-j26-1.10.R,67,16,60,33,33.0,Gelenk,0.28
133.T0.13-69-j26-1.4.R,69,18,22,12,17.0,Solo,0.69
133.T0.17-708-j26-2.1.H,E8,19,14,8,11.0,Solo,0.25
134.T0.13-34-j26-1.5.R,34,17,56,31,31.0,Gelenk,0.75
134.T0.13-35-j26-1.4.R,35,11,31,17,17.0,Gelenk,0.5
134.T0.13-36-j26-7.1.R,36,10,24,13,13.0,Gelenk,0.59
134.T0.13-38-j26-1.5.R,38,13,7,4,6.0,Solo,0.11
134.T0.13-43-j26-2.6.R,43,12,15,8,11.0,Solo,0.67
134.T0.13-44-j26-2.4.R,44,14,21,12,17.0,Solo,0.58
134.T0.13-53-j26-1.12.R,53,23,4,2,3.0,Solo,0.12
134.T0.13-55-j26-1.2.R,55,23,4,2,3.0,Solo,0.38
134.T0.13-57-j26-1.7.R,57,19,16,9,13.0,Solo,0.25
134.T0.13-61-j26-5.16.R,61,15,34,19,19.0,Gelenk,0.08
134.T0.13-62-j26-1.2.R,62,19,29,16,16.0,Gelenk,0.15
134.T0.13-65-j26-1.8.R,65,10,32,18,18.0,Gelenk,0.53
134.T0.13-67-j26-1.10.R,67,16,91,50,50.0,Gelenk,0.28
134.T0.13-69-j26-1.4.R,69,18,20,11,16.0,Solo,0.69
134.T0.17-708-j26-2.1.H,E8,20,14,8,11.0,Solo,0.25
135.T0.13-34-j26-1.5.R,34,18,42,23,23.0,Gelenk,0.75
135.T0.13-35-j26-1.4.R,35,11,34,19,19.0,Gelenk,0.5
135.T0.13-36-j26-7.1.R,36,10,68,37,37.0,Gelenk,0.59
135.T0.13-38-j26-1.7.R,38,13,34,19,27.0,Solo,0.19
135.T0.13-43-j26-2.6.R,43,12,31,17,24.0,Solo,0.67
135.T0.13-44-j26-2.3.R,44,14,24,13,19.0,Solo,0.52
135.T0.13-51-j26-1.7.R,51,9,20,11,16.0,Solo,0.09
135.T0.13-53-j26-1.11.R,53,23,7,4,6.0,Solo,0.09
135.T0.13-55-j26-1.2.R,55,24,3,2,3.0,Solo,0.38
135.T0.13-57-j26-1.7.R,57,20,11,6,9.0,Solo,0.25
135.T0.13-61-j26-5.13.R,61,15,26,14,14.0,Gelenk,0.06
135.T0.13-62-j26-1.2.R,62,20,43,24,24.0,Gelenk,0.15
135.T0.13-65-j26-1.8.R,65,11,37,20,20.0,Gelenk,0.53
135.T0.13-67-j26-1.10.R,67,16,103,57,57.0,Gelenk,0.28
135.T0.13-69-j26-1.4.R,69,18,39,21,30.0,Solo,0.69
135.T0.17-708-j26-2.1.H,E8,20,18,10,14.0,Solo,0.25
136.T0.13-34-j26-1.5.R,34,18,47,26,26.0,Gelenk,0.75
136.T0.13-35-j26-1.4.R,35,11,49,27,27.0,Gelenk,0.5
136.T0.13-36-j26-7.1.R,36,10,29,16,16.0,Gelenk,0.59
136.T0.13-38-j26-1.5.R,38,14,10,6,9.0,Solo,0.11
136.T0.13-43-j26-2.6.R,43,12,15,8,11.0,Solo,0.67
136.T0.13-44-j26-2.4.R,44,14,25,14,20.0,Solo,0.58
136.T0.13-51-j26-1.7.R,51,9,23,13,19.0,Solo,0.09
136.T0.13-57-j26-1.7.R,57,20,12,7,10.0,Solo,0.25
136.T0.13-61-j26-5.16.R,61,16,48,26,26.0,Gelenk,0.08
136.T0.13-62-j26-1.2.R,62,20,36,20,20.0,Gelenk,0.15
136.T0.13-65-j26-1.8.R,65,11,48,26,26.0,Gelenk,0.53
136.T0.13-67-j26-1.10.R,67,16,76,42,42.0,Gelenk,0.28
136.T0.13-69-j26-1.4.R,69,19,21,12,17.0,Solo,0.69
136.T0.17-708-j26-2.1.H,E8,20,13,7,10.0,Solo,0.25
137.T0.13-34-j26-1.5.R,34,18,46,25,25.0,Gelenk,0.75
137.T0.13-35-j26-1.4.R,35,11,47,26,26.0,Gelenk,0.5
137.T0.13-36-j26-7.1.R,36,10,69,38,38.0,Gelenk,0.59
137.T0.13-38-j26-1.7.R,38,14,43,24,34.0,Solo,0.19
137.T0.13-43-j26-2.6.R,43,13,23,13,19.0,Solo,0.67
137.T0.13-44-j26-2.3.R,44,14,19,10,14.0,Solo,0.52
137.T0.13-51-j26-1.7.R,51,10,21,12,17.0,Solo,0.09
137.T0.13-57-j26-1.7.R,57,20,16,9,13.0,Solo,0.25
137.T0.13-61-j26-5.13.R,61,16,34,19,19.0,Gelenk,0.06
137.T0.13-62-j26-1.2.R,62,21,33,18,18.0,Gelenk,0.15
137.T0.13-65-j26-1.8.R,65,11,54,30,30.0,Gelenk,0.53
137.T0.13-67-j26-1.10.R,67,16,91,50,50.0,Gelenk,0.28
137.T0.13-69-j26-1.4.R,69,19,27,15,21.0,Solo,0.69
137.T0.17-708-j26-2.1.H,E8,20,13,7,10.0,Solo,0.25
138.T0.13-34-j26-1.5.R,34,18,37,20,20.0,Gelenk,0.75
138.T0.13-35-j26-1.4.R,35,11,38,21,21.0,Gelenk,0.5
138.T0.13-36-j26-7.1.R,36,10,22,12,12.0,Gelenk,0.59
138.T0.13-38-j26-1.5.R,38,14,12,7,10.0,Solo,0.11
138.T0.13-43-j26-2.6.R,43,13,8,4,6.0,Solo,0.67
138.T0.13-44-j26-2.4.R,44,14,16,9,13.0,Solo,0.58
138.T0.13-51-j26-1.7.R,51,10,24,13,19.0,Solo,0.09
138.T0.13-57-j26-1.7.R,57,21,18,10,14.0,Solo,0.25
138.T0.13-61-j26-5.16.R,61,16,23,13,13.0,Gelenk,0.08
138.T0.13-62-j26-1.2.R,62,21,26,14,14.0,Gelenk,0.15
138.T0.13-65-j26-1.8.R,65,11,61,34,34.0,Gelenk,0.53
138.T0.13-67-j26-1.10.R,67,17,72,40,40.0,Gelenk,0.28
138.T0.13-69-j26-1.4.R,69,19,35,19,27.0,Solo,0.69
138.T0.17-708-j26-2.1.H,E8,20,13,7,10.0,Solo,0.25
139.T0.13-34-j26-1.5.R,34,18,45,25,25.0,Gelenk,0.75
139.T0.13-35-j26-1.4.R,35,11,53,29,29.0,Gelenk,0.5
139.T0.13-36-j26-7.1.R,36,10,47,26,26.0,Gelenk,0.59
139.T0.13-38-j26-1.7.R,38,14,31,17,24.0,Solo,0.19
139.T0.13-43-j26-2.6.R,43,13,19,10,14.0,Solo,0.67
139.T0.13-44-j26-2.3.R,44,15,26,14,20.0,Solo,0.52
139.T0.13-51-j26-1.7.R,51,10,15,8,11.0,Solo,0.09
139.T0.13-57-j26-1.7.R,57,21,15,8,11.0,Solo,0.25
139.T0.13-61-j26-5.13.R,61,16,23,13,13.0,Gelenk,0.06
139.T0.13-62-j26-1.2.R,62,22,34,19,19.0,Gelenk,0.15
139.T0.13-65-j26-1.8.R,65,11,44,24,24.0,Gelenk,0.53
139.T0.13-67-j26-1.10.R,67,17,76,42,42.0,Gelenk,0.28
139.T0.13-69-j26-1.4.R,69,20,22,12,17.0,Solo,0.69
139.T0.17-708-j26-2.1.H,E8,21,15,8,11.0,Solo,0.25
14.T0.13-21-j26-1.1.H,21,8,46,25,36.0,Solo,0.38
14.T0.13-30-j26-2.13.H,30,8,25,14,20.0,Solo,0.28
14.T0.13-31-j26-1.7.H,31,7,58,32,32.0,Gelenk,0.08
14.T0.13-32-j26-2.1.H,32,8,4,2,3.0,Solo,0.29
14.T0.13-34-j26-1.1.H,34,7,52,29,29.0,Gelenk,0.78
14.T0.13-35-j26-1.3.H,35,6,24,13,13.0,Gelenk,0.5
14.T0.13-36-j26-7.9.H,36,7,91,50,50.0,Gelenk,0.57
14.T0.13-37-j26-1.1.H,37,8,167,92,92.0,Gelenk,0.39
14.T0.13-38-j26-1.1.H,38,7,36,20,29.0,Solo,0.19
14.T0.13-40-j26-1.5.H,40,7,29,16,16.0,Gelenk,0.46
14.T0.13-43-j26-2.5.H,43,7,51,28,40.0,Solo,0.5
14.T0.13-44-j26-2.1.H,44,7,36,20,29.0,Solo,0.52
14.T0.13-45-j26-2.6.H,45,8,142,78,78.0,Gelenk,0.44
14.T0.13-46-j26-1.4.H,46,9,45,25,25.0,Gelenk,0.33
14.T0.13-47-j26-1.5.H,47,9,77,42,42.0,Gelenk,0.25
14.T0.13-49-j26-1.2.R,49,6,8,4,6.0,Solo,0.33
14.T0.13-50-j26-1.2.H,50,15,3,2,3.0,Solo,0.08
14.T0.13-52-j26-1.5.H,52,9,25,14,20.0,Solo,0.1
14.T0.13-54-j26-1.1.H,54,10,28,15,21.0,Solo,0.21
14.T0.13-55-j26-1.1.H,55,7,27,15,21.0,Solo,0.38
14.T0.13-56-j26-1.10.H,56,7,36,20,29.0,Solo,0.16
14.T0.13-57-j26-1.5.H,57,7,17,9,13.0,Solo,0.19
14.T0.13-58-j26-1.5.H,58,8,63,35,35.0,Gelenk,0.14
14.T0.13-59-j26-1.1.H,59,11,26,14,20.0,Solo,0.25
14.T0.13-60-j26-1.2.R,60,13,27,15,15.0,Gelenk,0.28
14.T0.13-61-j26-5.30.H,61,7,28,15,15.0,Gelenk,0.04
14.T0.13-65-j26-1.2.H,65,6,49,27,27.0,Gelenk,0.55
14.T0.13-66-j26-1.1.H,66,9,33,18,18.0,Gelenk,0.25
14.T0.13-67-j26-1.2.H,67,6,41,23,23.0,Gelenk,0.28
14.T0.13-68-j26-2.17.H,68,7,96,53,53.0,Gelenk,0.31
14.T0.13-69-j26-1.5.H,69,7,48,26,37.0,Solo,0.65
14.T0.13-73-j26-4.5.H,73,10,37,20,20.0,Gelenk,0.53
14.T0.13-82-j26-3.1.H,82,11,26,14,20.0,Solo,0.25
14.T0.13-84-j26-1.1.H,84,11,5,3,4.0,Solo,1.0
14.T0.17-708-j26-2.1.H,E8,6,11,6,9.0,Solo,0.25
140.T0.13-34-j26-1.5.R,34,19,49,27,27.0,Gelenk,0.75
140.T0.13-35-j26-1.4.R,35,12,45,25,25.0,Gelenk,0.5
140.T0.13-36-j26-7.1.R,36,11,37,20,20.0,Gelenk,0.59
140.T0.13-38-j26-1.5.R,38,14,16,9,13.0,Solo,0.11
140.T0.13-43-j26-2.6.R,43,13,17,9,13.0,Solo,0.67
140.T0.13-44-j26-2.4.R,44,15,17,9,13.0,Solo,0.58
140.T0.13-51-j26-1.7.R,51,11,19,10,14.0,Solo,0.09
140.T0.13-57-j26-1.7.R,57,22,9,5,7.0,Solo,0.25
140.T0.13-61-j26-5.16.R,61,16,31,17,17.0,Gelenk,0.08
140.T0.13-62-j26-1.2.R,62,23,15,8,8.0,Gelenk,0.15
140.T0.13-65-j26-1.8.R,65,11,40,22,22.0,Gelenk,0.53
140.T0.13-67-j26-1.10.R,67,17,95,52,52.0,Gelenk,0.28
140.T0.13-69-j26-1.4.R,69,20,25,14,20.0,Solo,0.69
140.T0.17-708-j26-2.1.H,E8,21,15,8,11.0,Solo,0.25
141.T0.13-34-j26-1.5.R,34,19,45,25,25.0,Gelenk,0.75
141.T0.13-35-j26-1.4.R,35,12,48,26,26.0,Gelenk,0.5
141.T0.13-36-j26-7.1.R,36,11,30,16,16.0,Gelenk,0.59
141.T0.13-38-j26-1.7.R,38,14,36,20,29.0,Solo,0.19
141.T0.13-43-j26-2.6.R,43,13,11,6,9.0,Solo,0.67
141.T0.13-44-j26-2.3.R,44,15,27,15,21.0,Solo,0.52
141.T0.13-51-j26-1.7.R,51,11,24,13,19.0,Solo,0.09
141.T0.13-57-j26-1.7.R,57,23,10,6,9.0,Solo,0.25
141.T0.13-61-j26-5.13.R,61,16,36,20,20.0,Gelenk,0.06
141.T0.13-62-j26-1.2.R,62,23,16,9,9.0,Gelenk,0.15
141.T0.13-65-j26-1.8.R,65,12,45,25,25.0,Gelenk,0.53
141.T0.13-67-j26-1.10.R,67,17,91,50,50.0,Gelenk,0.28
141.T0.13-69-j26-1.4.R,69,21,19,10,14.0,Solo,0.69
141.T0.17-708-j26-2.1.H,E8,21,14,8,11.0,Solo,0.25
142.T0.13-34-j26-1.5.R,34,19,52,29,29.0,Gelenk,0.75
142.T0.13-35-j26-1.4.R,35,12,36,20,20.0,Gelenk,0.5
142.T0.13-36-j26-7.1.R,36,11,62,34,34.0,Gelenk,0.59
142.T0.13-38-j26-1.5.R,38,15,14,8,11.0,Solo,0.11
142.T0.13-43-j26-2.6.R,43,13,16,9,13.0,Solo,0.67
142.T0.13-44-j26-2.4.R,44,15,33,18,26.0,Solo,0.58
142.T0.13-51-j26-1.7.R,51,11,29,16,23.0,Solo,0.09
142.T0.13-57-j26-1.7.R,57,23,8,4,6.0,Solo,0.25
142.T0.13-61-j26-5.16.R,61,17,26,14,14.0,Gelenk,0.08
142.T0.13-65-j26-1.8.R,65,12,41,23,23.0,Gelenk,0.53
142.T0.13-67-j26-1.10.R,67,17,71,39,39.0,Gelenk,0.28
142.T0.13-69-j26-1.4.R,69,22,18,10,14.0,Solo,0.69
142.T0.17-708-j26-2.1.H,E8,22,7,4,6.0,Solo,0.25
143.T0.13-34-j26-1.5.R,34,20,34,19,19.0,Gelenk,0.75
143.T0.13-35-j26-1.4.R,35,12,30,16,16.0,Gelenk,0.5
143.T0.13-36-j26-7.1.R,36,11,48,26,26.0,Gelenk,0.59
143.T0.13-38-j26-1.7.R,38,15,43,24,34.0,Solo,0.19
143.T0.13-43-j26-2.6.R,43,14,37,20,29.0,Solo,0.67
143.T0.13-44-j26-2.3.R,44,15,19,10,14.0,Solo,0.52
143.T0.13-51-j26-1.7.R,51,12,29,16,23.0,Solo,0.09
143.T0.13-57-j26-1.7.R,57,24,7,4,6.0,Solo,0.25
143.T0.13-61-j26-5.13.R,61,17,32,18,18.0,Gelenk,0.06
143.T0.13-65-j26-1.8.R,65,12,53,29,29.0,Gelenk,0.53
143.T0.13-67-j26-1.10.R,67,17,91,50,50.0,Gelenk,0.28
143.T0.13-69-j26-1.4.R,69,22,16,9,13.0,Solo,0.69
143.T0.17-708-j26-2.1.H,E8,22,13,7,10.0,Solo,0.25
144.T0.13-34-j26-1.5.R,34,20,27,15,15.0,Gelenk,0.75
144.T0.13-35-j26-1.4.R,35,12,55,30,30.0,Gelenk,0.5
144.T0.13-36-j26-7.1.R,36,11,43,24,24.0,Gelenk,0.59
144.T0.13-38-j26-1.5.R,38,15,11,6,9.0,Solo,0.11
144.T0.13-43-j26-2.6.R,43,14,15,8,11.0,Solo,0.67
144.T0.13-44-j26-2.4.R,44,15,29,16,23.0,Solo,0.58
144.T0.13-51-j26-1.7.R,51,12,29,16,23.0,Solo,0.09
144.T0.13-61-j26-5.16.R,61,17,31,17,17.0,Gelenk,0.08
144.T0.13-65-j26-1.8.R,65,12,49,27,27.0,Gelenk,0.53
144.T0.13-67-j26-1.13.R,67,18,51,28,28.0,Gelenk,0.29
144.T0.13-69-j26-1.4.R,69,23,10,6,9.0,Solo,0.69
144.T0.17-708-j26-2.1.H,E8,22,6,3,4.0,Solo,0.25
145.T0.13-34-j26-1.5.R,34,20,24,13,13.0,Gelenk,0.75
145.T0.13-35-j26-1.4.R,35,12,44,24,24.0,Gelenk,0.5
145.T0.13-36-j26-7.1.R,36,11,70,38,38.0,Gelenk,0.59
145.T0.13-38-j26-1.7.R,38,15,84,46,66.0,Solo,0.19
145.T0.13-43-j26-2.6.R,43,14,17,9,13.0,Solo,0.67
145.T0.13-44-j26-2.3.R,44,16,44,24,34.0,Solo,0.52
145.T0.13-51-j26-1.7.R,51,12,22,12,17.0,Solo,0.09
145.T0.13-61-j26-5.13.R,61,17,28,15,15.0,Gelenk,0.06
145.T0.13-65-j26-1.8.R,65,12,57,31,31.0,Gelenk,0.53
145.T0.13-67-j26-1.10.R,67,18,96,53,53.0,Gelenk,0.28
145.T0.13-69-j26-1.4.R,69,24,8,4,6.0,Solo,0.69
145.T0.17-708-j26-2.1.H,E8,23,6,3,4.0,Solo,0.25
146.T0.13-34-j26-1.5.R,34,21,15,8,8.0,Gelenk,0.75
146.T0.13-35-j26-1.4.R,35,13,30,16,16.0,Gelenk,0.5
146.T0.13-36-j26-7.1.R,36,12,71,39,39.0,Gelenk,0.59
146.T0.13-38-j26-1.5.R,38,15,11,6,9.0,Solo,0.11
146.T0.13-43-j26-2.6.R,43,14,17,9,13.0,Solo,0.67
146.T0.13-44-j26-2.4.R,44,16,30,16,23.0,Solo,0.58
146.T0.13-51-j26-1.7.R,51,12,25,14,20.0,Solo,0.09
146.T0.13-61-j26-5.16.R,61,17,33,18,18.0,Gelenk,0.08
146.T0.13-65-j26-1.8.R,65,12,44,24,24.0,Gelenk,0.53
146.T0.13-67-j26-1.13.R,67,18,91,50,50.0,Gelenk,0.29
146.T0.17-708-j26-2.1.H,E8,23,10,6,9.0,Solo,0.25
147.T0.13-34-j26-1.5.R,34,21,23,13,13.0,Gelenk,0.75
147.T0.13-35-j26-1.4.R,35,13,56,31,31.0,Gelenk,0.5
147.T0.13-36-j26-7.1.R,36,12,82,45,45.0,Gelenk,0.59
147.T0.13-38-j26-1.7.R,38,15,55,30,43.0,Solo,0.19
147.T0.13-43-j26-2.6.R,43,14,23,13,19.0,Solo,0.67
147.T0.13-44-j26-2.3.R,44,16,35,19,27.0,Solo,0.52
147.T0.13-51-j26-1.7.R,51,13,17,9,13.0,Solo,0.09
147.T0.13-61-j26-5.13.R,61,17,22,12,12.0,Gelenk,0.06
147.T0.13-65-j26-1.8.R,65,13,57,31,31.0,Gelenk,0.53
147.T0.13-67-j26-1.10.R,67,18,67,37,37.0,Gelenk,0.28
147.T0.17-708-j26-2.1.H,E8,23,6,3,4.0,Solo,0.25
148.T0.13-34-j26-1.5.R,34,21,29,16,16.0,Gelenk,0.75
148.T0.13-35-j26-1.4.R,35,13,54,30,30.0,Gelenk,0.5
148.T0.13-36-j26-7.1.R,36,12,87,48,48.0,Gelenk,0.59
148.T0.13-38-j26-1.5.R,38,16,12,7,10.0,Solo,0.11
148.T0.13-43-j26-2.6.R,43,14,15,8,11.0,Solo,0.67
148.T0.13-44-j26-2.4.R,44,16,28,15,21.0,Solo,0.58
148.T0.13-51-j26-1.7.R,51,13,16,9,13.0,Solo,0.09
148.T0.13-61-j26-5.16.R,61,18,40,22,22.0,Gelenk,0.08
148.T0.13-65-j26-1.8.R,65,13,63,35,35.0,Gelenk,0.53
148.T0.13-67-j26-1.10.R,67,18,86,47,47.0,Gelenk,0.28
148.T0.17-708-j26-2.1.H,E8,24,5,3,4.0,Solo,0.25
149.T0.13-34-j26-1.5.R,34,22,12,7,7.0,Gelenk,0.75
149.T0.13-35-j26-1.4.R,35,13,49,27,27.0,Gelenk,0.5
149.T0.13-36-j26-7.1.R,36,12,60,33,33.0,Gelenk,0.59
149.T0.13-38-j26-1.7.R,38,16,40,22,31.0,Solo,0.19
149.T0.13-43-j26-2.6.R,43,15,20,11,16.0,Solo,0.67
149.T0.13-44-j26-2.3.R,44,16,29,16,23.0,Solo,0.52
149.T0.13-51-j26-1.7.R,51,13,14,8,11.0,Solo,0.09
149.T0.13-61-j26-5.13.R,61,18,54,30,30.0,Gelenk,0.06
149.T0.13-65-j26-1.6.R,65,13,18,10,10.0,Gelenk,0.58
149.T0.13-67-j26-1.10.R,67,19,76,42,42.0,Gelenk,0.28
149.T0.17-708-j26-2.1.H,E8,24,3,2,3.0,Solo,0.25
15.T0.13-21-j26-1.1.H,21,9,20,11,16.0,Solo,0.38
15.T0.13-30-j26-2.13.H,30,8,30,16,23.0,Solo,0.28
15.T0.13-31-j26-1.8.H,31,7,3,2,2.0,Gelenk,0.2
15.T0.13-32-j26-2.1.H,32,8,5,3,4.0,Solo,0.29
15.T0.13-34-j26-1.1.H,34,7,55,30,30.0,Gelenk,0.78
15.T0.13-35-j26-1.3.H,35,6,47,26,26.0,Gelenk,0.5
15.T0.13-36-j26-7.9.H,36,7,83,46,46.0,Gelenk,0.57
15.T0.13-37-j26-1.1.H,37,9,201,111,111.0,Gelenk,0.39
15.T0.13-38-j26-1.2.H,38,7,13,7,10.0,Solo,0.11
15.T0.13-40-j26-1.3.H,40,7,45,25,25.0,Gelenk,0.39
15.T0.13-43-j26-2.5.H,43,7,65,36,51.0,Solo,0.5
15.T0.13-44-j26-2.2.H,44,8,17,9,13.0,Solo,0.58
15.T0.13-45-j26-2.6.H,45,8,73,40,40.0,Gelenk,0.44
15.T0.13-46-j26-1.4.H,46,9,56,31,31.0,Gelenk,0.33
15.T0.13-47-j26-1.5.H,47,9,71,39,39.0,Gelenk,0.25
15.T0.13-49-j26-1.2.R,49,6,10,6,9.0,Solo,0.33
15.T0.13-50-j26-1.1.H,50,15,38,21,30.0,Solo,0.14
15.T0.13-51-j26-1.4.H,51,7,19,10,14.0,Solo,0.09
15.T0.13-52-j26-1.5.H,52,9,26,14,20.0,Solo,0.1
15.T0.13-54-j26-1.1.H,54,10,25,14,20.0,Solo,0.21
15.T0.13-55-j26-1.1.H,55,7,18,10,14.0,Solo,0.38
15.T0.13-56-j26-1.10.H,56,8,32,18,26.0,Solo,0.16
15.T0.13-57-j26-1.5.H,57,8,27,15,21.0,Solo,0.19
15.T0.13-58-j26-1.7.H,58,8,31,17,17.0,Gelenk,0.0
15.T0.13-59-j26-1.1.H,59,12,31,17,24.0,Solo,0.25
15.T0.13-60-j26-1.2.R,60,14,35,19,19.0,Gelenk,0.28
15.T0.13-61-j26-5.26.H,61,7,25,14,14.0,Gelenk,0.06
15.T0.13-62-j26-1.5.H,62,7,50,28,28.0,Gelenk,0.19
15.T0.13-65-j26-1.2.H,65,7,36,20,20.0,Gelenk,0.55
15.T0.13-66-j26-1.2.H,66,9,39,21,21.0,Gelenk,0.21
15.T0.13-67-j26-1.2.H,67,7,71,39,39.0,Gelenk,0.28
15.T0.13-68-j26-2.15.H,68,7,22,12,12.0,Gelenk,0.07
15.T0.13-69-j26-1.3.H,69,7,32,18,26.0,Solo,0.72
15.T0.13-73-j26-4.5.H,73,10,26,14,14.0,Gelenk,0.53
15.T0.13-82-j26-3.1.H,82,11,19,10,14.0,Solo,0.25
15.T0.13-84-j26-1.1.H,84,11,4,2,3.0,Solo,1.0
15.T0.17-708-j26-2.1.H,E8,6,22,12,17.0,Solo,0.25
150.T0.13-34-j26-1.5.R,34,22,24,13,13.0,Gelenk,0.75
150.T0.13-35-j26-1.4.R,35,13,40,22,22.0,Gelenk,0.5
150.T0.13-36-j26-7.1.R,36,12,55,30,30.0,Gelenk,0.59
150.T0.13-38-j26-1.5.R,38,16,10,6,9.0,Solo,0.11
150.T0.13-43-j26-2.6.R,43,15,13,7,10.0,Solo,0.67
150.T0.13-44-j26-2.4.R,44,16,29,16,23.0,Solo,0.58
150.T0.13-51-j26-1.7.R,51,13,12,7,10.0,Solo,0.09
150.T0.13-61-j26-5.13.R,61,18,34,19,19.0,Gelenk,0.06
150.T0.13-65-j26-1.8.R,65,13,32,18,18.0,Gelenk,0.53
150.T0.13-67-j26-1.10.R,67,19,66,36,36.0,Gelenk,0.28
150.T0.17-708-j26-2.1.H,E8,24,5,3,4.0,Solo,0.25
151.T0.13-34-j26-1.5.R,34,22,17,9,9.0,Gelenk,0.75
151.T0.13-35-j26-1.4.R,35,13,49,27,27.0,Gelenk,0.5
151.T0.13-36-j26-7.1.R,36,12,43,24,24.0,Gelenk,0.59
151.T0.13-38-j26-1.7.R,38,16,60,33,47.0,Solo,0.19
151.T0.13-43-j26-2.6.R,43,15,18,10,14.0,Solo,0.67
151.T0.13-44-j26-2.3.R,44,17,36,20,29.0,Solo,0.52
151.T0.13-61-j26-5.16.R,61,18,39,21,21.0,Gelenk,0.08
151.T0.13-65-j26-1.8.R,65,13,34,19,19.0,Gelenk,0.53
151.T0.13-67-j26-1.10.R,67,19,74,41,41.0,Gelenk,0.28
151.T0.17-708-j26-2.2.R,E8,4,4,2,3.0,Solo,0.29
152.T0.13-34-j26-1.5.R,34,23,12,7,7.0,Gelenk,0.75
152.T0.13-35-j26-1.4.R,35,14,43,24,24.0,Gelenk,0.5
152.T0.13-36-j26-7.11.R,36,13,81,45,45.0,Gelenk,0.59
152.T0.13-38-j26-1.5.R,38,16,17,9,13.0,Solo,0.11
152.T0.13-43-j26-2.6.R,43,15,20,11,16.0,Solo,0.67
152.T0.13-44-j26-2.4.R,44,17,36,20,29.0,Solo,0.58
152.T0.13-61-j26-5.15.R,61,19,39,21,21.0,Gelenk,0.06
152.T0.13-65-j26-1.8.R,65,13,78,43,43.0,Gelenk,0.53
152.T0.13-67-j26-1.10.R,67,20,65,36,36.0,Gelenk,0.28
152.T0.17-708-j26-2.2.R,E8,4,3,2,3.0,Solo,0.29
153.T0.13-34-j26-1.5.R,34,23,15,8,8.0,Gelenk,0.75
153.T0.13-35-j26-1.4.R,35,14,34,19,19.0,Gelenk,0.5
153.T0.13-36-j26-7.1.R,36,13,40,22,22.0,Gelenk,0.59
153.T0.13-38-j26-1.7.R,38,16,43,24,34.0,Solo,0.19
153.T0.13-43-j26-2.6.R,43,15,24,13,19.0,Solo,0.67
153.T0.13-44-j26-2.3.R,44,17,30,16,23.0,Solo,0.52
153.T0.13-51-j26-1.7.R,51,13,13,7,10.0,Solo,0.09
153.T0.13-61-j26-5.16.R,61,19,25,14,14.0,Gelenk,0.08
153.T0.13-65-j26-1.8.R,65,13,40,22,22.0,Gelenk,0.53
153.T0.13-67-j26-1.10.R,67,20,71,39,39.0,Gelenk,0.28
153.T0.17-708-j26-2.2.R,E8,5,11,6,9.0,Solo,0.29
154.T0.13-34-j26-1.5.R,34,23,11,6,6.0,Gelenk,0.75
154.T0.13-35-j26-1.4.R,35,14,56,31,31.0,Gelenk,0.5
154.T0.13-36-j26-7.1.R,36,13,49,27,27.0,Gelenk,0.59
154.T0.13-38-j26-1.5.R,38,17,13,7,10.0,Solo,0.11
154.T0.13-43-j26-2.6.R,43,15,18,10,14.0,Solo,0.67
154.T0.13-44-j26-2.4.R,44,17,15,8,11.0,Solo,0.58
154.T0.13-61-j26-5.15.R,61,19,17,9,9.0,Gelenk,0.06
154.T0.13-65-j26-1.8.R,65,14,33,18,18.0,Gelenk,0.53
154.T0.13-67-j26-1.10.R,67,21,43,24,24.0,Gelenk,0.28
154.T0.17-708-j26-2.2.R,E8,5,5,3,4.0,Solo,0.29
155.T0.13-35-j26-1.4.R,35,14,62,34,34.0,Gelenk,0.5
155.T0.13-36-j26-7.1.R,36,13,55,30,30.0,Gelenk,0.59
155.T0.13-38-j26-1.7.R,38,17,67,37,53.0,Solo,0.19
155.T0.13-43-j26-2.6.R,43,16,27,15,21.0,Solo,0.67
155.T0.13-44-j26-2.3.R,44,17,37,20,29.0,Solo,0.52
155.T0.13-51-j26-1.7.R,51,14,15,8,11.0,Solo,0.09
155.T0.13-61-j26-5.16.R,61,20,34,19,19.0,Gelenk,0.08
155.T0.13-65-j26-1.8.R,65,14,63,35,35.0,Gelenk,0.53
155.T0.13-67-j26-1.10.R,67,21,65,36,36.0,Gelenk,0.28
155.T0.17-708-j26-2.2.R,E8,5,7,4,6.0,Solo,0.29
156.T0.13-35-j26-1.4.R,35,14,51,28,28.0,Gelenk,0.5
156.T0.13-36-j26-7.1.R,36,13,48,26,26.0,Gelenk,0.59
156.T0.13-38-j26-1.5.R,38,17,10,6,9.0,Solo,0.11
156.T0.13-43-j26-2.6.R,43,16,18,10,14.0,Solo,0.67
156.T0.13-44-j26-2.4.R,44,17,30,16,23.0,Solo,0.58
156.T0.13-51-j26-1.7.R,51,14,20,11,16.0,Solo,0.09
156.T0.13-61-j26-5.16.R,61,20,25,14,14.0,Gelenk,0.08
156.T0.13-65-j26-1.8.R,65,14,53,29,29.0,Gelenk,0.53
156.T0.13-67-j26-1.10.R,67,22,72,40,40.0,Gelenk,0.28
156.T0.17-708-j26-2.2.R,E8,5,7,4,6.0,Solo,0.29
157.T0.13-35-j26-1.4.R,35,14,66,36,36.0,Gelenk,0.5
157.T0.13-36-j26-7.1.R,36,13,76,42,42.0,Gelenk,0.59
157.T0.13-38-j26-1.7.R,38,17,38,21,30.0,Solo,0.19
157.T0.13-43-j26-2.6.R,43,16,37,20,29.0,Solo,0.67
157.T0.13-44-j26-2.3.R,44,18,20,11,16.0,Solo,0.52
157.T0.13-51-j26-1.7.R,51,14,24,13,19.0,Solo,0.09
157.T0.13-61-j26-5.16.R,61,21,21,12,12.0,Gelenk,0.08
157.T0.13-65-j26-1.8.R,65,14,47,26,26.0,Gelenk,0.53
157.T0.13-67-j26-1.10.R,67,23,24,13,13.0,Gelenk,0.28
157.T0.17-708-j26-2.2.R,E8,5,6,3,4.0,Solo,0.29
158.T0.13-35-j26-1.4.R,35,15,32,18,18.0,Gelenk,0.5
158.T0.13-36-j26-7.1.R,36,13,71,39,39.0,Gelenk,0.59
158.T0.13-38-j26-1.5.R,38,17,19,10,14.0,Solo,0.11
158.T0.13-43-j26-2.6.R,43,16,20,11,16.0,Solo,0.67
158.T0.13-44-j26-2.4.R,44,18,24,13,19.0,Solo,0.58
158.T0.13-51-j26-1.7.R,51,14,16,9,13.0,Solo,0.09
158.T0.13-61-j26-5.16.R,61,21,17,9,9.0,Gelenk,0.08
158.T0.13-65-j26-1.8.R,65,14,63,35,35.0,Gelenk,0.53
158.T0.13-67-j26-1.10.R,67,23,38,21,21.0,Gelenk,0.28
158.T0.17-708-j26-2.2.R,E8,5,10,6,9.0,Solo,0.29
159.T0.13-35-j26-1.4.R,35,15,42,23,23.0,Gelenk,0.5
159.T0.13-36-j26-7.1.R,36,14,82,45,45.0,Gelenk,0.59
159.T0.13-38-j26-1.7.R,38,17,50,28,40.0,Solo,0.19
159.T0.13-43-j26-2.6.R,43,16,30,16,23.0,Solo,0.67
159.T0.13-44-j26-2.3.R,44,18,21,12,17.0,Solo,0.52
159.T0.13-51-j26-1.7.R,51,14,18,10,14.0,Solo,0.09
159.T0.13-61-j26-5.16.R,61,22,23,13,13.0,Gelenk,0.08
159.T0.13-65-j26-1.8.R,65,14,42,23,23.0,Gelenk,0.53
159.T0.13-67-j26-1.13.R,67,24,27,15,15.0,Gelenk,0.29
159.T0.17-708-j26-2.2.R,E8,6,14,8,11.0,Solo,0.29
16.T0.13-21-j26-1.1.H,21,9,29,16,23.0,Solo,0.38
16.T0.13-30-j26-2.13.H,30,9,73,40,57.0,Solo,0.28
16.T0.13-31-j26-1.8.H,31,7,5,3,3.0,Gelenk,0.2
16.T0.13-32-j26-2.1.H,32,12,3,2,3.0,Solo,0.29
16.T0.13-34-j26-1.1.H,34,7,63,35,35.0,Gelenk,0.78
16.T0.13-35-j26-1.3.H,35,7,51,28,28.0,Gelenk,0.5
16.T0.13-36-j26-7.9.H,36,8,86,47,47.0,Gelenk,0.57
16.T0.13-37-j26-1.1.H,37,10,90,50,50.0,Gelenk,0.39
16.T0.13-38-j26-1.1.H,38,7,79,43,61.0,Solo,0.19
16.T0.13-40-j26-1.5.H,40,8,37,20,20.0,Gelenk,0.46
16.T0.13-43-j26-2.5.H,43,7,40,22,31.0,Solo,0.5
16.T0.13-44-j26-2.1.H,44,8,41,23,33.0,Solo,0.52
16.T0.13-45-j26-2.6.H,45,9,48,26,26.0,Gelenk,0.44
16.T0.13-46-j26-1.4.H,46,9,39,21,21.0,Gelenk,0.33
16.T0.13-47-j26-1.5.H,47,10,69,38,38.0,Gelenk,0.25
16.T0.13-49-j26-1.2.R,49,7,12,7,10.0,Solo,0.33
16.T0.13-50-j26-1.2.H,50,16,4,2,3.0,Solo,0.08
16.T0.13-51-j26-1.4.H,51,7,15,8,11.0,Solo,0.09
16.T0.13-52-j26-1.5.H,52,10,17,9,13.0,Solo,0.1
16.T0.13-53-j26-1.1.H,53,8,32,18,26.0,Solo,0.13
16.T0.13-54-j26-1.1.H,54,11,26,14,20.0,Solo,0.21
16.T0.13-55-j26-1.1.H,55,7,18,10,14.0,Solo,0.38
16.T0.13-56-j26-1.10.H,56,8,22,12,17.0,Solo,0.16
16.T0.13-57-j26-1.5.H,57,8,22,12,17.0,Solo,0.19
16.T0.13-58-j26-1.7.H,58,9,13,7,7.0,Gelenk,0.0
16.T0.13-59-j26-1.1.H,59,13,23,13,19.0,Solo,0.25
16.T0.13-60-j26-1.2.R,60,15,49,27,27.0,Gelenk,0.28
16.T0.13-61-j26-5.25.H,61,7,19,10,10.0,Gelenk,0.08
16.T0.13-62-j26-1.1.H,62,7,31,17,17.0,Gelenk,0.12
16.T0.13-65-j26-1.2.H,65,7,50,28,28.0,Gelenk,0.55
16.T0.13-66-j26-1.1.H,66,9,26,14,14.0,Gelenk,0.25
16.T0.13-67-j26-1.2.H,67,7,96,53,53.0,Gelenk,0.28
16.T0.13-68-j26-2.17.H,68,7,63,35,35.0,Gelenk,0.31
16.T0.13-69-j26-1.5.H,69,7,48,26,37.0,Solo,0.65
16.T0.13-73-j26-4.5.H,73,11,50,28,28.0,Gelenk,0.53
16.T0.13-82-j26-3.1.H,82,12,51,28,40.0,Solo,0.25
16.T0.13-84-j26-1.1.H,84,12,3,2,3.0,Solo,1.0
16.T0.17-708-j26-2.1.H,E8,6,9,5,7.0,Solo,0.25
160.T0.13-35-j26-1.4.R,35,15,64,35,35.0,Gelenk,0.5
160.T0.13-36-j26-7.1.R,36,14,32,18,18.0,Gelenk,0.59
160.T0.13-38-j26-1.5.R,38,18,15,8,11.0,Solo,0.11
160.T0.13-43-j26-2.6.R,43,16,18,10,14.0,Solo,0.67
160.T0.13-44-j26-2.4.R,44,18,27,15,21.0,Solo,0.58
160.T0.13-51-j26-1.7.R,51,14,16,9,13.0,Solo,0.09
160.T0.13-61-j26-5.16.R,61,23,12,7,7.0,Gelenk,0.08
160.T0.13-65-j26-1.8.R,65,15,65,36,36.0,Gelenk,0.53
160.T0.17-708-j26-2.2.R,E8,6,18,10,14.0,Solo,0.29
161.T0.13-35-j26-1.4.R,35,15,45,25,25.0,Gelenk,0.5
161.T0.13-36-j26-7.1.R,36,14,70,38,38.0,Gelenk,0.59
161.T0.13-38-j26-1.7.R,38,18,30,16,23.0,Solo,0.19
161.T0.13-43-j26-2.6.R,43,17,33,18,26.0,Solo,0.67
161.T0.13-44-j26-2.3.R,44,18,19,10,14.0,Solo,0.52
161.T0.13-51-j26-1.7.R,51,15,17,9,13.0,Solo,0.09
161.T0.13-61-j26-5.16.R,61,23,10,6,6.0,Gelenk,0.08
161.T0.13-65-j26-1.8.R,65,15,38,21,21.0,Gelenk,0.53
161.T0.17-708-j26-2.2.R,E8,6,12,7,10.0,Solo,0.29
162.T0.13-35-j26-1.4.R,35,15,60,33,33.0,Gelenk,0.5
162.T0.13-36-j26-7.1.R,36,14,69,38,38.0,Gelenk,0.59
162.T0.13-38-j26-1.7.R,38,18,30,16,23.0,Solo,0.19
162.T0.13-43-j26-2.6.R,43,17,24,13,19.0,Solo,0.67
162.T0.13-44-j26-2.4.R,44,18,27,15,21.0,Solo,0.58
162.T0.13-51-j26-1.7.R,51,15,12,7,10.0,Solo,0.09
162.T0.13-65-j26-1.8.R,65,15,43,24,24.0,Gelenk,0.53
162.T0.17-708-j26-2.2.R,E8,6,14,8,11.0,Solo,0.29
163.T0.13-35-j26-1.4.R,35,15,50,28,28.0,Gelenk,0.5
163.T0.13-36-j26-7.11.R,36,14,71,39,39.0,Gelenk,0.59
163.T0.13-38-j26-1.7.R,38,18,70,38,54.0,Solo,0.19
163.T0.13-43-j26-2.6.R,43,17,27,15,21.0,Solo,0.67
163.T0.13-44-j26-2.3.R,44,19,32,18,26.0,Solo,0.52
163.T0.13-65-j26-1.8.R,65,15,110,61,61.0,Gelenk,0.53
163.T0.17-708-j26-2.2.R,E8,6,11,6,9.0,Solo,0.29
164.T0.13-35-j26-1.4.R,35,16,44,24,24.0,Gelenk,0.5
164.T0.13-36-j26-7.11.R,36,14,71,39,39.0,Gelenk,0.59
164.T0.13-38-j26-1.7.R,38,19,39,21,30.0,Solo,0.19
164.T0.13-43-j26-2.6.R,43,17,21,12,17.0,Solo,0.67
164.T0.13-44-j26-2.3.R,44,19,21,12,17.0,Solo,0.52
164.T0.13-51-j26-1.7.R,51,15,34,19,27.0,Solo,0.09
164.T0.13-65-j26-1.8.R,65,15,61,34,34.0,Gelenk,0.53
164.T0.17-708-j26-2.2.R,E8,6,10,6,9.0,Solo,0.29
165.T0.13-35-j26-1.4.R,35,16,67,37,37.0,Gelenk,0.5
165.T0.13-36-j26-7.11.R,36,15,67,37,37.0,Gelenk,0.59
165.T0.13-38-j26-1.7.R,38,19,33,18,26.0,Solo,0.19
165.T0.13-43-j26-2.6.R,43,17,28,15,21.0,Solo,0.67
165.T0.13-44-j26-2.3.R,44,19,19,10,14.0,Solo,0.52
165.T0.13-51-j26-1.7.R,51,15,21,12,17.0,Solo,0.09
165.T0.13-65-j26-1.8.R,65,15,90,50,50.0,Gelenk,0.53
165.T0.17-708-j26-2.2.R,E8,6,13,7,10.0,Solo,0.29
166.T0.13-35-j26-1.4.R,35,16,49,27,27.0,Gelenk,0.5
166.T0.13-36-j26-7.11.R,36,15,61,34,34.0,Gelenk,0.59
166.T0.13-38-j26-1.7.R,38,19,32,18,26.0,Solo,0.19
166.T0.13-43-j26-2.6.R,43,17,23,13,19.0,Solo,0.67
166.T0.13-44-j26-2.3.R,44,20,20,11,16.0,Solo,0.52
166.T0.13-51-j26-1.7.R,51,15,24,13,19.0,Solo,0.09
166.T0.13-65-j26-1.8.R,65,16,42,23,23.0,Gelenk,0.53
166.T0.17-708-j26-2.2.R,E8,6,14,8,11.0,Solo,0.29
167.T0.13-35-j26-1.4.R,35,16,49,27,27.0,Gelenk,0.5
167.T0.13-36-j26-7.11.R,36,15,75,41,41.0,Gelenk,0.59
167.T0.13-38-j26-1.7.R,38,20,24,13,19.0,Solo,0.19
167.T0.13-43-j26-2.6.R,43,18,26,14,20.0,Solo,0.67
167.T0.13-44-j26-2.3.R,44,20,30,16,23.0,Solo,0.52
167.T0.13-51-j26-1.7.R,51,15,24,13,19.0,Solo,0.09
167.T0.13-65-j26-1.8.R,65,16,44,24,24.0,Gelenk,0.53
167.T0.17-708-j26-2.2.R,E8,6,14,8,11.0,Solo,0.29
168.T0.13-35-j26-1.4.R,35,16,59,32,32.0,Gelenk,0.5
168.T0.13-36-j26-7.11.R,36,15,46,25,25.0,Gelenk,0.59
168.T0.13-38-j26-1.7.R,38,20,32,18,26.0,Solo,0.19
168.T0.13-43-j26-2.6.R,43,18,21,12,17.0,Solo,0.67
168.T0.13-44-j26-2.3.R,44,20,26,14,20.0,Solo,0.52
168.T0.13-51-j26-1.7.R,51,16,23,13,19.0,Solo,0.09
168.T0.13-65-j26-1.8.R,65,16,69,38,38.0,Gelenk,0.53
168.T0.17-708-j26-2.2.R,E8,7,23,13,19.0,Solo,0.29
169.T0.13-35-j26-1.4.R,35,16,73,40,40.0,Gelenk,0.5
169.T0.13-36-j26-7.11.R,36,15,34,19,19.0,Gelenk,0.59
169.T0.13-38-j26-1.5.R,38,21,5,3,4.0,Solo,0.11
169.T0.13-43-j26-2.6.R,43,18,18,10,14.0,Solo,0.67
169.T0.13-44-j26-2.3.R,44,21,12,7,10.0,Solo,0.52
169.T0.13-51-j26-1.7.R,51,16,22,12,17.0,Solo,0.09
169.T0.13-65-j26-1.8.R,65,16,88,48,48.0,Gelenk,0.53
169.T0.17-708-j26-2.2.R,E8,7,12,7,10.0,Solo,0.29
17.T0.13-21-j26-1.1.H,21,9,27,15,21.0,Solo,0.38
17.T0.13-30-j26-2.13.H,30,10,24,13,19.0,Solo,0.28
17.T0.13-31-j26-1.9.H,31,7,17,9,9.0,Gelenk,0.16
17.T0.13-32-j26-2.1.H,32,12,5,3,4.0,Solo,0.29
17.T0.13-34-j26-1.1.H,34,7,50,28,28.0,Gelenk,0.78
17.T0.13-35-j26-1.3.H,35,7,67,37,37.0,Gelenk,0.5
17.T0.13-36-j26-7.9.H,36,8,53,29,29.0,Gelenk,0.57
17.T0.13-37-j26-1.1.H,37,10,167,92,92.0,Gelenk,0.39
17.T0.13-38-j26-1.2.H,38,7,15,8,11.0,Solo,0.11
17.T0.13-40-j26-1.4.H,40,8,53,29,29.0,Gelenk,0.53
17.T0.13-43-j26-2.5.H,43,7,49,27,39.0,Solo,0.5
17.T0.13-44-j26-2.2.H,44,8,21,12,17.0,Solo,0.58
17.T0.13-45-j26-2.6.H,45,9,111,61,61.0,Gelenk,0.44
17.T0.13-46-j26-1.4.H,46,10,50,28,28.0,Gelenk,0.33
17.T0.13-47-j26-1.5.H,47,11,65,36,36.0,Gelenk,0.25
17.T0.13-49-j26-1.2.R,49,7,10,6,9.0,Solo,0.33
17.T0.13-50-j26-1.2.H,50,17,3,2,3.0,Solo,0.08
17.T0.13-52-j26-1.5.H,52,10,21,12,17.0,Solo,0.1
17.T0.13-53-j26-1.1.H,53,9,14,8,11.0,Solo,0.13
17.T0.13-55-j26-1.1.H,55,8,25,14,20.0,Solo,0.38
17.T0.13-56-j26-1.10.H,56,8,25,14,20.0,Solo,0.16
17.T0.13-57-j26-1.5.H,57,8,28,15,21.0,Solo,0.19
17.T0.13-58-j26-1.7.H,58,9,20,11,11.0,Gelenk,0.0
17.T0.13-59-j26-1.1.H,59,13,38,21,30.0,Solo,0.25
17.T0.13-60-j26-1.2.R,60,16,26,14,14.0,Gelenk,0.28
17.T0.13-61-j26-5.26.H,61,7,35,19,19.0,Gelenk,0.06
17.T0.13-62-j26-1.4.H,62,7,48,26,26.0,Gelenk,0.14
17.T0.13-65-j26-1.2.H,65,7,54,30,30.0,Gelenk,0.55
17.T0.13-66-j26-1.2.H,66,10,76,42,42.0,Gelenk,0.21
17.T0.13-67-j26-1.2.H,67,7,122,67,67.0,Gelenk,0.28
17.T0.13-68-j26-2.17.H,68,7,135,74,74.0,Gelenk,0.31
17.T0.13-69-j26-1.3.H,69,7,34,19,27.0,Solo,0.72
17.T0.13-73-j26-4.5.H,73,12,46,25,25.0,Gelenk,0.53
17.T0.13-84-j26-1.1.H,84,12,5,3,4.0,Solo,1.0
17.T0.17-708-j26-2.1.H,E8,6,13,7,10.0,Solo,0.25
170.T0.13-35-j26-1.4.R,35,17,77,42,42.0,Gelenk,0.5
170.T0.13-36-j26-7.11.R,36,15,72,40,40.0,Gelenk,0.59
170.T0.13-38-j26-1.7.R,38,21,16,9,13.0,Solo,0.19
170.T0.13-43-j26-2.6.R,43,18,23,13,19.0,Solo,0.67
170.T0.13-44-j26-2.3.R,44,21,24,13,19.0,Solo,0.52
170.T0.13-51-j26-1.7.R,51,16,26,14,20.0,Solo,0.09
170.T0.13-65-j26-1.8.R,65,16,77,42,42.0,Gelenk,0.53
170.T0.17-708-j26-2.2.R,E8,7,15,8,11.0,Solo,0.29
171.T0.13-35-j26-1.4.R,35,17,43,24,24.0,Gelenk,0.5
171.T0.13-36-j26-7.11.R,36,16,63,35,35.0,Gelenk,0.59
171.T0.13-38-j26-1.5.R,38,21,4,2,3.0,Solo,0.11
171.T0.13-43-j26-2.6.R,43,18,20,11,16.0,Solo,0.67
171.T0.13-44-j26-2.3.R,44,22,19,10,14.0,Solo,0.52
171.T0.13-51-j26-1.7.R,51,16,20,11,16.0,Solo,0.09
171.T0.13-65-j26-1.8.R,65,16,31,17,17.0,Gelenk,0.53
171.T0.17-708-j26-2.2.R,E8,7,12,7,10.0,Solo,0.29
172.T0.13-35-j26-1.4.R,35,17,72,40,40.0,Gelenk,0.5
172.T0.13-36-j26-7.11.R,36,16,66,36,36.0,Gelenk,0.59
172.T0.13-38-j26-1.7.R,38,21,22,12,17.0,Solo,0.19
172.T0.13-43-j26-2.6.R,43,18,13,7,10.0,Solo,0.67
172.T0.13-44-j26-2.3.R,44,23,13,7,10.0,Solo,0.52
172.T0.13-65-j26-1.8.R,65,17,62,34,34.0,Gelenk,0.53
172.T0.17-708-j26-2.2.R,E8,7,17,9,13.0,Solo,0.29
173.T0.13-35-j26-1.4.R,35,17,97,53,53.0,Gelenk,0.5
173.T0.13-36-j26-7.11.R,36,16,115,63,63.0,Gelenk,0.59
173.T0.13-38-j26-1.5.R,38,22,6,3,4.0,Solo,0.11
173.T0.13-43-j26-2.6.R,43,19,19,10,14.0,Solo,0.67
173.T0.13-44-j26-2.3.R,44,23,9,5,7.0,Solo,0.52
173.T0.13-51-j26-1.7.R,51,16,25,14,20.0,Solo,0.09
173.T0.13-65-j26-1.8.R,65,17,63,35,35.0,Gelenk,0.53
173.T0.17-708-j26-2.2.R,E8,7,15,8,11.0,Solo,0.29
174.T0.13-35-j26-1.4.R,35,17,78,43,43.0,Gelenk,0.5
174.T0.13-36-j26-7.11.R,36,16,76,42,42.0,Gelenk,0.59
174.T0.13-38-j26-1.7.R,38,22,42,23,33.0,Solo,0.19
174.T0.13-43-j26-2.6.R,43,19,23,13,19.0,Solo,0.67
174.T0.13-51-j26-1.7.R,51,16,34,19,27.0,Solo,0.09
174.T0.13-65-j26-1.8.R,65,17,70,38,38.0,Gelenk,0.53
174.T0.17-708-j26-2.2.R,E8,7,20,11,16.0,Solo,0.29
175.T0.13-35-j26-1.4.R,35,17,45,25,25.0,Gelenk,0.5
175.T0.13-36-j26-7.11.R,36,16,63,35,35.0,Gelenk,0.59
175.T0.13-38-j26-1.5.R,38,23,4,2,3.0,Solo,0.11
175.T0.13-43-j26-2.6.R,43,19,29,16,23.0,Solo,0.67
175.T0.13-51-j26-1.7.R,51,17,24,13,19.0,Solo,0.09
175.T0.13-65-j26-1.8.R,65,17,47,26,26.0,Gelenk,0.53
175.T0.17-708-j26-2.2.R,E8,7,11,6,9.0,Solo,0.29
176.T0.13-35-j26-1.4.R,35,18,38,21,21.0,Gelenk,0.5
176.T0.13-36-j26-7.11.R,36,16,50,28,28.0,Gelenk,0.59
176.T0.13-38-j26-1.7.R,38,23,11,6,9.0,Solo,0.19
176.T0.13-43-j26-2.6.R,43,20,24,13,19.0,Solo,0.67
176.T0.13-51-j26-1.7.R,51,17,23,13,19.0,Solo,0.09
176.T0.13-65-j26-1.8.R,65,17,37,20,20.0,Gelenk,0.53
176.T0.17-708-j26-2.2.R,E8,7,15,8,11.0,Solo,0.29
177.T0.13-35-j26-1.4.R,35,18,52,29,29.0,Gelenk,0.5
177.T0.13-36-j26-7.11.R,36,17,134,74,74.0,Gelenk,0.59
177.T0.13-38-j26-1.7.R,38,23,7,4,6.0,Solo,0.19
177.T0.13-43-j26-2.6.R,43,20,17,9,13.0,Solo,0.67
177.T0.13-51-j26-1.7.R,51,17,36,20,29.0,Solo,0.09
177.T0.13-65-j26-1.8.R,65,17,72,40,40.0,Gelenk,0.53
177.T0.17-708-j26-2.2.R,E8,7,19,10,14.0,Solo,0.29
178.T0.13-35-j26-1.4.R,35,18,55,30,30.0,Gelenk,0.5
178.T0.13-36-j26-7.11.R,36,17,86,47,47.0,Gelenk,0.59
178.T0.13-43-j26-2.6.R,43,20,22,12,17.0,Solo,0.67
178.T0.13-51-j26-1.7.R,51,17,19,10,14.0,Solo,0.09
178.T0.13-65-j26-1.8.R,65,18,87,48,48.0,Gelenk,0.53
178.T0.17-708-j26-2.2.R,E8,7,11,6,9.0,Solo,0.29
179.T0.13-35-j26-1.4.R,35,18,58,32,32.0,Gelenk,0.5
179.T0.13-36-j26-7.11.R,36,17,83,46,46.0,Gelenk,0.59
179.T0.13-43-j26-2.6.R,43,21,12,7,10.0,Solo,0.67
179.T0.13-51-j26-1.7.R,51,17,23,13,19.0,Solo,0.09
179.T0.13-65-j26-1.8.R,65,18,60,33,33.0,Gelenk,0.53
179.T0.17-708-j26-2.2.R,E8,7,12,7,10.0,Solo,0.29
18.T0.13-21-j26-1.1.H,21,10,21,12,17.0,Solo,0.38
18.T0.13-30-j26-2.13.H,30,10,23,13,19.0,Solo,0.28
18.T0.13-31-j26-1.8.H,31,7,4,2,2.0,Gelenk,0.2
18.T0.13-32-j26-2.1.H,32,12,3,2,3.0,Solo,0.29
18.T0.13-34-j26-1.1.H,34,7,69,38,38.0,Gelenk,0.78
18.T0.13-35-j26-1.3.H,35,7,45,25,25.0,Gelenk,0.5
18.T0.13-36-j26-7.9.H,36,8,74,41,41.0,Gelenk,0.57
18.T0.13-37-j26-1.1.H,37,11,168,92,92.0,Gelenk,0.39
18.T0.13-38-j26-1.3.H,38,8,68,37,53.0,Solo,0.19
18.T0.13-40-j26-1.5.H,40,8,37,20,20.0,Gelenk,0.46
18.T0.13-43-j26-2.5.H,43,7,40,22,31.0,Solo,0.5
18.T0.13-44-j26-2.1.H,44,8,35,19,27.0,Solo,0.52
18.T0.13-45-j26-2.6.H,45,9,49,27,27.0,Gelenk,0.44
18.T0.13-46-j26-1.4.H,46,10,54,30,30.0,Gelenk,0.33
18.T0.13-47-j26-1.5.H,47,11,112,62,62.0,Gelenk,0.25
18.T0.13-49-j26-1.2.R,49,7,12,7,10.0,Solo,0.33
18.T0.13-50-j26-1.1.H,50,17,39,21,30.0,Solo,0.14
18.T0.13-51-j26-1.4.H,51,8,31,17,24.0,Solo,0.09
18.T0.13-52-j26-1.5.H,52,10,22,12,17.0,Solo,0.1
18.T0.13-53-j26-1.2.H,53,9,15,8,11.0,Solo,0.09
18.T0.13-55-j26-1.1.H,55,8,14,8,11.0,Solo,0.38
18.T0.13-56-j26-1.10.H,56,9,17,9,13.0,Solo,0.16
18.T0.13-57-j26-1.5.H,57,8,21,12,17.0,Solo,0.19
18.T0.13-58-j26-1.7.H,58,9,31,17,17.0,Gelenk,0.0
18.T0.13-59-j26-1.1.H,59,14,26,14,20.0,Solo,0.25
18.T0.13-60-j26-1.2.R,60,17,28,15,15.0,Gelenk,0.28
18.T0.13-61-j26-5.25.H,61,7,20,11,11.0,Gelenk,0.08
18.T0.13-62-j26-1.1.H,62,8,22,12,12.0,Gelenk,0.12
18.T0.13-65-j26-1.2.H,65,7,63,35,35.0,Gelenk,0.55
18.T0.13-66-j26-1.1.H,66,10,28,15,15.0,Gelenk,0.25
18.T0.13-67-j26-1.2.H,67,7,85,47,47.0,Gelenk,0.28
18.T0.13-68-j26-2.17.H,68,8,154,85,85.0,Gelenk,0.31
18.T0.13-69-j26-1.5.H,69,8,62,34,49.0,Solo,0.65
18.T0.13-73-j26-4.5.H,73,12,47,26,26.0,Gelenk,0.53
18.T0.13-82-j26-3.1.H,82,13,19,10,14.0,Solo,0.25
18.T0.13-84-j26-1.1.H,84,12,6,3,4.0,Solo,1.0
18.T0.17-708-j26-2.1.H,E8,6,14,8,11.0,Solo,0.25
180.T0.13-35-j26-1.4.R,35,18,58,32,32.0,Gelenk,0.5
180.T0.13-36-j26-7.11.R,36,17,101,56,56.0,Gelenk,0.59
180.T0.13-43-j26-2.6.R,43,21,11,6,9.0,Solo,0.67
180.T0.13-51-j26-1.7.R,51,17,39,21,30.0,Solo,0.09
180.T0.13-65-j26-1.8.R,65,18,55,30,30.0,Gelenk,0.53
180.T0.17-708-j26-2.2.R,E8,8,19,10,14.0,Solo,0.29
181.T0.13-35-j26-1.4.R,35,18,35,19,19.0,Gelenk,0.5
181.T0.13-36-j26-7.11.R,36,17,63,35,35.0,Gelenk,0.59
181.T0.13-43-j26-2.6.R,43,21,21,12,17.0,Solo,0.67
181.T0.13-65-j26-1.8.R,65,18,66,36,36.0,Gelenk,0.53
181.T0.17-708-j26-2.2.R,E8,8,19,10,14.0,Solo,0.29
182.T0.13-35-j26-1.4.R,35,19,55,30,30.0,Gelenk,0.5
182.T0.13-36-j26-7.11.R,36,17,77,42,42.0,Gelenk,0.59
182.T0.13-43-j26-2.6.R,43,22,18,10,14.0,Solo,0.67
182.T0.13-51-j26-1.7.R,51,18,21,12,17.0,Solo,0.09
182.T0.13-65-j26-1.8.R,65,18,45,25,25.0,Gelenk,0.53
182.T0.17-708-j26-2.2.R,E8,8,13,7,10.0,Solo,0.29
183.T0.13-35-j26-1.4.R,35,19,59,32,32.0,Gelenk,0.5
183.T0.13-36-j26-7.1.R,36,18,66,36,36.0,Gelenk,0.59
183.T0.13-43-j26-2.6.R,43,22,9,5,7.0,Solo,0.67
183.T0.13-51-j26-1.7.R,51,18,19,10,14.0,Solo,0.09
183.T0.13-65-j26-1.8.R,65,19,53,29,29.0,Gelenk,0.53
183.T0.17-708-j26-2.2.R,E8,8,14,8,11.0,Solo,0.29
184.T0.13-35-j26-1.4.R,35,19,37,20,20.0,Gelenk,0.5
184.T0.13-36-j26-7.11.R,36,18,51,28,28.0,Gelenk,0.59
184.T0.13-43-j26-2.6.R,43,22,11,6,9.0,Solo,0.67
184.T0.13-51-j26-1.7.R,51,18,27,15,21.0,Solo,0.09
184.T0.13-65-j26-1.8.R,65,19,75,41,41.0,Gelenk,0.53
184.T0.17-708-j26-2.2.R,E8,8,15,8,11.0,Solo,0.29
185.T0.13-35-j26-1.4.R,35,20,36,20,20.0,Gelenk,0.5
185.T0.13-36-j26-7.1.R,36,18,62,34,34.0,Gelenk,0.59
185.T0.13-43-j26-2.6.R,43,23,6,3,4.0,Solo,0.67
185.T0.13-51-j26-1.7.R,51,19,15,8,11.0,Solo,0.09
185.T0.13-65-j26-1.8.R,65,19,49,27,27.0,Gelenk,0.53
185.T0.17-708-j26-2.2.R,E8,8,13,7,10.0,Solo,0.29
186.T0.13-35-j26-1.4.R,35,20,30,16,16.0,Gelenk,0.5
186.T0.13-36-j26-7.1.R,36,18,63,35,35.0,Gelenk,0.59
186.T0.13-43-j26-2.6.R,43,23,9,5,7.0,Solo,0.67
186.T0.13-51-j26-1.7.R,51,19,13,7,10.0,Solo,0.09
186.T0.13-65-j26-1.8.R,65,20,49,27,27.0,Gelenk,0.53
186.T0.17-708-j26-2.2.R,E8,8,15,8,11.0,Solo,0.29
187.T0.13-35-j26-1.4.R,35,20,44,24,24.0,Gelenk,0.5
187.T0.13-36-j26-7.1.R,36,18,60,33,33.0,Gelenk,0.59
187.T0.13-43-j26-2.6.R,43,23,5,3,4.0,Solo,0.67
187.T0.13-51-j26-1.7.R,51,19,14,8,11.0,Solo,0.09
187.T0.13-65-j26-1.8.R,65,20,49,27,27.0,Gelenk,0.53
187.T0.17-708-j26-2.2.R,E8,8,20,11,16.0,Solo,0.29
188.T0.13-35-j26-1.4.R,35,21,16,9,9.0,Gelenk,0.5
188.T0.13-36-j26-7.1.R,36,18,66,36,36.0,Gelenk,0.59
188.T0.13-43-j26-2.6.R,43,24,7,4,6.0,Solo,0.67
188.T0.13-51-j26-1.7.R,51,20,16,9,13.0,Solo,0.09
188.T0.13-65-j26-1.8.R,65,20,56,31,31.0,Gelenk,0.53
188.T0.17-708-j26-2.2.R,E8,8,13,7,10.0,Solo,0.29
189.T0.13-35-j26-1.4.R,35,21,27,15,15.0,Gelenk,0.5
189.T0.13-36-j26-7.1.R,36,19,30,16,16.0,Gelenk,0.59
189.T0.13-43-j26-2.6.R,43,24,3,2,3.0,Solo,0.67
189.T0.13-51-j26-1.7.R,51,20,21,12,17.0,Solo,0.09
189.T0.13-65-j26-1.8.R,65,21,27,15,15.0,Gelenk,0.53
189.T0.17-708-j26-2.2.R,E8,8,14,8,11.0,Solo,0.29
19.T0.13-21-j26-1.1.H,21,10,16,9,13.0,Solo,0.38
19.T0.13-30-j26-2.13.H,30,11,35,19,27.0,Solo,0.28
19.T0.13-31-j26-1.8.H,31,8,3,2,2.0,Gelenk,0.2
19.T0.13-32-j26-2.1.H,32,13,2,1,1.0,Solo,0.29
19.T0.13-34-j26-1.1.H,34,8,76,42,42.0,Gelenk,0.78
19.T0.13-35-j26-1.3.H,35,7,67,37,37.0,Gelenk,0.5
19.T0.13-36-j26-7.9.H,36,8,92,51,51.0,Gelenk,0.57
19.T0.13-37-j26-1.1.H,37,12,127,70,70.0,Gelenk,0.39
19.T0.13-38-j26-1.2.H,38,8,19,10,14.0,Solo,0.11
19.T0.13-40-j26-1.5.H,40,8,26,14,14.0,Gelenk,0.46
19.T0.13-43-j26-2.5.H,43,8,40,22,31.0,Solo,0.5
19.T0.13-44-j26-2.2.H,44,8,39,21,30.0,Solo,0.58
19.T0.13-45-j26-2.6.H,45,10,102,56,56.0,Gelenk,0.44
19.T0.13-46-j26-1.4.H,46,10,38,21,21.0,Gelenk,0.33
19.T0.13-47-j26-1.5.H,47,12,51,28,28.0,Gelenk,0.25
19.T0.13-49-j26-1.2.R,49,8,23,13,19.0,Solo,0.33
19.T0.13-50-j26-1.2.H,50,18,5,3,4.0,Solo,0.08
19.T0.13-51-j26-1.4.H,51,8,28,15,21.0,Solo,0.09
19.T0.13-52-j26-1.5.H,52,11,18,10,14.0,Solo,0.1
19.T0.13-54-j26-1.1.H,54,12,23,13,19.0,Solo,0.21
19.T0.13-55-j26-1.1.H,55,8,23,13,19.0,Solo,0.38
19.T0.13-56-j26-1.10.H,56,9,15,8,11.0,Solo,0.16
19.T0.13-57-j26-1.5.H,57,9,23,13,19.0,Solo,0.19
19.T0.13-58-j26-1.7.H,58,10,21,12,12.0,Gelenk,0.0
19.T0.13-59-j26-1.1.H,59,15,25,14,20.0,Solo,0.25
19.T0.13-60-j26-1.2.R,60,18,52,29,29.0,Gelenk,0.28
19.T0.13-61-j26-5.26.H,61,7,53,29,29.0,Gelenk,0.06
19.T0.13-62-j26-1.1.H,62,8,27,15,15.0,Gelenk,0.12
19.T0.13-65-j26-1.2.H,65,7,73,40,40.0,Gelenk,0.55
19.T0.13-66-j26-1.2.H,66,10,36,20,20.0,Gelenk,0.21
19.T0.13-67-j26-1.2.H,67,7,110,61,61.0,Gelenk,0.28
19.T0.13-68-j26-2.17.H,68,8,119,65,65.0,Gelenk,0.31
19.T0.13-69-j26-1.3.H,69,8,44,24,34.0,Solo,0.72
19.T0.13-73-j26-4.5.H,73,13,71,39,39.0,Gelenk,0.53
19.T0.13-82-j26-3.1.H,82,13,34,19,27.0,Solo,0.25
19.T0.13-84-j26-1.1.H,84,13,8,4,6.0,Solo,1.0
19.T0.17-708-j26-2.1.H,E8,7,9,5,7.0,Solo,0.25
190.T0.13-35-j26-1.4.R,35,21,41,23,23.0,Gelenk,0.5
190.T0.13-36-j26-7.1.R,36,19,49,27,27.0,Gelenk,0.59
190.T0.13-51-j26-1.7.R,51,20,22,12,17.0,Solo,0.09
190.T0.13-65-j26-1.8.R,65,21,26,14,14.0,Gelenk,0.53
190.T0.17-708-j26-2.2.R,E8,8,12,7,10.0,Solo,0.29
191.T0.13-35-j26-1.4.R,35,22,22,12,12.0,Gelenk,0.5
191.T0.13-36-j26-7.11.R,36,19,45,25,25.0,Gelenk,0.59
191.T0.13-43-j26-2.6.R,43,24,6,3,4.0,Solo,0.67
191.T0.13-51-j26-1.6.R,51,21,15,8,11.0,Solo,0.12
191.T0.13-65-j26-1.8.R,65,21,23,13,13.0,Gelenk,0.53
191.T0.17-708-j26-2.2.R,E8,9,20,11,16.0,Solo,0.29
192.T0.13-35-j26-1.4.R,35,22,21,12,12.0,Gelenk,0.5
192.T0.13-36-j26-7.1.R,36,19,43,24,24.0,Gelenk,0.59
192.T0.13-51-j26-1.5.R,51,21,11,6,9.0,Solo,0.09
192.T0.13-65-j26-1.8.R,65,22,30,16,16.0,Gelenk,0.53
192.T0.17-708-j26-2.2.R,E8,9,9,5,7.0,Solo,0.29
193.T0.13-35-j26-1.4.R,35,22,25,14,14.0,Gelenk,0.5
193.T0.13-36-j26-7.11.R,36,19,31,17,17.0,Gelenk,0.59
193.T0.13-51-j26-1.6.R,51,22,6,3,4.0,Solo,0.12
193.T0.13-65-j26-1.8.R,65,22,25,14,14.0,Gelenk,0.53
193.T0.17-708-j26-2.2.R,E8,9,21,12,17.0,Solo,0.29
194.T0.13-35-j26-1.4.R,35,23,13,7,7.0,Gelenk,0.5
194.T0.13-36-j26-7.11.R,36,20,44,24,24.0,Gelenk,0.59
194.T0.13-51-j26-1.5.R,51,22,8,4,6.0,Solo,0.09
194.T0.13-65-j26-1.8.R,65,22,36,20,20.0,Gelenk,0.53
194.T0.17-708-j26-2.2.R,E8,9,18,10,14.0,Solo,0.29
195.T0.13-35-j26-1.4.R,35,23,13,7,7.0,Gelenk,0.5
195.T0.13-36-j26-7.11.R,36,20,49,27,27.0,Gelenk,0.59
195.T0.13-51-j26-1.6.R,51,22,4,2,3.0,Solo,0.12
195.T0.13-65-j26-1.8.R,65,23,19,10,10.0,Gelenk,0.53
195.T0.17-708-j26-2.2.R,E8,9,10,6,9.0,Solo,0.29
196.T0.13-35-j26-1.4.R,35,23,17,9,9.0,Gelenk,0.5
196.T0.13-36-j26-7.11.R,36,20,54,30,30.0,Gelenk,0.59
196.T0.13-51-j26-1.5.R,51,22,17,9,13.0,Solo,0.09
196.T0.13-65-j26-1.8.R,65,23,13,7,7.0,Gelenk,0.53
196.T0.17-708-j26-2.2.R,E8,9,15,8,11.0,Solo,0.29
197.T0.13-35-j26-1.4.R,35,24,33,18,18.0,Gelenk,0.5
197.T0.13-36-j26-7.11.R,36,21,54,30,30.0,Gelenk,0.59
197.T0.13-51-j26-1.6.R,51,23,5,3,4.0,Solo,0.12
197.T0.13-65-j26-1.8.R,65,23,19,10,10.0,Gelenk,0.53
197.T0.17-708-j26-2.2.R,E8,10,14,8,11.0,Solo,0.29
198.T0.13-35-j26-1.4.R,35,24,23,13,13.0,Gelenk,0.5
198.T0.13-36-j26-7.11.R,36,21,34,19,19.0,Gelenk,0.59
198.T0.13-51-j26-1.5.R,51,23,8,4,6.0,Solo,0.09
198.T0.13-65-j26-1.8.R,65,24,18,10,10.0,Gelenk,0.53
198.T0.17-708-j26-2.2.R,E8,10,15,8,11.0,Solo,0.29
199.T0.13-36-j26-7.11.R,36,21,45,25,25.0,Gelenk,0.59
199.T0.13-51-j26-1.6.R,51,24,4,2,3.0,Solo,0.12
199.T0.13-65-j26-1.8.R,65,24,18,10,10.0,Gelenk,0.53
199.T0.17-708-j26-2.2.R,E8,10,18,10,14.0,Solo,0.29
2.T0.13-21-j26-1.1.H,21,5,11,6,9.0,Solo,0.38
2.T0.13-30-j26-2.13.H,30,4,5,3,4.0,Solo,0.28
2.T0.13-31-j26-1.6.H,31,5,9,5,5.0,Gelenk,0.0
2.T0.13-32-j26-2.1.H,32,5,1,1,1.0,Solo,0.29
2.T0.13-34-j26-1.1.H,34,5,11,6,6.0,Gelenk,0.78
2.T0.13-35-j26-1.2.H,35,4,10,6,6.0,Gelenk,0.47
2.T0.13-36-j26-7.9.H,36,5,70,38,38.0,Gelenk,0.57
2.T0.13-37-j26-1.5.H,37,5,8,4,4.0,Gelenk,1.0
2.T0.13-38-j26-1.1.H,38,5,15,8,11.0,Solo,0.19
2.T0.13-40-j26-1.3.H,40,5,12,7,7.0,Gelenk,0.39
2.T0.13-43-j26-2.4.H,43,4,4,2,3.0,Solo,0.0
2.T0.13-44-j26-2.1.H,44,5,14,8,11.0,Solo,0.52
2.T0.13-45-j26-2.6.H,45,4,25,14,14.0,Gelenk,0.44
2.T0.13-46-j26-1.4.H,46,5,19,10,10.0,Gelenk,0.33
2.T0.13-47-j26-1.5.H,47,5,11,6,6.0,Gelenk,0.25
2.T0.13-49-j26-1.1.H,49,6,3,2,3.0,Solo,0.2
2.T0.13-50-j26-1.2.H,50,6,2,1,1.0,Solo,0.08
2.T0.13-51-j26-1.4.H,51,5,6,3,4.0,Solo,0.09
2.T0.13-52-j26-1.5.H,52,5,8,4,6.0,Solo,0.1
2.T0.13-53-j26-1.2.H,53,5,7,4,6.0,Solo,0.09
2.T0.13-54-j26-1.1.H,54,5,12,7,10.0,Solo,0.21
2.T0.13-55-j26-1.1.H,55,5,5,3,4.0,Solo,0.38
2.T0.13-56-j26-1.10.H,56,5,7,4,6.0,Solo,0.16
2.T0.13-57-j26-1.5.H,57,5,7,4,6.0,Solo,0.19
2.T0.13-58-j26-1.5.H,58,5,12,7,7.0,Gelenk,0.14
2.T0.13-59-j26-1.1.H,59,5,7,4,6.0,Solo,0.25
2.T0.13-60-j26-1.1.H,60,6,15,8,8.0,Gelenk,0.26
2.T0.13-61-j26-5.25.H,61,5,15,8,8.0,Gelenk,0.08
2.T0.13-62-j26-1.1.H,62,4,10,6,6.0,Gelenk,0.12
2.T0.13-65-j26-1.2.H,65,4,15,8,8.0,Gelenk,0.55
2.T0.13-66-j26-1.2.H,66,5,18,10,10.0,Gelenk,0.21
2.T0.13-67-j26-1.2.H,67,5,26,14,14.0,Gelenk,0.28
2.T0.13-68-j26-2.15.H,68,4,5,3,3.0,Gelenk,0.07
2.T0.13-69-j26-1.5.H,69,5,10,6,9.0,Solo,0.65
2.T0.13-73-j26-4.5.H,73,5,7,4,4.0,Gelenk,0.53
2.T0.13-82-j26-3.1.H,82,5,15,8,11.0,Solo,0.25
2.T0.13-84-j26-1.1.H,84,7,9,5,7.0,Solo,1.0
2.T0.13-89-j26-1.3.H,89,6,48,26,26.0,Gelenk,0.06
2.T0.13-91-j26-1.4.H,91,13,14,8,11.0,Solo,0.08
2.T0.13-92-j26-1.4.R,92,6,17,9,13.0,Solo,0.12
2.T0.13-93-j26-1.4.R,93,7,15,8,11.0,Solo,0.17
2.T0.13-94-j26-4.4.R,94,7,74,41,41.0,Gelenk,0.59
2.T0.13-95-j26-1.4.R,95,13,15,8,11.0,Solo,0.73
2.T0.13-96-j26-1.5.R,96,6,28,15,15.0,Gelenk,0.16
2.T0.13-97-j26-1.5.R,97,11,36,20,20.0,Gelenk,0.25
2.T0.13-98-j26-1.3.H,98,13,30,16,16.0,Gelenk,0.19
2.T0.13-99-j26-1.2.R,99,11,71,39,39.0,Gelenk,0.0
2.T0.17-708-j26-2.1.H,E8,4,5,3,4.0,Solo,0.25
20.T0.13-21-j26-1.1.H,21,10,23,13,19.0,Solo,0.38
20.T0.13-30-j26-2.13.H,30,12,29,16,23.0,Solo,0.28
20.T0.13-31-j26-1.10.H,31,8,42,23,23.0,Gelenk,0.1
20.T0.13-32-j26-2.1.H,32,13,3,2,3.0,Solo,0.29
20.T0.13-34-j26-1.1.H,34,8,70,38,38.0,Gelenk,0.78
20.T0.13-35-j26-1.3.H,35,7,59,32,32.0,Gelenk,0.5
20.T0.13-36-j26-7.9.H,36,8,84,46,46.0,Gelenk,0.57
20.T0.13-37-j26-1.1.H,37,12,113,62,62.0,Gelenk,0.39
20.T0.13-38-j26-1.1.H,38,8,34,19,27.0,Solo,0.19
20.T0.13-40-j26-1.5.H,40,9,27,15,15.0,Gelenk,0.46
20.T0.13-43-j26-2.5.H,43,8,51,28,40.0,Solo,0.5
20.T0.13-44-j26-2.1.H,44,8,22,12,17.0,Solo,0.52
20.T0.13-45-j26-2.6.H,45,10,71,39,39.0,Gelenk,0.44
20.T0.13-46-j26-1.4.H,46,11,52,29,29.0,Gelenk,0.33
20.T0.13-47-j26-1.4.H,47,12,13,7,7.0,Gelenk,0.0
20.T0.13-49-j26-1.2.R,49,15,9,5,7.0,Solo,0.33
20.T0.13-50-j26-1.2.H,50,19,4,2,3.0,Solo,0.08
20.T0.13-52-j26-1.5.H,52,11,22,12,17.0,Solo,0.1
20.T0.13-53-j26-1.1.H,53,9,10,6,9.0,Solo,0.13
20.T0.13-55-j26-1.1.H,55,8,25,14,20.0,Solo,0.38
20.T0.13-56-j26-1.10.H,56,9,13,7,10.0,Solo,0.16
20.T0.13-57-j26-1.5.H,57,9,20,11,16.0,Solo,0.19
20.T0.13-58-j26-1.7.H,58,10,22,12,12.0,Gelenk,0.0
20.T0.13-59-j26-1.1.H,59,15,26,14,20.0,Solo,0.25
20.T0.13-60-j26-1.2.R,60,22,22,12,12.0,Gelenk,0.28
20.T0.13-61-j26-5.26.H,61,7,21,12,12.0,Gelenk,0.06
20.T0.13-62-j26-1.1.H,62,8,37,20,20.0,Gelenk,0.12
20.T0.13-65-j26-1.2.H,65,7,57,31,31.0,Gelenk,0.55
20.T0.13-66-j26-1.1.H,66,11,29,16,16.0,Gelenk,0.25
20.T0.13-67-j26-1.3.H,67,7,27,15,15.0,Gelenk,0.31
20.T0.13-68-j26-2.17.H,68,8,137,75,75.0,Gelenk,0.31
20.T0.13-69-j26-1.5.H,69,8,70,38,54.0,Solo,0.65
20.T0.13-73-j26-4.5.H,73,14,93,51,51.0,Gelenk,0.53
20.T0.13-82-j26-3.1.H,82,14,46,25,36.0,Solo,0.25
20.T0.13-84-j26-1.1.H,84,13,6,3,4.0,Solo,1.0
20.T0.17-708-j26-2.1.H,E8,7,12,7,10.0,Solo,0.25
200.T0.13-36-j26-7.11.R,36,22,25,14,14.0,Gelenk,0.59
200.T0.13-51-j26-1.5.R,51,24,5,3,4.0,Solo,0.09
200.T0.17-708-j26-2.2.R,E8,10,11,6,9.0,Solo,0.29
201.T0.13-36-j26-7.11.R,36,22,23,13,13.0,Gelenk,0.59
201.T0.17-708-j26-2.2.R,E8,10,14,8,11.0,Solo,0.29
202.T0.13-36-j26-7.11.R,36,22,22,12,12.0,Gelenk,0.59
202.T0.17-708-j26-2.2.R,E8,10,18,10,14.0,Solo,0.29
203.T0.13-36-j26-7.11.R,36,23,16,9,9.0,Gelenk,0.59
203.T0.17-708-j26-2.2.R,E8,11,32,18,26.0,Solo,0.29
204.T0.13-36-j26-7.15.R,36,23,18,10,10.0,Gelenk,0.59
204.T0.17-708-j26-2.2.R,E8,11,16,9,13.0,Solo,0.29
205.T0.13-36-j26-7.15.R,36,23,15,8,8.0,Gelenk,0.59
205.T0.17-708-j26-2.2.R,E8,11,24,13,19.0,Solo,0.29
206.T0.13-36-j26-7.15.R,36,24,28,15,15.0,Gelenk,0.59
206.T0.17-708-j26-2.2.R,E8,11,17,9,13.0,Solo,0.29
207.T0.17-708-j26-2.2.R,E8,11,11,6,9.0,Solo,0.29
208.T0.17-708-j26-2.2.R,E8,11,17,9,13.0,Solo,0.29
209.T0.17-708-j26-2.2.R,E8,12,14,8,11.0,Solo,0.29
21.T0.13-21-j26-1.1.H,21,11,36,20,29.0,Solo,0.38
21.T0.13-30-j26-2.12.H,30,12,2,1,1.0,Solo,0.0
21.T0.13-31-j26-1.8.H,31,8,4,2,2.0,Gelenk,0.2
21.T0.13-32-j26-2.1.H,32,13,2,1,1.0,Solo,0.29
21.T0.13-34-j26-1.1.H,34,8,54,30,30.0,Gelenk,0.78
21.T0.13-35-j26-1.3.H,35,7,71,39,39.0,Gelenk,0.5
21.T0.13-36-j26-7.9.H,36,8,115,63,63.0,Gelenk,0.57
21.T0.13-37-j26-1.1.H,37,13,135,74,74.0,Gelenk,0.39
21.T0.13-38-j26-1.2.H,38,8,8,4,6.0,Solo,0.11
21.T0.13-40-j26-1.5.H,40,9,33,18,18.0,Gelenk,0.46
21.T0.13-43-j26-2.5.H,43,8,53,29,41.0,Solo,0.5
21.T0.13-44-j26-2.2.H,44,9,17,9,13.0,Solo,0.58
21.T0.13-45-j26-2.6.H,45,10,74,41,41.0,Gelenk,0.44
21.T0.13-46-j26-1.4.H,46,11,69,38,38.0,Gelenk,0.33
21.T0.13-47-j26-1.5.H,47,13,39,21,21.0,Gelenk,0.25
21.T0.13-49-j26-1.2.R,49,15,6,3,4.0,Solo,0.33
21.T0.13-50-j26-1.2.H,50,19,3,2,3.0,Solo,0.08
21.T0.13-51-j26-1.4.H,51,8,25,14,20.0,Solo,0.09
21.T0.13-52-j26-1.5.H,52,11,19,10,14.0,Solo,0.1
21.T0.13-53-j26-1.1.H,53,10,10,6,9.0,Solo,0.13
21.T0.13-54-j26-1.1.H,54,12,23,13,19.0,Solo,0.21
21.T0.13-55-j26-1.1.H,55,8,21,12,17.0,Solo,0.38
21.T0.13-56-j26-1.10.H,56,10,16,9,13.0,Solo,0.16
21.T0.13-57-j26-1.5.H,57,9,21,12,17.0,Solo,0.19
21.T0.13-58-j26-1.7.H,58,10,18,10,10.0,Gelenk,0.0
21.T0.13-59-j26-1.1.H,59,16,34,19,27.0,Solo,0.25
21.T0.13-61-j26-5.25.H,61,8,25,14,14.0,Gelenk,0.08
21.T0.13-62-j26-1.1.H,62,8,48,26,26.0,Gelenk,0.12
21.T0.13-65-j26-1.2.H,65,8,66,36,36.0,Gelenk,0.55
21.T0.13-66-j26-1.2.H,66,11,56,31,31.0,Gelenk,0.21
21.T0.13-67-j26-1.2.H,67,8,158,87,87.0,Gelenk,0.28
21.T0.13-68-j26-2.17.H,68,9,52,29,29.0,Gelenk,0.31
21.T0.13-69-j26-1.3.H,69,8,22,12,17.0,Solo,0.72
21.T0.13-73-j26-4.5.H,73,14,56,31,31.0,Gelenk,0.53
21.T0.13-82-j26-3.1.H,82,15,33,18,26.0,Solo,0.25
21.T0.13-84-j26-1.1.H,84,13,6,3,4.0,Solo,1.0
21.T0.17-708-j26-2.1.H,E8,7,15,8,11.0,Solo,0.25
210.T0.17-708-j26-2.2.R,E8,12,22,12,17.0,Solo,0.29
211.T0.17-708-j26-2.2.R,E8,12,24,13,19.0,Solo,0.29
212.T0.17-708-j26-2.2.R,E8,12,21,12,17.0,Solo,0.29
213.T0.17-708-j26-2.2.R,E8,12,18,10,14.0,Solo,0.29
214.T0.17-708-j26-2.2.R,E8,12,11,6,9.0,Solo,0.29
215.T0.17-708-j26-2.2.R,E8,13,14,8,11.0,Solo,0.29
216.T0.17-708-j26-2.2.R,E8,13,16,9,13.0,Solo,0.29
217.T0.17-708-j26-2.2.R,E8,13,14,8,11.0,Solo,0.29
218.T0.17-708-j26-2.2.R,E8,13,9,5,7.0,Solo,0.29
219.T0.17-708-j26-2.2.R,E8,13,14,8,11.0,Solo,0.29
22.T0.13-21-j26-1.1.H,21,11,31,17,24.0,Solo,0.38
22.T0.13-30-j26-2.13.H,30,12,54,30,43.0,Solo,0.28
22.T0.13-31-j26-1.8.H,31,8,3,2,2.0,Gelenk,0.2
22.T0.13-32-j26-2.1.H,32,14,3,2,3.0,Solo,0.29
22.T0.13-34-j26-1.1.H,34,8,84,46,46.0,Gelenk,0.78
22.T0.13-35-j26-1.3.H,35,8,56,31,31.0,Gelenk,0.5
22.T0.13-36-j26-7.9.H,36,9,41,23,23.0,Gelenk,0.57
22.T0.13-37-j26-1.1.H,37,13,113,62,62.0,Gelenk,0.39
22.T0.13-38-j26-1.3.H,38,8,56,31,44.0,Solo,0.19
22.T0.13-40-j26-1.5.H,40,9,32,18,18.0,Gelenk,0.46
22.T0.13-43-j26-2.5.H,43,8,43,24,34.0,Solo,0.5
22.T0.13-44-j26-2.1.H,44,9,24,13,19.0,Solo,0.52
22.T0.13-45-j26-2.6.H,45,11,118,65,65.0,Gelenk,0.44
22.T0.13-46-j26-1.4.H,46,11,51,28,28.0,Gelenk,0.33
22.T0.13-47-j26-1.5.H,47,13,36,20,20.0,Gelenk,0.25
22.T0.13-49-j26-1.2.R,49,15,10,6,9.0,Solo,0.33
22.T0.13-50-j26-1.2.H,50,20,3,2,3.0,Solo,0.08
22.T0.13-51-j26-1.4.H,51,8,18,10,14.0,Solo,0.09
22.T0.13-52-j26-1.5.H,52,12,15,8,11.0,Solo,0.1
22.T0.13-54-j26-1.1.H,54,13,13,7,10.0,Solo,0.21
22.T0.13-55-j26-1.1.H,55,9,20,11,16.0,Solo,0.38
22.T0.13-56-j26-1.10.H,56,10,11,6,9.0,Solo,0.16
22.T0.13-57-j26-1.5.H,57,10,19,10,14.0,Solo,0.19
22.T0.13-58-j26-1.7.H,58,11,27,15,15.0,Gelenk,0.0
22.T0.13-59-j26-1.1.H,59,17,29,16,23.0,Solo,0.25
22.T0.13-61-j26-5.31.H,61,8,38,21,21.0,Gelenk,0.07
22.T0.13-62-j26-1.1.H,62,9,37,20,20.0,Gelenk,0.12
22.T0.13-65-j26-1.2.H,65,8,78,43,43.0,Gelenk,0.55
22.T0.13-66-j26-1.1.H,66,11,37,20,20.0,Gelenk,0.25
22.T0.13-67-j26-1.3.H,67,8,26,14,14.0,Gelenk,0.31
22.T0.13-68-j26-2.17.H,68,9,81,45,45.0,Gelenk,0.31
22.T0.13-69-j26-1.3.H,69,8,47,26,37.0,Solo,0.72
22.T0.13-73-j26-4.5.H,73,15,33,18,18.0,Gelenk,0.53
22.T0.13-82-j26-3.1.H,82,15,23,13,19.0,Solo,0.25
22.T0.13-84-j26-1.1.H,84,14,7,4,6.0,Solo,1.0
22.T0.17-708-j26-2.1.H,E8,7,13,7,10.0,Solo,0.25
220.T0.17-708-j26-2.2.R,E8,13,17,9,13.0,Solo,0.29
221.T0.17-708-j26-2.2.R,E8,13,15,8,11.0,Solo,0.29
222.T0.17-708-j26-2.2.R,E8,13,13,7,10.0,Solo,0.29
223.T0.17-708-j26-2.2.R,E8,13,12,7,10.0,Solo,0.29
224.T0.17-708-j26-2.2.R,E8,13,11,6,9.0,Solo,0.29
225.T0.17-708-j26-2.2.R,E8,13,14,8,11.0,Solo,0.29
226.T0.17-708-j26-2.2.R,E8,13,11,6,9.0,Solo,0.29
227.T0.17-708-j26-2.2.R,E8,14,13,7,10.0,Solo,0.29
228.T0.17-708-j26-2.2.R,E8,14,15,8,11.0,Solo,0.29
229.T0.17-708-j26-2.2.R,E8,14,10,6,9.0,Solo,0.29
23.T0.13-21-j26-1.1.H,21,11,22,12,17.0,Solo,0.38
23.T0.13-30-j26-2.12.H,30,13,1,1,1.0,Solo,0.0
23.T0.13-31-j26-1.9.H,31,8,18,10,10.0,Gelenk,0.16
23.T0.13-32-j26-2.1.H,32,14,2,1,1.0,Solo,0.29
23.T0.13-34-j26-1.1.H,34,9,76,42,42.0,Gelenk,0.78
23.T0.13-35-j26-1.3.H,35,8,86,47,47.0,Gelenk,0.5
23.T0.13-36-j26-7.9.H,36,9,78,43,43.0,Gelenk,0.57
23.T0.13-37-j26-1.1.H,37,13,68,37,37.0,Gelenk,0.39
23.T0.13-38-j26-1.1.H,38,9,46,25,36.0,Solo,0.19
23.T0.13-40-j26-1.5.H,40,10,34,19,19.0,Gelenk,0.46
23.T0.13-43-j26-2.5.H,43,8,36,20,29.0,Solo,0.5
23.T0.13-44-j26-2.1.H,44,9,27,15,21.0,Solo,0.52
23.T0.13-45-j26-2.6.H,45,11,49,27,27.0,Gelenk,0.44
23.T0.13-46-j26-1.4.H,46,12,75,41,41.0,Gelenk,0.33
23.T0.13-47-j26-1.4.H,47,13,7,4,4.0,Gelenk,0.0
23.T0.13-49-j26-1.2.R,49,16,12,7,10.0,Solo,0.33
23.T0.13-50-j26-1.2.H,50,21,1,1,1.0,Solo,0.08
23.T0.13-51-j26-1.4.H,51,9,31,17,24.0,Solo,0.09
23.T0.13-52-j26-1.5.H,52,12,27,15,21.0,Solo,0.1
23.T0.13-53-j26-1.2.H,53,10,19,10,14.0,Solo,0.09
23.T0.13-54-j26-1.1.H,54,13,17,9,13.0,Solo,0.21
23.T0.13-55-j26-1.1.H,55,9,12,7,10.0,Solo,0.38
23.T0.13-56-j26-1.10.H,56,10,14,8,11.0,Solo,0.16
23.T0.13-57-j26-1.5.H,57,10,18,10,14.0,Solo,0.19
23.T0.13-58-j26-1.7.H,58,11,15,8,8.0,Gelenk,0.0
23.T0.13-59-j26-1.1.H,59,17,37,20,29.0,Solo,0.25
23.T0.13-61-j26-5.25.H,61,8,35,19,19.0,Gelenk,0.08
23.T0.13-62-j26-1.1.H,62,9,30,16,16.0,Gelenk,0.12
23.T0.13-65-j26-1.2.H,65,8,58,32,32.0,Gelenk,0.55
23.T0.13-66-j26-1.2.H,66,12,55,30,30.0,Gelenk,0.21
23.T0.13-67-j26-1.2.H,67,8,145,80,80.0,Gelenk,0.28
23.T0.13-68-j26-2.17.H,68,9,81,45,45.0,Gelenk,0.31
23.T0.13-69-j26-1.3.H,69,9,41,23,33.0,Solo,0.72
23.T0.13-73-j26-4.5.H,73,15,23,13,13.0,Gelenk,0.53
23.T0.13-82-j26-3.1.H,82,16,70,38,54.0,Solo,0.25
23.T0.13-84-j26-1.1.H,84,14,6,3,4.0,Solo,1.0
23.T0.17-708-j26-2.1.H,E8,7,15,8,11.0,Solo,0.25
230.T0.17-708-j26-2.2.R,E8,14,13,7,10.0,Solo,0.29
231.T0.17-708-j26-2.2.R,E8,14,10,6,9.0,Solo,0.29
232.T0.17-708-j26-2.2.R,E8,14,14,8,11.0,Solo,0.29
233.T0.17-708-j26-2.2.R,E8,14,14,8,11.0,Solo,0.29
234.T0.17-708-j26-2.2.R,E8,14,6,3,4.0,Solo,0.29
235.T0.17-708-j26-2.2.R,E8,14,16,9,13.0,Solo,0.29
236.T0.17-708-j26-2.2.R,E8,14,6,3,4.0,Solo,0.29
237.T0.17-708-j26-2.2.R,E8,14,10,6,9.0,Solo,0.29
238.T0.17-708-j26-2.2.R,E8,14,16,9,13.0,Solo,0.29
239.T0.17-708-j26-2.2.R,E8,15,12,7,10.0,Solo,0.29
24.T0.13-21-j26-1.1.H,21,12,21,12,17.0,Solo,0.38
24.T0.13-30-j26-2.13.H,30,13,18,10,14.0,Solo,0.28
24.T0.13-31-j26-1.8.H,31,8,4,2,2.0,Gelenk,0.2
24.T0.13-32-j26-2.1.H,32,14,2,1,1.0,Solo,0.29
24.T0.13-34-j26-1.1.H,34,9,84,46,46.0,Gelenk,0.78
24.T0.13-35-j26-1.3.H,35,8,54,30,30.0,Gelenk,0.5
24.T0.13-36-j26-7.9.H,36,9,40,22,22.0,Gelenk,0.57
24.T0.13-37-j26-1.1.H,37,14,90,50,50.0,Gelenk,0.39
24.T0.13-38-j26-1.3.H,38,9,30,16,23.0,Solo,0.19
24.T0.13-40-j26-1.5.H,40,10,29,16,16.0,Gelenk,0.46
24.T0.13-43-j26-2.5.H,43,8,49,27,39.0,Solo,0.5
24.T0.13-44-j26-2.1.H,44,9,17,9,13.0,Solo,0.52
24.T0.13-45-j26-2.6.H,45,11,74,41,41.0,Gelenk,0.44
24.T0.13-46-j26-1.4.H,46,12,56,31,31.0,Gelenk,0.33
24.T0.13-47-j26-1.5.H,47,13,58,32,32.0,Gelenk,0.25
24.T0.13-49-j26-1.2.R,49,16,8,4,6.0,Solo,0.33
24.T0.13-50-j26-1.2.H,50,21,3,2,3.0,Solo,0.08
24.T0.13-51-j26-1.4.H,51,9,27,15,21.0,Solo,0.09
24.T0.13-52-j26-1.5.H,52,12,16,9,13.0,Solo,0.1
24.T0.13-54-j26-1.1.H,54,14,24,13,19.0,Solo,0.21
24.T0.13-55-j26-1.1.H,55,9,16,9,13.0,Solo,0.38
24.T0.13-56-j26-1.10.H,56,11,12,7,10.0,Solo,0.16
24.T0.13-57-j26-1.5.H,57,10,22,12,17.0,Solo,0.19
24.T0.13-58-j26-1.7.H,58,11,17,9,9.0,Gelenk,0.0
24.T0.13-59-j26-1.1.H,59,18,15,8,11.0,Solo,0.25
24.T0.13-61-j26-5.31.H,61,9,28,15,15.0,Gelenk,0.07
24.T0.13-62-j26-1.1.H,62,9,25,14,14.0,Gelenk,0.12
24.T0.13-65-j26-1.2.H,65,8,55,30,30.0,Gelenk,0.55
24.T0.13-66-j26-1.2.H,66,12,34,19,19.0,Gelenk,0.21
24.T0.13-67-j26-1.2.H,67,8,100,55,55.0,Gelenk,0.28
24.T0.13-68-j26-2.17.H,68,10,124,68,68.0,Gelenk,0.31
24.T0.13-69-j26-1.3.H,69,9,35,19,27.0,Solo,0.72
24.T0.13-73-j26-4.5.H,73,15,32,18,18.0,Gelenk,0.53
24.T0.13-82-j26-3.1.H,82,17,25,14,20.0,Solo,0.25
24.T0.13-84-j26-1.1.H,84,14,5,3,4.0,Solo,1.0
24.T0.17-708-j26-2.1.H,E8,7,18,10,14.0,Solo,0.25
240.T0.17-708-j26-2.2.R,E8,15,10,6,9.0,Solo,0.29
241.T0.17-708-j26-2.2.R,E8,15,16,9,13.0,Solo,0.29
242.T0.17-708-j26-2.2.R,E8,15,10,6,9.0,Solo,0.29
243.T0.17-708-j26-2.2.R,E8,15,12,7,10.0,Solo,0.29
244.T0.17-708-j26-2.2.R,E8,15,11,6,9.0,Solo,0.29
245.T0.17-708-j26-2.2.R,E8,15,13,7,10.0,Solo,0.29
246.T0.17-708-j26-2.2.R,E8,15,11,6,9.0,Solo,0.29
247.T0.17-708-j26-2.2.R,E8,15,12,7,10.0,Solo,0.29
248.T0.17-708-j26-2.2.R,E8,15,12,7,10.0,Solo,0.29
249.T0.17-708-j26-2.2.R,E8,15,11,6,9.0,Solo,0.29
25.T0.13-21-j26-1.1.H,21,12,34,19,27.0,Solo,0.38
25.T0.13-30-j26-2.13.H,30,13,26,14,20.0,Solo,0.28
25.T0.13-31-j26-1.8.H,31,8,3,2,2.0,Gelenk,0.2
25.T0.13-32-j26-2.1.H,32,15,3,2,3.0,Solo,0.29
25.T0.13-34-j26-1.1.H,34,9,77,42,42.0,Gelenk,0.78
25.T0.13-35-j26-1.3.H,35,8,52,29,29.0,Gelenk,0.5
25.T0.13-36-j26-7.9.H,36,9,50,28,28.0,Gelenk,0.57
25.T0.13-37-j26-1.1.H,37,14,106,58,58.0,Gelenk,0.39
25.T0.13-38-j26-1.1.H,38,9,59,32,46.0,Solo,0.19
25.T0.13-40-j26-1.5.H,40,10,17,9,9.0,Gelenk,0.46
25.T0.13-43-j26-2.5.H,43,9,43,24,34.0,Solo,0.5
25.T0.13-44-j26-2.1.H,44,10,20,11,16.0,Solo,0.52
25.T0.13-45-j26-2.6.H,45,12,102,56,56.0,Gelenk,0.44
25.T0.13-46-j26-1.4.H,46,12,104,57,57.0,Gelenk,0.33
25.T0.13-47-j26-1.5.H,47,13,48,26,26.0,Gelenk,0.25
25.T0.13-49-j26-1.2.R,49,16,12,7,10.0,Solo,0.33
25.T0.13-50-j26-1.2.H,50,22,1,1,1.0,Solo,0.08
25.T0.13-51-j26-1.4.H,51,9,27,15,21.0,Solo,0.09
25.T0.13-52-j26-1.5.H,52,13,18,10,14.0,Solo,0.1
25.T0.13-53-j26-1.1.H,53,10,10,6,9.0,Solo,0.13
25.T0.13-54-j26-1.1.H,54,14,26,14,20.0,Solo,0.21
25.T0.13-55-j26-1.1.H,55,10,19,10,14.0,Solo,0.38
25.T0.13-56-j26-1.10.H,56,11,13,7,10.0,Solo,0.16
25.T0.13-57-j26-1.5.H,57,11,19,10,14.0,Solo,0.19
25.T0.13-58-j26-1.7.H,58,12,19,10,10.0,Gelenk,0.0
25.T0.13-59-j26-1.1.H,59,19,19,10,14.0,Solo,0.25
25.T0.13-61-j26-5.25.H,61,9,53,29,29.0,Gelenk,0.08
25.T0.13-62-j26-1.1.H,62,10,36,20,20.0,Gelenk,0.12
25.T0.13-65-j26-1.2.H,65,8,84,46,46.0,Gelenk,0.55
25.T0.13-66-j26-1.2.H,66,12,43,24,24.0,Gelenk,0.21
25.T0.13-67-j26-1.2.H,67,9,110,61,61.0,Gelenk,0.28
25.T0.13-68-j26-2.17.H,68,10,81,45,45.0,Gelenk,0.31
25.T0.13-69-j26-1.3.H,69,9,34,19,27.0,Solo,0.72
25.T0.13-73-j26-4.5.H,73,16,30,16,16.0,Gelenk,0.53
25.T0.13-82-j26-3.1.H,82,17,66,36,51.0,Solo,0.25
25.T0.13-84-j26-1.1.H,84,15,6,3,4.0,Solo,1.0
25.T0.17-708-j26-2.1.H,E8,7,14,8,11.0,Solo,0.25
250.T0.17-708-j26-2.2.R,E8,15,14,8,11.0,Solo,0.29
251.T0.17-708-j26-2.2.R,E8,16,16,9,13.0,Solo,0.29
252.T0.17-708-j26-2.2.R,E8,16,10,6,9.0,Solo,0.29
253.T0.17-708-j26-2.2.R,E8,16,20,11,16.0,Solo,0.29
254.T0.17-708-j26-2.2.R,E8,16,14,8,11.0,Solo,0.29
255.T0.17-708-j26-2.2.R,E8,16,11,6,9.0,Solo,0.29
256.T0.17-708-j26-2.2.R,E8,16,20,11,16.0,Solo,0.29
257.T0.17-708-j26-2.2.R,E8,16,17,9,13.0,Solo,0.29
258.T0.17-708-j26-2.2.R,E8,16,11,6,9.0,Solo,0.29
259.T0.17-708-j26-2.2.R,E8,16,23,13,19.0,Solo,0.29
26.T0.13-21-j26-1.1.H,21,12,35,19,27.0,Solo,0.38
26.T0.13-30-j26-2.13.H,30,13,24,13,19.0,Solo,0.28
26.T0.13-31-j26-1.3.H,31,8,63,35,35.0,Gelenk,0.11
26.T0.13-32-j26-2.1.H,32,15,3,2,3.0,Solo,0.29
26.T0.13-34-j26-1.1.H,34,10,56,31,31.0,Gelenk,0.78
26.T0.13-35-j26-1.3.H,35,8,46,25,25.0,Gelenk,0.5
26.T0.13-36-j26-7.9.H,36,9,63,35,35.0,Gelenk,0.57
26.T0.13-37-j26-1.1.H,37,14,117,64,64.0,Gelenk,0.39
26.T0.13-38-j26-1.3.H,38,10,33,18,26.0,Solo,0.19
26.T0.13-40-j26-1.5.H,40,11,22,12,12.0,Gelenk,0.46
26.T0.13-43-j26-2.5.H,43,9,36,20,29.0,Solo,0.5
26.T0.13-44-j26-2.1.H,44,10,32,18,26.0,Solo,0.52
26.T0.13-45-j26-2.6.H,45,12,69,38,38.0,Gelenk,0.44
26.T0.13-46-j26-1.4.H,46,13,48,26,26.0,Gelenk,0.33
26.T0.13-47-j26-1.5.H,47,14,56,31,31.0,Gelenk,0.25
26.T0.13-49-j26-1.2.R,49,17,9,5,7.0,Solo,0.33
26.T0.13-50-j26-1.2.H,50,23,1,1,1.0,Solo,0.08
26.T0.13-51-j26-1.4.H,51,10,19,10,14.0,Solo,0.09
26.T0.13-53-j26-1.1.H,53,11,18,10,14.0,Solo,0.13
26.T0.13-54-j26-1.1.H,54,15,26,14,20.0,Solo,0.21
26.T0.13-55-j26-1.1.H,55,10,21,12,17.0,Solo,0.38
26.T0.13-56-j26-1.10.H,56,11,15,8,11.0,Solo,0.16
26.T0.13-57-j26-1.5.H,57,11,24,13,19.0,Solo,0.19
26.T0.13-58-j26-1.7.H,58,12,32,18,18.0,Gelenk,0.0
26.T0.13-59-j26-1.1.H,59,19,15,8,11.0,Solo,0.25
26.T0.13-61-j26-5.31.H,61,9,39,21,21.0,Gelenk,0.07
26.T0.13-62-j26-1.1.H,62,10,26,14,14.0,Gelenk,0.12
26.T0.13-65-j26-1.2.H,65,8,71,39,39.0,Gelenk,0.55
26.T0.13-66-j26-1.2.H,66,13,40,22,22.0,Gelenk,0.21
26.T0.13-67-j26-1.2.H,67,9,117,64,64.0,Gelenk,0.28
26.T0.13-68-j26-2.17.H,68,10,122,67,67.0,Gelenk,0.31
26.T0.13-69-j26-1.3.H,69,10,26,14,20.0,Solo,0.72
26.T0.13-73-j26-4.5.H,73,16,24,13,13.0,Gelenk,0.53
26.T0.13-82-j26-3.1.H,82,18,43,24,34.0,Solo,0.25
26.T0.13-84-j26-1.1.H,84,15,7,4,6.0,Solo,1.0
26.T0.17-708-j26-2.1.H,E8,7,19,10,14.0,Solo,0.25
260.T0.17-708-j26-2.2.R,E8,16,15,8,11.0,Solo,0.29
261.T0.17-708-j26-2.2.R,E8,16,11,6,9.0,Solo,0.29
262.T0.17-708-j26-2.2.R,E8,16,18,10,14.0,Solo,0.29
263.T0.17-708-j26-2.2.R,E8,17,16,9,13.0,Solo,0.29
264.T0.17-708-j26-2.2.R,E8,17,30,16,23.0,Solo,0.29
265.T0.17-708-j26-2.2.R,E8,17,46,25,36.0,Solo,0.29
266.T0.17-708-j26-2.2.R,E8,17,25,14,20.0,Solo,0.29
267.T0.17-708-j26-2.2.R,E8,17,26,14,20.0,Solo,0.29
268.T0.17-708-j26-2.2.R,E8,17,20,11,16.0,Solo,0.29
269.T0.17-708-j26-2.2.R,E8,17,14,8,11.0,Solo,0.29
27.T0.13-21-j26-1.1.H,21,13,21,12,17.0,Solo,0.38
27.T0.13-30-j26-2.13.H,30,14,20,11,16.0,Solo,0.28
27.T0.13-31-j26-1.3.H,31,9,44,24,24.0,Gelenk,0.11
27.T0.13-32-j26-2.1.H,32,15,5,3,4.0,Solo,0.29
27.T0.13-34-j26-1.1.H,34,10,61,34,34.0,Gelenk,0.78
27.T0.13-35-j26-1.3.H,35,8,60,33,33.0,Gelenk,0.5
27.T0.13-36-j26-7.9.H,36,9,50,28,28.0,Gelenk,0.57
27.T0.13-37-j26-1.1.H,37,15,101,56,56.0,Gelenk,0.39
27.T0.13-38-j26-1.1.H,38,10,42,23,33.0,Solo,0.19
27.T0.13-40-j26-1.5.H,40,11,26,14,14.0,Gelenk,0.46
27.T0.13-43-j26-2.4.H,43,9,18,10,14.0,Solo,0.0
27.T0.13-44-j26-2.1.H,44,10,31,17,24.0,Solo,0.52
27.T0.13-45-j26-2.6.H,45,12,89,49,49.0,Gelenk,0.44
27.T0.13-46-j26-1.4.H,46,13,49,27,27.0,Gelenk,0.33
27.T0.13-47-j26-1.5.H,47,14,30,16,16.0,Gelenk,0.25
27.T0.13-50-j26-1.2.H,50,23,1,1,1.0,Solo,0.08
27.T0.13-51-j26-1.4.H,51,10,22,12,17.0,Solo,0.09
27.T0.13-52-j26-1.5.H,52,13,14,8,11.0,Solo,0.1
27.T0.13-53-j26-1.2.H,53,11,25,14,20.0,Solo,0.09
27.T0.13-54-j26-1.1.H,54,16,34,19,27.0,Solo,0.21
27.T0.13-55-j26-1.1.H,55,10,10,6,9.0,Solo,0.38
27.T0.13-56-j26-1.10.H,56,12,15,8,11.0,Solo,0.16
27.T0.13-57-j26-1.5.H,57,11,26,14,20.0,Solo,0.19
27.T0.13-58-j26-1.7.H,58,12,30,16,16.0,Gelenk,0.0
27.T0.13-59-j26-1.1.H,59,20,12,7,10.0,Solo,0.25
27.T0.13-61-j26-5.25.H,61,10,31,17,17.0,Gelenk,0.08
27.T0.13-62-j26-1.1.H,62,10,44,24,24.0,Gelenk,0.12
27.T0.13-65-j26-1.2.H,65,9,54,30,30.0,Gelenk,0.55
27.T0.13-66-j26-1.2.H,66,13,31,17,17.0,Gelenk,0.21
27.T0.13-67-j26-1.2.H,67,9,89,49,49.0,Gelenk,0.28
27.T0.13-68-j26-2.17.H,68,11,72,40,40.0,Gelenk,0.31
27.T0.13-69-j26-1.3.H,69,10,35,19,27.0,Solo,0.72
27.T0.13-73-j26-4.5.H,73,16,36,20,20.0,Gelenk,0.53
27.T0.13-82-j26-3.1.H,82,19,35,19,27.0,Solo,0.25
27.T0.13-84-j26-1.1.H,84,15,6,3,4.0,Solo,1.0
27.T0.17-708-j26-2.1.H,E8,7,20,11,16.0,Solo,0.25
270.T0.17-708-j26-2.2.R,E8,18,19,10,14.0,Solo,0.29
271.T0.17-708-j26-2.2.R,E8,18,23,13,19.0,Solo,0.29
272.T0.17-708-j26-2.2.R,E8,18,24,13,19.0,Solo,0.29
273.T0.17-708-j26-2.2.R,E8,18,16,9,13.0,Solo,0.29
274.T0.17-708-j26-2.2.R,E8,18,12,7,10.0,Solo,0.29
275.T0.17-708-j26-2.2.R,E8,18,28,15,21.0,Solo,0.29
276.T0.17-708-j26-2.2.R,E8,19,14,8,11.0,Solo,0.29
277.T0.17-708-j26-2.2.R,E8,19,8,4,6.0,Solo,0.29
278.T0.17-708-j26-2.2.R,E8,19,11,6,9.0,Solo,0.29
279.T0.17-708-j26-2.2.R,E8,19,16,9,13.0,Solo,0.29
28.T0.13-21-j26-1.1.H,21,13,23,13,19.0,Solo,0.38
28.T0.13-30-j26-2.13.H,30,14,23,13,19.0,Solo,0.28
28.T0.13-31-j26-1.3.H,31,10,46,25,25.0,Gelenk,0.11
28.T0.13-32-j26-2.1.H,32,16,3,2,3.0,Solo,0.29
28.T0.13-34-j26-1.1.H,34,10,47,26,26.0,Gelenk,0.78
28.T0.13-35-j26-1.3.H,35,9,38,21,21.0,Gelenk,0.5
28.T0.13-36-j26-7.9.H,36,10,54,30,30.0,Gelenk,0.57
28.T0.13-37-j26-1.1.H,37,15,119,65,65.0,Gelenk,0.39
28.T0.13-38-j26-1.3.H,38,10,41,23,33.0,Solo,0.19
28.T0.13-40-j26-1.3.H,40,11,71,39,39.0,Gelenk,0.39
28.T0.13-43-j26-2.5.H,43,9,40,22,31.0,Solo,0.5
28.T0.13-44-j26-2.1.H,44,11,25,14,20.0,Solo,0.52
28.T0.13-45-j26-2.6.H,45,13,89,49,49.0,Gelenk,0.44
28.T0.13-46-j26-1.4.H,46,13,71,39,39.0,Gelenk,0.33
28.T0.13-47-j26-1.5.H,47,14,51,28,28.0,Gelenk,0.25
28.T0.13-50-j26-1.4.R,50,5,2,1,1.0,Solo,0.11
28.T0.13-51-j26-1.4.H,51,10,25,14,20.0,Solo,0.09
28.T0.13-52-j26-1.5.H,52,14,22,12,17.0,Solo,0.1
28.T0.13-54-j26-1.1.H,54,16,27,15,21.0,Solo,0.21
28.T0.13-55-j26-1.1.H,55,11,20,11,16.0,Solo,0.38
28.T0.13-56-j26-1.10.H,56,12,19,10,14.0,Solo,0.16
28.T0.13-57-j26-1.5.H,57,12,28,15,21.0,Solo,0.19
28.T0.13-58-j26-1.7.H,58,13,49,27,27.0,Gelenk,0.0
28.T0.13-59-j26-1.1.H,59,21,15,8,11.0,Solo,0.25
28.T0.13-61-j26-5.31.H,61,10,26,14,14.0,Gelenk,0.07
28.T0.13-62-j26-1.1.H,62,11,50,28,28.0,Gelenk,0.12
28.T0.13-65-j26-1.2.H,65,9,45,25,25.0,Gelenk,0.55
28.T0.13-66-j26-1.2.H,66,13,58,32,32.0,Gelenk,0.21
28.T0.13-67-j26-1.2.H,67,10,80,44,44.0,Gelenk,0.28
28.T0.13-68-j26-2.17.H,68,11,91,50,50.0,Gelenk,0.31
28.T0.13-69-j26-1.3.H,69,10,26,14,20.0,Solo,0.72
28.T0.13-73-j26-4.5.H,73,17,32,18,18.0,Gelenk,0.53
28.T0.13-82-j26-3.1.H,82,20,22,12,17.0,Solo,0.25
28.T0.13-84-j26-1.1.H,84,16,9,5,7.0,Solo,1.0
28.T0.17-708-j26-2.1.H,E8,7,18,10,14.0,Solo,0.25
280.T0.17-708-j26-2.2.R,E8,19,18,10,14.0,Solo,0.29
281.T0.17-708-j26-2.2.R,E8,19,12,7,10.0,Solo,0.29
282.T0.17-708-j26-2.2.R,E8,20,11,6,9.0,Solo,0.29
283.T0.17-708-j26-2.2.R,E8,20,24,13,19.0,Solo,0.29
284.T0.17-708-j26-2.2.R,E8,20,13,7,10.0,Solo,0.29
285.T0.17-708-j26-2.2.R,E8,20,10,6,9.0,Solo,0.29
286.T0.17-708-j26-2.2.R,E8,20,10,6,9.0,Solo,0.29
287.T0.17-708-j26-2.2.R,E8,21,11,6,9.0,Solo,0.29
288.T0.17-708-j26-2.2.R,E8,21,17,9,13.0,Solo,0.29
289.T0.17-708-j26-2.2.R,E8,21,12,7,10.0,Solo,0.29
29.T0.13-21-j26-1.1.H,21,13,25,14,20.0,Solo,0.38
29.T0.13-30-j26-2.13.H,30,14,25,14,20.0,Solo,0.28
29.T0.13-31-j26-1.3.H,31,10,39,21,21.0,Gelenk,0.11
29.T0.13-32-j26-2.1.H,32,16,3,2,3.0,Solo,0.29
29.T0.13-34-j26-1.1.H,34,11,48,26,26.0,Gelenk,0.78
29.T0.13-35-j26-1.3.H,35,9,38,21,21.0,Gelenk,0.5
29.T0.13-36-j26-7.9.H,36,10,57,31,31.0,Gelenk,0.57
29.T0.13-37-j26-1.1.H,37,15,114,63,63.0,Gelenk,0.39
29.T0.13-38-j26-1.1.H,38,11,28,15,21.0,Solo,0.19
29.T0.13-40-j26-1.4.H,40,12,50,28,28.0,Gelenk,0.53
29.T0.13-43-j26-2.5.H,43,10,35,19,27.0,Solo,0.5
29.T0.13-44-j26-2.1.H,44,11,23,13,19.0,Solo,0.52
29.T0.13-45-j26-2.6.H,45,13,69,38,38.0,Gelenk,0.44
29.T0.13-46-j26-1.4.H,46,14,99,54,54.0,Gelenk,0.33
29.T0.13-47-j26-1.5.H,47,15,58,32,32.0,Gelenk,0.25
29.T0.13-50-j26-1.5.R,50,6,11,6,9.0,Solo,0.14
29.T0.13-51-j26-1.4.H,51,11,33,18,26.0,Solo,0.09
29.T0.13-52-j26-1.5.H,52,14,44,24,34.0,Solo,0.1
29.T0.13-54-j26-1.1.H,54,17,22,12,17.0,Solo,0.21
29.T0.13-55-j26-1.1.H,55,11,16,9,13.0,Solo,0.38
29.T0.13-56-j26-1.10.H,56,12,17,9,13.0,Solo,0.16
29.T0.13-57-j26-1.5.H,57,12,21,12,17.0,Solo,0.19
29.T0.13-58-j26-1.7.H,58,13,22,12,12.0,Gelenk,0.0
29.T0.13-59-j26-1.1.H,59,23,8,4,6.0,Solo,0.25
29.T0.13-61-j26-5.25.H,61,10,22,12,12.0,Gelenk,0.08
29.T0.13-62-j26-1.1.H,62,11,42,23,23.0,Gelenk,0.12
29.T0.13-65-j26-1.2.H,65,9,45,25,25.0,Gelenk,0.55
29.T0.13-66-j26-1.2.H,66,14,45,25,25.0,Gelenk,0.21
29.T0.13-67-j26-1.2.H,67,10,100,55,55.0,Gelenk,0.28
29.T0.13-68-j26-2.17.H,68,11,97,53,53.0,Gelenk,0.31
29.T0.13-69-j26-1.3.H,69,11,32,18,26.0,Solo,0.72
29.T0.13-73-j26-4.5.H,73,17,59,32,32.0,Gelenk,0.53
29.T0.13-82-j26-3.1.H,82,20,21,12,17.0,Solo,0.25
29.T0.13-84-j26-1.1.H,84,16,4,2,3.0,Solo,1.0
29.T0.17-708-j26-2.1.H,E8,7,13,7,10.0,Solo,0.25
290.T0.17-708-j26-2.2.R,E8,22,6,3,4.0,Solo,0.29
291.T0.17-708-j26-2.2.R,E8,22,9,5,7.0,Solo,0.29
292.T0.17-708-j26-2.2.R,E8,22,9,5,7.0,Solo,0.29
293.T0.17-708-j26-2.2.R,E8,23,6,3,4.0,Solo,0.29
294.T0.17-708-j26-2.2.R,E8,23,11,6,9.0,Solo,0.29
295.T0.17-708-j26-2.2.R,E8,23,8,4,6.0,Solo,0.29
296.T0.17-708-j26-2.2.R,E8,24,5,3,4.0,Solo,0.29
297.T0.17-708-j26-2.2.R,E8,24,4,2,3.0,Solo,0.29
3.T0.13-21-j26-1.1.H,21,5,8,4,6.0,Solo,0.38
3.T0.13-30-j26-2.14.H,30,5,1,1,1.0,Solo,0.08
3.T0.13-31-j26-1.7.H,31,5,17,9,9.0,Gelenk,0.08
3.T0.13-32-j26-2.1.H,32,5,1,1,1.0,Solo,0.29
3.T0.13-34-j26-1.1.H,34,5,13,7,7.0,Gelenk,0.78
3.T0.13-35-j26-1.3.H,35,4,13,7,7.0,Gelenk,0.5
3.T0.13-36-j26-7.9.H,36,6,50,28,28.0,Gelenk,0.57
3.T0.13-37-j26-1.1.H,37,5,25,14,14.0,Gelenk,0.39
3.T0.13-38-j26-1.2.H,38,5,3,2,3.0,Solo,0.11
3.T0.13-40-j26-1.4.H,40,5,16,9,9.0,Gelenk,0.53
3.T0.13-43-j26-2.5.H,43,5,19,10,14.0,Solo,0.5
3.T0.13-44-j26-2.1.H,44,5,17,9,13.0,Solo,0.52
3.T0.13-45-j26-2.6.H,45,5,39,21,21.0,Gelenk,0.44
3.T0.13-46-j26-1.4.H,46,5,20,11,11.0,Gelenk,0.33
3.T0.13-47-j26-1.4.H,47,5,3,2,2.0,Gelenk,0.0
3.T0.13-49-j26-1.1.H,49,7,7,4,6.0,Solo,0.2
3.T0.13-50-j26-1.1.H,50,6,11,6,9.0,Solo,0.14
3.T0.13-51-j26-1.4.H,51,5,8,4,6.0,Solo,0.09
3.T0.13-52-j26-1.5.H,52,5,9,5,7.0,Solo,0.1
3.T0.13-54-j26-1.1.H,54,6,15,8,11.0,Solo,0.21
3.T0.13-55-j26-1.1.H,55,5,11,6,9.0,Solo,0.38
3.T0.13-56-j26-1.10.H,56,5,10,6,9.0,Solo,0.16
3.T0.13-57-j26-1.5.H,57,5,7,4,6.0,Solo,0.19
3.T0.13-58-j26-1.5.H,58,5,14,8,8.0,Gelenk,0.14
3.T0.13-59-j26-1.1.H,59,6,12,7,10.0,Solo,0.25
3.T0.13-60-j26-1.1.H,60,7,38,21,21.0,Gelenk,0.26
3.T0.13-61-j26-5.25.H,61,5,12,7,7.0,Gelenk,0.08
3.T0.13-62-j26-1.1.H,62,5,11,6,6.0,Gelenk,0.12
3.T0.13-65-j26-1.2.H,65,5,20,11,11.0,Gelenk,0.55
3.T0.13-66-j26-1.2.H,66,5,14,8,8.0,Gelenk,0.21
3.T0.13-67-j26-1.1.H,67,5,15,8,8.0,Gelenk,0.29
3.T0.13-68-j26-2.16.H,68,5,17,9,9.0,Gelenk,0.14
3.T0.13-69-j26-1.3.H,69,5,7,4,6.0,Solo,0.72
3.T0.13-73-j26-4.5.H,73,5,13,7,7.0,Gelenk,0.53
3.T0.13-82-j26-3.1.H,82,6,45,25,36.0,Solo,0.25
3.T0.13-84-j26-1.1.H,84,7,10,6,9.0,Solo,1.0
3.T0.13-89-j26-1.3.H,89,6,107,59,59.0,Gelenk,0.06
3.T0.13-91-j26-1.5.H,91,13,14,8,11.0,Solo,0.08
3.T0.13-96-j26-1.6.R,96,7,41,23,23.0,Gelenk,0.17
3.T0.13-97-j26-1.5.R,97,12,41,23,23.0,Gelenk,0.25
3.T0.13-98-j26-1.4.R,98,7,32,18,18.0,Gelenk,0.22
3.T0.13-99-j26-1.2.R,99,12,70,38,38.0,Gelenk,0.0
3.T0.17-708-j26-2.1.H,E8,4,3,2,3.0,Solo,0.25
30.T0.13-21-j26-1.1.H,21,13,19,10,14.0,Solo,0.38
30.T0.13-30-j26-2.13.H,30,15,23,13,19.0,Solo,0.28
30.T0.13-31-j26-1.7.H,31,11,141,78,78.0,Gelenk,0.08
30.T0.13-32-j26-2.1.H,32,16,3,2,3.0,Solo,0.29
30.T0.13-34-j26-1.1.H,34,11,59,32,32.0,Gelenk,0.78
30.T0.13-35-j26-1.3.H,35,9,49,27,27.0,Gelenk,0.5
30.T0.13-36-j26-7.9.H,36,10,40,22,22.0,Gelenk,0.57
30.T0.13-37-j26-1.1.H,37,16,89,49,49.0,Gelenk,0.39
30.T0.13-38-j26-1.3.H,38,11,43,24,34.0,Solo,0.19
30.T0.13-40-j26-1.3.H,40,12,45,25,25.0,Gelenk,0.39
30.T0.13-43-j26-2.5.H,43,10,36,20,29.0,Solo,0.5
30.T0.13-44-j26-2.2.H,44,11,18,10,14.0,Solo,0.58
30.T0.13-45-j26-2.6.H,45,13,73,40,40.0,Gelenk,0.44
30.T0.13-46-j26-1.4.H,46,14,71,39,39.0,Gelenk,0.33
30.T0.13-47-j26-1.5.H,47,15,67,37,37.0,Gelenk,0.25
30.T0.13-50-j26-1.4.R,50,6,2,1,1.0,Solo,0.11
30.T0.13-51-j26-1.4.H,51,11,24,13,19.0,Solo,0.09
30.T0.13-52-j26-1.5.H,52,14,26,14,20.0,Solo,0.1
30.T0.13-53-j26-1.1.H,53,11,7,4,6.0,Solo,0.13
30.T0.13-54-j26-1.1.H,54,18,33,18,26.0,Solo,0.21
30.T0.13-55-j26-1.1.H,55,11,15,8,11.0,Solo,0.38
30.T0.13-56-j26-1.10.H,56,13,18,10,14.0,Solo,0.16
30.T0.13-57-j26-1.5.H,57,12,28,15,21.0,Solo,0.19
30.T0.13-58-j26-1.5.H,58,13,65,36,36.0,Gelenk,0.14
30.T0.13-59-j26-1.6.H,59,24,8,4,6.0,Solo,0.25
30.T0.13-61-j26-5.31.H,61,11,15,8,8.0,Gelenk,0.07
30.T0.13-62-j26-1.1.H,62,11,31,17,17.0,Gelenk,0.12
30.T0.13-65-j26-1.2.H,65,9,46,25,25.0,Gelenk,0.55
30.T0.13-66-j26-1.2.H,66,14,38,21,21.0,Gelenk,0.21
30.T0.13-67-j26-1.2.H,67,10,100,55,55.0,Gelenk,0.28
30.T0.13-68-j26-2.17.H,68,12,108,59,59.0,Gelenk,0.31
30.T0.13-69-j26-1.3.H,69,11,40,22,31.0,Solo,0.72
30.T0.13-73-j26-4.5.H,73,17,33,18,18.0,Gelenk,0.53
30.T0.13-82-j26-3.1.H,82,21,10,6,9.0,Solo,0.25
30.T0.13-84-j26-1.1.H,84,16,6,3,4.0,Solo,1.0
30.T0.17-708-j26-2.1.H,E8,7,18,10,14.0,Solo,0.25
31.T0.13-21-j26-1.1.H,21,14,24,13,19.0,Solo,0.38
31.T0.13-30-j26-2.13.H,30,15,27,15,21.0,Solo,0.28
31.T0.13-31-j26-1.7.H,31,12,71,39,39.0,Gelenk,0.08
31.T0.13-32-j26-2.1.H,32,17,4,2,3.0,Solo,0.29
31.T0.13-34-j26-1.1.H,34,11,29,16,16.0,Gelenk,0.78
31.T0.13-35-j26-1.3.H,35,9,26,14,14.0,Gelenk,0.5
31.T0.13-36-j26-7.9.H,36,10,79,43,43.0,Gelenk,0.57
31.T0.13-37-j26-1.1.H,37,16,110,61,61.0,Gelenk,0.39
31.T0.13-38-j26-1.2.H,38,11,5,3,4.0,Solo,0.11
31.T0.13-40-j26-1.4.H,40,12,58,32,32.0,Gelenk,0.53
31.T0.13-43-j26-2.5.H,43,10,42,23,33.0,Solo,0.5
31.T0.13-44-j26-2.1.H,44,11,35,19,27.0,Solo,0.52
31.T0.13-45-j26-2.6.H,45,14,106,58,58.0,Gelenk,0.44
31.T0.13-46-j26-1.4.H,46,14,80,44,44.0,Gelenk,0.33
31.T0.13-47-j26-1.5.H,47,15,54,30,30.0,Gelenk,0.25
31.T0.13-50-j26-1.5.R,50,6,11,6,9.0,Solo,0.14
31.T0.13-51-j26-1.4.H,51,11,43,24,34.0,Solo,0.09
31.T0.13-52-j26-1.5.H,52,15,28,15,21.0,Solo,0.1
31.T0.13-53-j26-1.1.H,53,12,10,6,9.0,Solo,0.13
31.T0.13-54-j26-1.1.H,54,18,29,16,23.0,Solo,0.21
31.T0.13-55-j26-1.1.H,55,12,27,15,21.0,Solo,0.38
31.T0.13-56-j26-1.10.H,56,13,22,12,17.0,Solo,0.16
31.T0.13-57-j26-1.5.H,57,13,20,11,16.0,Solo,0.19
31.T0.13-58-j26-1.5.H,58,14,58,32,32.0,Gelenk,0.14
31.T0.13-59-j26-1.3.R,59,5,8,4,6.0,Solo,0.25
31.T0.13-61-j26-5.32.H,61,11,70,38,38.0,Gelenk,0.04
31.T0.13-62-j26-1.1.H,62,12,35,19,19.0,Gelenk,0.12
31.T0.13-65-j26-1.2.H,65,9,39,21,21.0,Gelenk,0.55
31.T0.13-66-j26-1.2.H,66,14,37,20,20.0,Gelenk,0.21
31.T0.13-67-j26-1.2.H,67,11,88,48,48.0,Gelenk,0.28
31.T0.13-68-j26-2.21.H,68,12,48,26,26.0,Gelenk,0.05
31.T0.13-69-j26-1.3.H,69,11,17,9,13.0,Solo,0.72
31.T0.13-73-j26-4.5.H,73,18,28,15,15.0,Gelenk,0.53
31.T0.13-82-j26-3.1.H,82,22,12,7,10.0,Solo,0.25
31.T0.13-84-j26-1.1.H,84,17,6,3,4.0,Solo,1.0
31.T0.17-708-j26-2.1.H,E8,8,26,14,20.0,Solo,0.25
32.T0.13-21-j26-1.1.H,21,14,32,18,26.0,Solo,0.38
32.T0.13-30-j26-2.13.H,30,15,32,18,26.0,Solo,0.28
32.T0.13-31-j26-1.7.H,31,12,60,33,33.0,Gelenk,0.08
32.T0.13-32-j26-2.1.H,32,17,5,3,4.0,Solo,0.29
32.T0.13-34-j26-1.1.H,34,12,81,45,45.0,Gelenk,0.78
32.T0.13-35-j26-1.3.H,35,9,50,28,28.0,Gelenk,0.5
32.T0.13-36-j26-7.9.H,36,10,50,28,28.0,Gelenk,0.57
32.T0.13-37-j26-1.1.H,37,16,142,78,78.0,Gelenk,0.39
32.T0.13-38-j26-1.1.H,38,11,38,21,30.0,Solo,0.19
32.T0.13-40-j26-1.6.H,40,13,53,29,29.0,Gelenk,0.43
32.T0.13-43-j26-2.5.H,43,11,36,20,29.0,Solo,0.5
32.T0.13-44-j26-2.2.H,44,12,39,21,30.0,Solo,0.58
32.T0.13-45-j26-2.6.H,45,14,92,51,51.0,Gelenk,0.44
32.T0.13-46-j26-1.4.H,46,15,80,44,44.0,Gelenk,0.33
32.T0.13-47-j26-1.5.H,47,16,79,43,43.0,Gelenk,0.25
32.T0.13-50-j26-1.4.R,50,7,5,3,4.0,Solo,0.11
32.T0.13-51-j26-1.4.H,51,12,20,11,16.0,Solo,0.09
32.T0.13-52-j26-1.5.H,52,15,12,7,10.0,Solo,0.1
32.T0.13-53-j26-1.2.H,53,12,33,18,26.0,Solo,0.09
32.T0.13-54-j26-1.1.H,54,19,10,6,9.0,Solo,0.21
32.T0.13-55-j26-1.1.H,55,12,29,16,23.0,Solo,0.38
32.T0.13-56-j26-1.10.H,56,13,17,9,13.0,Solo,0.16
32.T0.13-57-j26-1.5.H,57,13,29,16,23.0,Solo,0.19
32.T0.13-58-j26-1.5.H,58,14,34,19,19.0,Gelenk,0.14
32.T0.13-59-j26-1.3.R,59,6,8,4,6.0,Solo,0.25
32.T0.13-61-j26-5.25.H,61,11,39,21,21.0,Gelenk,0.08
32.T0.13-62-j26-1.1.H,62,12,42,23,23.0,Gelenk,0.12
32.T0.13-65-j26-1.2.H,65,9,39,21,21.0,Gelenk,0.55
32.T0.13-66-j26-1.1.H,66,15,35,19,19.0,Gelenk,0.25
32.T0.13-67-j26-1.2.H,67,11,198,109,109.0,Gelenk,0.28
32.T0.13-69-j26-1.3.H,69,12,51,28,40.0,Solo,0.72
32.T0.13-73-j26-4.5.H,73,18,41,23,23.0,Gelenk,0.53
32.T0.13-82-j26-3.1.H,82,22,14,8,11.0,Solo,0.25
32.T0.13-84-j26-1.1.H,84,17,10,6,9.0,Solo,1.0
32.T0.17-708-j26-2.1.H,E8,8,15,8,11.0,Solo,0.25
33.T0.13-21-j26-1.1.H,21,14,19,10,14.0,Solo,0.38
33.T0.13-30-j26-2.13.H,30,16,26,14,20.0,Solo,0.28
33.T0.13-31-j26-1.6.H,31,12,42,23,23.0,Gelenk,0.0
33.T0.13-32-j26-2.1.H,32,17,3,2,3.0,Solo,0.29
33.T0.13-34-j26-1.1.H,34,12,73,40,40.0,Gelenk,0.78
33.T0.13-35-j26-1.3.H,35,9,30,16,16.0,Gelenk,0.5
33.T0.13-36-j26-7.9.H,36,10,71,39,39.0,Gelenk,0.57
33.T0.13-37-j26-1.1.H,37,17,153,84,84.0,Gelenk,0.39
33.T0.13-38-j26-1.2.H,38,11,10,6,9.0,Solo,0.11
33.T0.13-40-j26-1.4.H,40,13,48,26,26.0,Gelenk,0.53
33.T0.13-43-j26-2.5.H,43,11,33,18,26.0,Solo,0.5
33.T0.13-44-j26-2.1.H,44,12,24,13,19.0,Solo,0.52
33.T0.13-45-j26-2.6.H,45,14,73,40,40.0,Gelenk,0.44
33.T0.13-46-j26-1.4.H,46,15,42,23,23.0,Gelenk,0.33
33.T0.13-47-j26-1.5.H,47,16,60,33,33.0,Gelenk,0.25
33.T0.13-50-j26-1.4.R,50,8,5,3,4.0,Solo,0.11
33.T0.13-51-j26-1.4.H,51,12,28,15,21.0,Solo,0.09
33.T0.13-52-j26-1.5.H,52,15,33,18,26.0,Solo,0.1
33.T0.13-54-j26-1.1.H,54,20,23,13,19.0,Solo,0.21
33.T0.13-55-j26-1.1.H,55,12,16,9,13.0,Solo,0.38
33.T0.13-56-j26-1.10.H,56,13,15,8,11.0,Solo,0.16
33.T0.13-57-j26-1.6.H,57,13,25,14,20.0,Solo,0.19
33.T0.13-58-j26-1.5.H,58,14,81,45,45.0,Gelenk,0.14
33.T0.13-59-j26-1.3.R,59,6,17,9,13.0,Solo,0.25
33.T0.13-61-j26-5.31.H,61,11,36,20,20.0,Gelenk,0.07
33.T0.13-62-j26-1.1.H,62,12,39,21,21.0,Gelenk,0.12
33.T0.13-65-j26-1.2.H,65,10,32,18,18.0,Gelenk,0.55
33.T0.13-66-j26-1.2.H,66,15,79,43,43.0,Gelenk,0.21
33.T0.13-67-j26-1.2.H,67,11,75,41,41.0,Gelenk,0.28
33.T0.13-68-j26-2.19.H,68,12,83,46,46.0,Gelenk,0.31
33.T0.13-69-j26-1.3.H,69,12,40,22,31.0,Solo,0.72
33.T0.13-73-j26-4.5.H,73,18,47,26,26.0,Gelenk,0.53
33.T0.13-82-j26-3.1.H,82,23,7,4,6.0,Solo,0.25
33.T0.13-84-j26-1.1.H,84,17,4,2,3.0,Solo,1.0
33.T0.17-708-j26-2.1.H,E8,8,18,10,14.0,Solo,0.25
34.T0.13-21-j26-1.1.H,21,15,29,16,23.0,Solo,0.38
34.T0.13-30-j26-2.13.H,30,16,27,15,21.0,Solo,0.28
34.T0.13-31-j26-1.7.H,31,13,46,25,25.0,Gelenk,0.08
34.T0.13-32-j26-2.1.H,32,18,5,3,4.0,Solo,0.29
34.T0.13-34-j26-1.1.H,34,12,92,51,51.0,Gelenk,0.78
34.T0.13-35-j26-1.3.H,35,10,22,12,12.0,Gelenk,0.5
34.T0.13-36-j26-7.9.H,36,11,48,26,26.0,Gelenk,0.57
34.T0.13-37-j26-1.1.H,37,17,151,83,83.0,Gelenk,0.39
34.T0.13-38-j26-1.3.H,38,12,31,17,24.0,Solo,0.19
34.T0.13-40-j26-1.7.H,40,13,18,10,10.0,Gelenk,0.33
34.T0.13-43-j26-2.5.H,43,11,39,21,30.0,Solo,0.5
34.T0.13-44-j26-2.2.H,44,12,29,16,23.0,Solo,0.58
34.T0.13-45-j26-2.6.H,45,15,105,58,58.0,Gelenk,0.44
34.T0.13-46-j26-1.4.H,46,15,44,24,24.0,Gelenk,0.33
34.T0.13-47-j26-1.5.H,47,16,69,38,38.0,Gelenk,0.25
34.T0.13-50-j26-1.4.R,50,8,3,2,3.0,Solo,0.11
34.T0.13-51-j26-1.4.H,51,12,22,12,17.0,Solo,0.09
34.T0.13-52-j26-1.5.H,52,16,20,11,16.0,Solo,0.1
34.T0.13-53-j26-1.1.H,53,12,11,6,9.0,Solo,0.13
34.T0.13-54-j26-1.1.H,54,21,15,8,11.0,Solo,0.21
34.T0.13-55-j26-1.1.H,55,12,19,10,14.0,Solo,0.38
34.T0.13-56-j26-1.10.H,56,14,18,10,14.0,Solo,0.16
34.T0.13-57-j26-1.5.H,57,13,26,14,20.0,Solo,0.19
34.T0.13-58-j26-1.5.H,58,15,41,23,23.0,Gelenk,0.14
34.T0.13-59-j26-1.3.R,59,7,34,19,27.0,Solo,0.25
34.T0.13-61-j26-5.33.H,61,12,32,18,18.0,Gelenk,0.1
34.T0.13-62-j26-1.1.H,62,13,34,19,19.0,Gelenk,0.12
34.T0.13-65-j26-1.2.H,65,10,32,18,18.0,Gelenk,0.55
34.T0.13-66-j26-1.1.H,66,15,23,13,13.0,Gelenk,0.25
34.T0.13-67-j26-1.2.H,67,12,124,68,68.0,Gelenk,0.28
34.T0.13-68-j26-2.17.H,68,12,81,45,45.0,Gelenk,0.31
34.T0.13-69-j26-1.3.H,69,12,23,13,19.0,Solo,0.72
34.T0.13-73-j26-4.5.H,73,19,30,16,16.0,Gelenk,0.53
34.T0.13-82-j26-3.6.R,82,5,8,4,6.0,Solo,0.2
34.T0.13-84-j26-1.2.R,84,7,13,7,10.0,Solo,1.0
34.T0.17-708-j26-2.1.H,E8,8,10,6,9.0,Solo,0.25
35.T0.13-21-j26-1.1.H,21,15,24,13,19.0,Solo,0.38
35.T0.13-30-j26-2.13.H,30,16,35,19,27.0,Solo,0.28
35.T0.13-31-j26-1.6.H,31,13,42,23,23.0,Gelenk,0.0
35.T0.13-32-j26-2.1.H,32,20,2,1,1.0,Solo,0.29
35.T0.13-34-j26-1.1.H,34,13,70,38,38.0,Gelenk,0.78
35.T0.13-35-j26-1.3.H,35,10,37,20,20.0,Gelenk,0.5
35.T0.13-36-j26-7.9.H,36,11,30,16,16.0,Gelenk,0.57
35.T0.13-37-j26-1.1.H,37,17,80,44,44.0,Gelenk,0.39
35.T0.13-38-j26-1.2.H,38,12,8,4,6.0,Solo,0.11
35.T0.13-40-j26-1.4.H,40,13,61,34,34.0,Gelenk,0.53
35.T0.13-43-j26-2.5.H,43,11,30,16,23.0,Solo,0.5
35.T0.13-44-j26-2.1.H,44,12,24,13,19.0,Solo,0.52
35.T0.13-45-j26-2.6.H,45,15,141,78,78.0,Gelenk,0.44
35.T0.13-46-j26-1.4.H,46,16,141,78,78.0,Gelenk,0.33
35.T0.13-47-j26-1.5.H,47,17,52,29,29.0,Gelenk,0.25
35.T0.13-50-j26-1.5.R,50,9,26,14,20.0,Solo,0.14
35.T0.13-51-j26-1.4.H,51,12,32,18,26.0,Solo,0.09
35.T0.13-52-j26-1.5.H,52,16,17,9,13.0,Solo,0.1
35.T0.13-53-j26-1.2.H,53,13,23,13,19.0,Solo,0.09
35.T0.13-54-j26-1.1.H,54,22,10,6,9.0,Solo,0.21
35.T0.13-55-j26-1.5.H,55,13,21,12,17.0,Solo,0.38
35.T0.13-56-j26-1.10.H,56,14,20,11,16.0,Solo,0.16
35.T0.13-57-j26-1.5.H,57,14,23,13,19.0,Solo,0.19
35.T0.13-58-j26-1.5.H,58,15,36,20,20.0,Gelenk,0.14
35.T0.13-59-j26-1.3.R,59,8,32,18,26.0,Solo,0.25
35.T0.13-65-j26-1.2.H,65,10,51,28,28.0,Gelenk,0.55
35.T0.13-66-j26-1.2.H,66,16,54,30,30.0,Gelenk,0.21
35.T0.13-67-j26-1.2.H,67,12,118,65,65.0,Gelenk,0.28
35.T0.13-69-j26-1.3.H,69,13,50,28,40.0,Solo,0.72
35.T0.13-73-j26-4.5.H,73,20,16,9,9.0,Gelenk,0.53
35.T0.13-82-j26-3.6.R,82,6,38,21,30.0,Solo,0.2
35.T0.13-84-j26-1.2.R,84,7,11,6,9.0,Solo,1.0
35.T0.17-708-j26-2.1.H,E8,8,30,16,23.0,Solo,0.25
36.T0.13-21-j26-1.1.H,21,15,31,17,24.0,Solo,0.38
36.T0.13-30-j26-2.13.H,30,17,26,14,20.0,Solo,0.28
36.T0.13-31-j26-1.7.H,31,13,57,31,31.0,Gelenk,0.08
36.T0.13-32-j26-2.1.H,32,20,3,2,3.0,Solo,0.29
36.T0.13-34-j26-1.1.H,34,13,72,40,40.0,Gelenk,0.78
36.T0.13-35-j26-1.3.H,35,10,29,16,16.0,Gelenk,0.5
36.T0.13-36-j26-7.9.H,36,11,62,34,34.0,Gelenk,0.57
36.T0.13-37-j26-1.1.H,37,18,91,50,50.0,Gelenk,0.39
36.T0.13-38-j26-1.1.H,38,12,33,18,26.0,Solo,0.19
36.T0.13-40-j26-1.5.H,40,14,35,19,19.0,Gelenk,0.46
36.T0.13-43-j26-2.5.H,43,11,42,23,33.0,Solo,0.5
36.T0.13-44-j26-2.2.H,44,12,19,10,14.0,Solo,0.58
36.T0.13-45-j26-2.6.H,45,15,67,37,37.0,Gelenk,0.44
36.T0.13-46-j26-1.4.H,46,16,51,28,28.0,Gelenk,0.33
36.T0.13-47-j26-1.5.H,47,17,44,24,24.0,Gelenk,0.25
36.T0.13-50-j26-1.4.R,50,12,3,2,3.0,Solo,0.11
36.T0.13-51-j26-1.4.H,51,12,20,11,16.0,Solo,0.09
36.T0.13-52-j26-1.5.H,52,16,19,10,14.0,Solo,0.1
36.T0.13-54-j26-1.1.H,54,23,7,4,6.0,Solo,0.21
36.T0.13-55-j26-1.1.H,55,13,17,9,13.0,Solo,0.38
36.T0.13-56-j26-1.10.H,56,14,19,10,14.0,Solo,0.16
36.T0.13-57-j26-1.5.H,57,14,40,22,31.0,Solo,0.19
36.T0.13-58-j26-1.5.H,58,15,54,30,30.0,Gelenk,0.14
36.T0.13-59-j26-1.3.R,59,8,30,16,23.0,Solo,0.25
36.T0.13-61-j26-5.33.H,61,12,26,14,14.0,Gelenk,0.1
36.T0.13-62-j26-1.4.H,62,13,35,19,19.0,Gelenk,0.14
36.T0.13-65-j26-1.2.H,65,10,44,24,24.0,Gelenk,0.55
36.T0.13-66-j26-1.1.H,66,16,37,20,20.0,Gelenk,0.25
36.T0.13-67-j26-1.2.H,67,12,92,51,51.0,Gelenk,0.28
36.T0.13-68-j26-2.21.H,68,13,39,21,21.0,Gelenk,0.05
36.T0.13-69-j26-1.3.H,69,13,26,14,20.0,Solo,0.72
36.T0.13-73-j26-4.5.H,73,20,21,12,12.0,Gelenk,0.53
36.T0.13-82-j26-3.6.R,82,7,29,16,23.0,Solo,0.2
36.T0.13-84-j26-1.2.R,84,8,7,4,6.0,Solo,1.0
36.T0.17-708-j26-2.1.H,E8,8,25,14,20.0,Solo,0.25
37.T0.13-21-j26-1.1.H,21,16,32,18,26.0,Solo,0.38
37.T0.13-30-j26-2.13.H,30,17,31,17,24.0,Solo,0.28
37.T0.13-31-j26-1.7.H,31,13,46,25,25.0,Gelenk,0.08
37.T0.13-32-j26-2.1.H,32,21,2,1,1.0,Solo,0.29
37.T0.13-34-j26-1.1.H,34,13,80,44,44.0,Gelenk,0.78
37.T0.13-35-j26-1.3.H,35,10,33,18,18.0,Gelenk,0.5
37.T0.13-36-j26-7.9.H,36,11,67,37,37.0,Gelenk,0.57
37.T0.13-37-j26-1.1.H,37,18,158,87,87.0,Gelenk,0.39
37.T0.13-38-j26-1.2.H,38,12,9,5,7.0,Solo,0.11
37.T0.13-40-j26-1.5.H,40,14,42,23,23.0,Gelenk,0.46
37.T0.13-43-j26-2.5.H,43,12,26,14,20.0,Solo,0.5
37.T0.13-44-j26-2.1.H,44,12,28,15,21.0,Solo,0.52
37.T0.13-45-j26-2.6.H,45,16,100,55,55.0,Gelenk,0.44
37.T0.13-46-j26-1.4.H,46,16,109,60,60.0,Gelenk,0.33
37.T0.13-47-j26-1.5.H,47,17,104,57,57.0,Gelenk,0.25
37.T0.13-50-j26-1.4.R,50,12,4,2,3.0,Solo,0.11
37.T0.13-51-j26-1.4.H,51,12,12,7,10.0,Solo,0.09
37.T0.13-52-j26-1.5.H,52,17,24,13,19.0,Solo,0.1
37.T0.13-53-j26-1.2.H,53,13,24,13,19.0,Solo,0.09
37.T0.13-54-j26-1.3.R,54,4,16,9,13.0,Solo,0.21
37.T0.13-55-j26-1.1.H,55,13,21,12,17.0,Solo,0.38
37.T0.13-56-j26-1.10.H,56,15,28,15,21.0,Solo,0.16
37.T0.13-57-j26-1.5.H,57,14,33,18,26.0,Solo,0.19
37.T0.13-58-j26-1.5.H,58,16,72,40,40.0,Gelenk,0.14
37.T0.13-59-j26-1.3.R,59,9,27,15,21.0,Solo,0.25
37.T0.13-61-j26-5.31.H,61,12,39,21,21.0,Gelenk,0.07
37.T0.13-62-j26-1.1.H,62,13,45,25,25.0,Gelenk,0.12
37.T0.13-65-j26-1.2.H,65,10,50,28,28.0,Gelenk,0.55
37.T0.13-66-j26-1.2.H,66,16,52,29,29.0,Gelenk,0.21
37.T0.13-67-j26-1.2.H,67,13,98,54,54.0,Gelenk,0.28
37.T0.13-68-j26-2.17.H,68,13,94,52,52.0,Gelenk,0.31
37.T0.13-73-j26-4.5.H,73,21,26,14,14.0,Gelenk,0.53
37.T0.13-82-j26-3.6.R,82,7,29,16,23.0,Solo,0.2
37.T0.13-84-j26-1.2.R,84,8,7,4,6.0,Solo,1.0
37.T0.17-708-j26-2.1.H,E8,8,14,8,11.0,Solo,0.25
38.T0.13-21-j26-1.1.H,21,16,40,22,31.0,Solo,0.38
38.T0.13-30-j26-2.13.H,30,17,42,23,33.0,Solo,0.28
38.T0.13-31-j26-1.7.H,31,14,54,30,30.0,Gelenk,0.08
38.T0.13-32-j26-2.1.H,32,21,1,1,1.0,Solo,0.29
38.T0.13-34-j26-1.1.H,34,14,78,43,43.0,Gelenk,0.78
38.T0.13-35-j26-1.3.H,35,10,50,28,28.0,Gelenk,0.5
38.T0.13-36-j26-7.9.H,36,11,52,29,29.0,Gelenk,0.57
38.T0.13-37-j26-1.1.H,37,18,71,39,39.0,Gelenk,0.39
38.T0.13-38-j26-1.3.H,38,12,58,32,46.0,Solo,0.19
38.T0.13-40-j26-1.5.H,40,14,41,23,23.0,Gelenk,0.46
38.T0.13-43-j26-2.5.H,43,12,30,16,23.0,Solo,0.5
38.T0.13-44-j26-2.2.H,44,13,22,12,17.0,Solo,0.58
38.T0.13-45-j26-2.6.H,45,16,159,87,87.0,Gelenk,0.44
38.T0.13-46-j26-1.4.H,46,17,75,41,41.0,Gelenk,0.33
38.T0.13-47-j26-1.5.H,47,18,76,42,42.0,Gelenk,0.25
38.T0.13-50-j26-1.5.R,50,13,37,20,29.0,Solo,0.14
38.T0.13-51-j26-1.4.H,51,13,16,9,13.0,Solo,0.09
38.T0.13-52-j26-1.5.H,52,17,28,15,21.0,Solo,0.1
38.T0.13-53-j26-1.3.H,53,13,5,3,4.0,Solo,0.0
38.T0.13-54-j26-1.4.R,54,5,9,5,7.0,Solo,0.31
38.T0.13-55-j26-1.1.H,55,13,16,9,13.0,Solo,0.38
38.T0.13-56-j26-1.10.H,56,15,14,8,11.0,Solo,0.16
38.T0.13-57-j26-1.5.H,57,15,22,12,17.0,Solo,0.19
38.T0.13-58-j26-1.5.H,58,16,62,34,34.0,Gelenk,0.14
38.T0.13-59-j26-1.3.R,59,10,22,12,17.0,Solo,0.25
38.T0.13-61-j26-5.25.H,61,12,33,18,18.0,Gelenk,0.08
38.T0.13-62-j26-1.1.H,62,13,38,21,21.0,Gelenk,0.12
38.T0.13-65-j26-1.2.H,65,10,49,27,27.0,Gelenk,0.55
38.T0.13-66-j26-1.1.H,66,17,39,21,21.0,Gelenk,0.25
38.T0.13-67-j26-1.8.H,67,13,18,10,10.0,Gelenk,0.27
38.T0.13-68-j26-2.22.H,68,13,35,19,19.0,Gelenk,0.05
38.T0.13-69-j26-1.6.H,69,13,72,40,57.0,Solo,0.72
38.T0.13-73-j26-4.5.H,73,22,7,4,4.0,Gelenk,0.53
38.T0.13-82-j26-3.6.R,82,8,59,32,46.0,Solo,0.2
38.T0.13-84-j26-1.2.R,84,8,5,3,4.0,Solo,1.0
38.T0.17-708-j26-2.1.H,E8,8,15,8,11.0,Solo,0.25
39.T0.13-21-j26-1.1.H,21,16,35,19,27.0,Solo,0.38
39.T0.13-30-j26-2.13.H,30,18,15,8,11.0,Solo,0.28
39.T0.13-31-j26-1.7.H,31,14,52,29,29.0,Gelenk,0.08
39.T0.13-32-j26-2.1.H,32,22,2,1,1.0,Solo,0.29
39.T0.13-34-j26-1.1.H,34,14,49,27,27.0,Gelenk,0.78
39.T0.13-35-j26-1.3.H,35,10,39,21,21.0,Gelenk,0.5
39.T0.13-36-j26-7.9.H,36,11,78,43,43.0,Gelenk,0.57
39.T0.13-37-j26-1.1.H,37,19,233,128,128.0,Gelenk,0.39
39.T0.13-38-j26-1.2.H,38,12,10,6,9.0,Solo,0.11
39.T0.13-40-j26-1.5.H,40,15,37,20,20.0,Gelenk,0.46
39.T0.13-43-j26-2.5.H,43,12,43,24,34.0,Solo,0.5
39.T0.13-44-j26-2.1.H,44,13,38,21,30.0,Solo,0.52
39.T0.13-45-j26-2.6.H,45,16,161,89,89.0,Gelenk,0.44
39.T0.13-46-j26-1.4.H,46,17,68,37,37.0,Gelenk,0.33
39.T0.13-47-j26-1.5.H,47,18,60,33,33.0,Gelenk,0.25
39.T0.13-50-j26-1.4.R,50,14,5,3,4.0,Solo,0.11
39.T0.13-51-j26-1.8.H,51,13,16,9,13.0,Solo,0.12
39.T0.13-52-j26-1.5.H,52,17,30,16,23.0,Solo,0.1
39.T0.13-54-j26-1.3.R,54,5,12,7,10.0,Solo,0.21
39.T0.13-55-j26-1.1.H,55,14,30,16,23.0,Solo,0.38
39.T0.13-56-j26-1.10.H,56,15,31,17,24.0,Solo,0.16
39.T0.13-57-j26-1.5.H,57,15,19,10,14.0,Solo,0.19
39.T0.13-58-j26-1.5.H,58,16,52,29,29.0,Gelenk,0.14
39.T0.13-59-j26-1.3.R,59,10,21,12,17.0,Solo,0.25
39.T0.13-61-j26-5.31.H,61,13,21,12,12.0,Gelenk,0.07
39.T0.13-62-j26-1.1.H,62,14,34,19,19.0,Gelenk,0.12
39.T0.13-65-j26-1.2.H,65,11,60,33,33.0,Gelenk,0.55
39.T0.13-66-j26-1.2.H,66,17,104,57,57.0,Gelenk,0.21
39.T0.13-67-j26-1.2.H,67,13,89,49,49.0,Gelenk,0.28
39.T0.13-68-j26-2.17.H,68,13,78,43,43.0,Gelenk,0.31
39.T0.13-69-j26-1.3.H,69,14,35,19,27.0,Solo,0.72
39.T0.13-73-j26-4.5.H,73,22,11,6,6.0,Gelenk,0.53
39.T0.13-82-j26-3.6.R,82,9,22,12,17.0,Solo,0.2
39.T0.13-84-j26-1.2.R,84,9,6,3,4.0,Solo,1.0
39.T0.17-708-j26-2.1.H,E8,8,16,9,13.0,Solo,0.25
4.T0.13-21-j26-1.1.H,21,5,14,8,11.0,Solo,0.38
4.T0.13-30-j26-2.13.H,30,5,9,5,7.0,Solo,0.28
4.T0.13-31-j26-1.1.H,31,5,2,1,1.0,Gelenk,0.0
4.T0.13-32-j26-2.1.H,32,6,2,1,1.0,Solo,0.29
4.T0.13-34-j26-1.1.H,34,5,24,13,13.0,Gelenk,0.78
4.T0.13-35-j26-1.3.H,35,5,20,11,11.0,Gelenk,0.5
4.T0.13-36-j26-7.9.H,36,6,64,35,35.0,Gelenk,0.57
4.T0.13-37-j26-1.5.H,37,5,6,3,3.0,Gelenk,1.0
4.T0.13-38-j26-1.1.H,38,5,10,6,9.0,Solo,0.19
4.T0.13-40-j26-1.5.H,40,5,13,7,7.0,Gelenk,0.46
4.T0.13-43-j26-2.5.H,43,5,20,11,16.0,Solo,0.5
4.T0.13-44-j26-2.1.H,44,6,12,7,10.0,Solo,0.52
4.T0.13-45-j26-2.6.H,45,5,39,21,21.0,Gelenk,0.44
4.T0.13-46-j26-1.4.H,46,5,19,10,10.0,Gelenk,0.33
4.T0.13-47-j26-1.5.H,47,5,23,13,13.0,Gelenk,0.25
4.T0.13-49-j26-1.1.H,49,7,6,3,4.0,Solo,0.2
4.T0.13-50-j26-1.2.H,50,6,2,1,1.0,Solo,0.08
4.T0.13-51-j26-1.4.H,51,6,17,9,13.0,Solo,0.09
4.T0.13-52-j26-1.5.H,52,6,11,6,9.0,Solo,0.1
4.T0.13-53-j26-1.2.H,53,6,10,6,9.0,Solo,0.09
4.T0.13-54-j26-1.1.H,54,6,11,6,9.0,Solo,0.21
4.T0.13-55-j26-1.1.H,55,5,10,6,9.0,Solo,0.38
4.T0.13-56-j26-1.10.H,56,6,8,4,6.0,Solo,0.16
4.T0.13-57-j26-1.5.H,57,6,8,4,6.0,Solo,0.19
4.T0.13-58-j26-1.5.H,58,5,17,9,9.0,Gelenk,0.14
4.T0.13-59-j26-1.1.H,59,6,10,6,9.0,Solo,0.25
4.T0.13-60-j26-1.1.H,60,12,40,22,22.0,Gelenk,0.26
4.T0.13-61-j26-5.25.H,61,5,9,5,5.0,Gelenk,0.08
4.T0.13-62-j26-1.1.H,62,5,13,7,7.0,Gelenk,0.12
4.T0.13-65-j26-1.2.H,65,5,19,10,10.0,Gelenk,0.55
4.T0.13-66-j26-1.2.H,66,6,39,21,21.0,Gelenk,0.21
4.T0.13-67-j26-1.2.H,67,5,16,9,9.0,Gelenk,0.28
4.T0.13-68-j26-2.17.H,68,5,40,22,22.0,Gelenk,0.31
4.T0.13-69-j26-1.5.H,69,5,10,6,9.0,Solo,0.65
4.T0.13-73-j26-4.5.H,73,6,18,10,10.0,Gelenk,0.53
4.T0.13-82-j26-3.4.H,82,7,46,25,36.0,Solo,0.25
4.T0.13-84-j26-1.1.H,84,8,8,4,6.0,Solo,1.0
4.T0.13-89-j26-1.4.R,89,13,97,53,53.0,Gelenk,0.06
4.T0.13-91-j26-1.3.R,91,6,26,14,20.0,Solo,0.12
4.T0.13-97-j26-1.5.R,97,13,77,42,42.0,Gelenk,0.25
4.T0.13-98-j26-1.4.R,98,7,63,35,35.0,Gelenk,0.22
4.T0.13-99-j26-1.2.R,99,13,29,16,16.0,Gelenk,0.0
4.T0.17-708-j26-2.1.H,E8,5,6,3,4.0,Solo,0.25
40.T0.13-21-j26-1.1.H,21,17,40,22,31.0,Solo,0.38
40.T0.13-30-j26-2.15.H,30,18,20,11,16.0,Solo,0.28
40.T0.13-31-j26-1.7.H,31,14,46,25,25.0,Gelenk,0.08
40.T0.13-32-j26-2.3.R,32,5,1,1,1.0,Solo,0.29
40.T0.13-34-j26-1.1.H,34,14,109,60,60.0,Gelenk,0.78
40.T0.13-35-j26-1.3.H,35,11,47,26,26.0,Gelenk,0.5
40.T0.13-36-j26-7.9.H,36,12,59,32,32.0,Gelenk,0.57
40.T0.13-37-j26-1.1.H,37,20,69,38,38.0,Gelenk,0.39
40.T0.13-38-j26-1.1.H,38,13,45,25,36.0,Solo,0.19
40.T0.13-40-j26-1.5.H,40,15,32,18,18.0,Gelenk,0.46
40.T0.13-43-j26-2.5.H,43,12,35,19,27.0,Solo,0.5
40.T0.13-44-j26-2.2.H,44,13,23,13,19.0,Solo,0.58
40.T0.13-45-j26-2.6.H,45,17,99,54,54.0,Gelenk,0.44
40.T0.13-46-j26-1.4.H,46,17,67,37,37.0,Gelenk,0.33
40.T0.13-47-j26-1.5.H,47,19,83,46,46.0,Gelenk,0.25
40.T0.13-50-j26-1.4.R,50,14,5,3,4.0,Solo,0.11
40.T0.13-51-j26-1.4.H,51,13,23,13,19.0,Solo,0.09
40.T0.13-52-j26-1.5.H,52,18,19,10,14.0,Solo,0.1
40.T0.13-53-j26-1.2.H,53,13,19,10,14.0,Solo,0.09
40.T0.13-54-j26-1.3.R,54,5,12,7,10.0,Solo,0.21
40.T0.13-55-j26-1.1.H,55,14,20,11,16.0,Solo,0.38
40.T0.13-56-j26-1.13.H,56,15,1,1,1.0,Solo,0.17
40.T0.13-57-j26-1.5.H,57,15,26,14,20.0,Solo,0.19
40.T0.13-58-j26-1.5.H,58,17,43,24,24.0,Gelenk,0.14
40.T0.13-59-j26-1.3.R,59,11,21,12,17.0,Solo,0.25
40.T0.13-61-j26-5.26.H,61,13,40,22,22.0,Gelenk,0.06
40.T0.13-62-j26-1.1.H,62,14,46,25,25.0,Gelenk,0.12
40.T0.13-65-j26-1.2.H,65,11,35,19,19.0,Gelenk,0.55
40.T0.13-66-j26-1.1.H,66,17,37,20,20.0,Gelenk,0.25
40.T0.13-67-j26-1.2.H,67,13,128,70,70.0,Gelenk,0.28
40.T0.13-68-j26-2.17.H,68,13,48,26,26.0,Gelenk,0.31
40.T0.13-69-j26-1.3.H,69,14,30,16,23.0,Solo,0.72
40.T0.13-73-j26-4.5.H,73,23,11,6,6.0,Gelenk,0.53
40.T0.13-82-j26-3.6.R,82,9,14,8,11.0,Solo,0.2
40.T0.13-84-j26-1.2.R,84,9,4,2,3.0,Solo,1.0
40.T0.17-708-j26-2.1.H,E8,8,16,9,13.0,Solo,0.25
41.T0.13-21-j26-1.1.H,21,17,36,20,29.0,Solo,0.38
41.T0.13-30-j26-2.15.H,30,18,23,13,19.0,Solo,0.28
41.T0.13-31-j26-1.7.H,31,15,52,29,29.0,Gelenk,0.08
41.T0.13-32-j26-2.3.R,32,5,1,1,1.0,Solo,0.29
41.T0.13-34-j26-1.1.H,34,15,57,31,31.0,Gelenk,0.78
41.T0.13-35-j26-1.3.H,35,11,50,28,28.0,Gelenk,0.5
41.T0.13-36-j26-7.9.H,36,12,57,31,31.0,Gelenk,0.57
41.T0.13-37-j26-1.1.H,37,20,82,45,45.0,Gelenk,0.39
41.T0.13-38-j26-1.2.H,38,13,9,5,7.0,Solo,0.11
41.T0.13-40-j26-1.4.H,40,15,112,62,62.0,Gelenk,0.53
41.T0.13-43-j26-2.5.H,43,12,45,25,36.0,Solo,0.5
41.T0.13-44-j26-2.1.H,44,13,28,15,21.0,Solo,0.52
41.T0.13-45-j26-2.6.H,45,17,81,45,45.0,Gelenk,0.44
41.T0.13-46-j26-1.4.H,46,18,78,43,43.0,Gelenk,0.33
41.T0.13-47-j26-1.5.H,47,19,79,43,43.0,Gelenk,0.25
41.T0.13-50-j26-1.4.R,50,15,3,2,3.0,Solo,0.11
41.T0.13-52-j26-1.5.H,52,18,28,15,21.0,Solo,0.1
41.T0.13-53-j26-1.2.H,53,14,17,9,13.0,Solo,0.09
41.T0.13-54-j26-1.3.R,54,6,8,4,6.0,Solo,0.21
41.T0.13-55-j26-1.1.H,55,14,26,14,20.0,Solo,0.38
41.T0.13-56-j26-1.10.H,56,16,16,9,13.0,Solo,0.16
41.T0.13-57-j26-1.5.H,57,15,17,9,13.0,Solo,0.19
41.T0.13-58-j26-1.5.H,58,17,73,40,40.0,Gelenk,0.14
41.T0.13-59-j26-1.3.R,59,12,16,9,13.0,Solo,0.25
41.T0.13-61-j26-5.25.H,61,13,28,15,15.0,Gelenk,0.08
41.T0.13-62-j26-1.1.H,62,14,33,18,18.0,Gelenk,0.12
41.T0.13-65-j26-1.2.H,65,11,43,24,24.0,Gelenk,0.55
41.T0.13-66-j26-1.2.H,66,18,48,26,26.0,Gelenk,0.21
41.T0.13-67-j26-1.2.H,67,14,105,58,58.0,Gelenk,0.28
41.T0.13-68-j26-2.17.H,68,14,110,61,61.0,Gelenk,0.31
41.T0.13-69-j26-1.3.H,69,14,40,22,31.0,Solo,0.72
41.T0.13-73-j26-4.6.H,73,24,4,2,2.0,Gelenk,0.75
41.T0.13-82-j26-3.6.R,82,10,34,19,27.0,Solo,0.2
41.T0.13-84-j26-1.2.R,84,9,4,2,3.0,Solo,1.0
41.T0.17-708-j26-2.1.H,E8,8,20,11,16.0,Solo,0.25
42.T0.13-21-j26-1.1.H,21,17,30,16,23.0,Solo,0.38
42.T0.13-30-j26-2.15.H,30,19,45,25,36.0,Solo,0.28
42.T0.13-31-j26-1.7.H,31,15,70,38,38.0,Gelenk,0.08
42.T0.13-32-j26-2.3.R,32,5,1,1,1.0,Solo,0.29
42.T0.13-34-j26-1.1.H,34,15,46,25,25.0,Gelenk,0.78
42.T0.13-35-j26-1.3.H,35,11,39,21,21.0,Gelenk,0.5
42.T0.13-36-j26-7.9.H,36,12,32,18,18.0,Gelenk,0.57
42.T0.13-37-j26-1.1.H,37,21,70,38,38.0,Gelenk,0.39
42.T0.13-38-j26-1.3.H,38,13,37,20,29.0,Solo,0.19
42.T0.13-40-j26-1.3.H,40,16,60,33,33.0,Gelenk,0.39
42.T0.13-43-j26-2.5.H,43,12,36,20,29.0,Solo,0.5
42.T0.13-44-j26-2.2.H,44,13,23,13,19.0,Solo,0.58
42.T0.13-45-j26-2.6.H,45,17,95,52,52.0,Gelenk,0.44
42.T0.13-46-j26-1.4.H,46,18,67,37,37.0,Gelenk,0.33
42.T0.13-47-j26-1.5.H,47,20,35,19,19.0,Gelenk,0.25
42.T0.13-50-j26-1.5.R,50,16,39,21,30.0,Solo,0.14
42.T0.13-51-j26-1.4.H,51,13,16,9,13.0,Solo,0.09
42.T0.13-52-j26-1.5.H,52,18,28,15,21.0,Solo,0.1
42.T0.13-53-j26-1.2.H,53,14,16,9,13.0,Solo,0.09
42.T0.13-54-j26-1.3.R,54,6,12,7,10.0,Solo,0.21
42.T0.13-55-j26-1.1.H,55,15,38,21,30.0,Solo,0.38
42.T0.13-56-j26-1.10.H,56,16,16,9,13.0,Solo,0.16
42.T0.13-57-j26-1.5.H,57,15,19,10,14.0,Solo,0.19
42.T0.13-58-j26-1.5.H,58,17,46,25,25.0,Gelenk,0.14
42.T0.13-59-j26-1.3.R,59,12,23,13,19.0,Solo,0.25
42.T0.13-61-j26-5.31.H,61,13,21,12,12.0,Gelenk,0.07
42.T0.13-62-j26-1.4.H,62,15,25,14,14.0,Gelenk,0.14
42.T0.13-65-j26-1.2.H,65,11,70,38,38.0,Gelenk,0.55
42.T0.13-66-j26-1.1.H,66,18,25,14,14.0,Gelenk,0.25
42.T0.13-67-j26-1.2.H,67,14,55,30,30.0,Gelenk,0.28
42.T0.13-68-j26-2.17.H,68,14,63,35,35.0,Gelenk,0.31
42.T0.13-69-j26-1.3.H,69,14,54,30,43.0,Solo,0.72
42.T0.13-73-j26-4.7.R,73,5,11,6,6.0,Gelenk,0.53
42.T0.13-82-j26-3.6.R,82,11,17,9,13.0,Solo,0.2
42.T0.13-84-j26-1.2.R,84,10,4,2,3.0,Solo,1.0
42.T0.17-708-j26-2.1.H,E8,8,13,7,10.0,Solo,0.25
43.T0.13-21-j26-1.1.H,21,18,28,15,21.0,Solo,0.38
43.T0.13-30-j26-2.15.H,30,20,61,34,49.0,Solo,0.28
43.T0.13-31-j26-1.7.H,31,15,74,41,41.0,Gelenk,0.08
43.T0.13-32-j26-2.3.R,32,6,2,1,1.0,Solo,0.29
43.T0.13-34-j26-1.1.H,34,15,56,31,31.0,Gelenk,0.78
43.T0.13-35-j26-1.3.H,35,11,29,16,16.0,Gelenk,0.5
43.T0.13-36-j26-7.9.H,36,12,41,23,23.0,Gelenk,0.57
43.T0.13-37-j26-1.1.H,37,21,84,46,46.0,Gelenk,0.39
43.T0.13-38-j26-1.2.H,38,13,13,7,10.0,Solo,0.11
43.T0.13-40-j26-1.4.H,40,16,90,50,50.0,Gelenk,0.53
43.T0.13-43-j26-2.5.H,43,13,29,16,23.0,Solo,0.5
43.T0.13-44-j26-2.1.H,44,13,24,13,19.0,Solo,0.52
43.T0.13-45-j26-2.6.H,45,18,121,67,67.0,Gelenk,0.44
43.T0.13-46-j26-1.4.H,46,18,77,42,42.0,Gelenk,0.33
43.T0.13-47-j26-1.5.H,47,20,31,17,17.0,Gelenk,0.25
43.T0.13-50-j26-1.4.R,50,16,3,2,3.0,Solo,0.11
43.T0.13-51-j26-1.4.H,51,13,16,9,13.0,Solo,0.09
43.T0.13-52-j26-1.5.H,52,19,20,11,16.0,Solo,0.1
43.T0.13-53-j26-1.2.H,53,14,15,8,11.0,Solo,0.09
43.T0.13-54-j26-1.3.R,54,6,14,8,11.0,Solo,0.21
43.T0.13-55-j26-1.1.H,55,15,30,16,23.0,Solo,0.38
43.T0.13-56-j26-1.10.H,56,16,30,16,23.0,Solo,0.16
43.T0.13-57-j26-1.5.H,57,15,23,13,19.0,Solo,0.19
43.T0.13-58-j26-1.5.H,58,18,55,30,30.0,Gelenk,0.14
43.T0.13-59-j26-1.3.R,59,13,15,8,11.0,Solo,0.25
43.T0.13-61-j26-5.31.H,61,13,23,13,13.0,Gelenk,0.07
43.T0.13-62-j26-1.1.H,62,15,36,20,20.0,Gelenk,0.12
43.T0.13-65-j26-1.2.H,65,11,38,21,21.0,Gelenk,0.55
43.T0.13-66-j26-1.2.H,66,18,44,24,24.0,Gelenk,0.21
43.T0.13-67-j26-1.2.H,67,14,47,26,26.0,Gelenk,0.28
43.T0.13-68-j26-2.17.H,68,14,135,74,74.0,Gelenk,0.31
43.T0.13-69-j26-1.3.H,69,15,32,18,26.0,Solo,0.72
43.T0.13-73-j26-4.7.R,73,6,26,14,14.0,Gelenk,0.53
43.T0.13-82-j26-3.7.R,82,11,16,9,13.0,Solo,0.2
43.T0.13-84-j26-1.2.R,84,10,5,3,4.0,Solo,1.0
43.T0.17-708-j26-2.1.H,E8,9,15,8,11.0,Solo,0.25
44.T0.13-21-j26-1.1.H,21,18,28,15,21.0,Solo,0.38
44.T0.13-30-j26-2.15.H,30,21,19,10,14.0,Solo,0.28
44.T0.13-31-j26-1.7.H,31,16,116,64,64.0,Gelenk,0.08
44.T0.13-32-j26-2.3.R,32,6,3,2,3.0,Solo,0.29
44.T0.13-34-j26-1.1.H,34,15,43,24,24.0,Gelenk,0.78
44.T0.13-35-j26-1.3.H,35,11,39,21,21.0,Gelenk,0.5
44.T0.13-36-j26-7.9.H,36,12,50,28,28.0,Gelenk,0.57
44.T0.13-37-j26-1.1.H,37,22,74,41,41.0,Gelenk,0.39
44.T0.13-38-j26-1.1.H,38,13,33,18,26.0,Solo,0.19
44.T0.13-40-j26-1.3.H,40,16,69,38,38.0,Gelenk,0.39
44.T0.13-43-j26-2.5.H,43,13,43,24,34.0,Solo,0.5
44.T0.13-44-j26-2.2.H,44,14,26,14,20.0,Solo,0.58
44.T0.13-45-j26-2.6.H,45,18,103,57,57.0,Gelenk,0.44
44.T0.13-46-j26-1.4.H,46,19,52,29,29.0,Gelenk,0.33
44.T0.13-47-j26-1.5.H,47,21,40,22,22.0,Gelenk,0.25
44.T0.13-50-j26-1.4.R,50,17,3,2,3.0,Solo,0.11
44.T0.13-51-j26-1.4.H,51,13,14,8,11.0,Solo,0.09
44.T0.13-52-j26-1.5.H,52,19,22,12,17.0,Solo,0.1
44.T0.13-53-j26-1.2.H,53,15,21,12,17.0,Solo,0.09
44.T0.13-54-j26-1.4.R,54,7,22,12,17.0,Solo,0.31
44.T0.13-55-j26-1.1.H,55,15,24,13,19.0,Solo,0.38
44.T0.13-56-j26-1.10.H,56,17,33,18,26.0,Solo,0.16
44.T0.13-57-j26-1.5.H,57,16,23,13,19.0,Solo,0.19
44.T0.13-58-j26-1.7.H,58,18,33,18,18.0,Gelenk,0.0
44.T0.13-59-j26-1.3.R,59,14,26,14,20.0,Solo,0.25
44.T0.13-61-j26-5.31.H,61,13,30,16,16.0,Gelenk,0.07
44.T0.13-62-j26-1.4.H,62,15,22,12,12.0,Gelenk,0.14
44.T0.13-65-j26-1.2.H,65,11,41,23,23.0,Gelenk,0.55
44.T0.13-66-j26-1.1.H,66,19,34,19,19.0,Gelenk,0.25
44.T0.13-67-j26-1.2.H,67,14,92,51,51.0,Gelenk,0.28
44.T0.13-68-j26-2.16.H,68,15,55,30,30.0,Gelenk,0.14
44.T0.13-69-j26-1.3.H,69,15,21,12,17.0,Solo,0.72
44.T0.13-73-j26-4.7.R,73,6,22,12,12.0,Gelenk,0.53
44.T0.13-82-j26-3.6.R,82,11,26,14,20.0,Solo,0.2
44.T0.13-84-j26-1.2.R,84,10,3,2,3.0,Solo,1.0
44.T0.17-708-j26-2.1.H,E8,9,17,9,13.0,Solo,0.25
45.T0.13-21-j26-1.1.H,21,18,21,12,17.0,Solo,0.38
45.T0.13-30-j26-2.15.H,30,21,18,10,14.0,Solo,0.28
45.T0.13-31-j26-1.7.H,31,16,55,30,30.0,Gelenk,0.08
45.T0.13-32-j26-2.3.R,32,6,2,1,1.0,Solo,0.29
45.T0.13-34-j26-1.1.H,34,15,42,23,23.0,Gelenk,0.78
45.T0.13-35-j26-1.3.H,35,11,35,19,19.0,Gelenk,0.5
45.T0.13-36-j26-7.9.H,36,12,56,31,31.0,Gelenk,0.57
45.T0.13-37-j26-1.1.H,37,23,23,13,13.0,Gelenk,0.39
45.T0.13-38-j26-1.2.H,38,13,12,7,10.0,Solo,0.11
45.T0.13-40-j26-1.4.H,40,17,73,40,40.0,Gelenk,0.53
45.T0.13-43-j26-2.5.H,43,13,40,22,31.0,Solo,0.5
45.T0.13-44-j26-2.1.H,44,14,17,9,13.0,Solo,0.52
45.T0.13-45-j26-2.6.H,45,18,108,59,59.0,Gelenk,0.44
45.T0.13-46-j26-1.4.H,46,19,62,34,34.0,Gelenk,0.33
45.T0.13-47-j26-1.5.H,47,22,14,8,8.0,Gelenk,0.25
45.T0.13-50-j26-1.5.R,50,18,30,16,23.0,Solo,0.14
45.T0.13-51-j26-1.4.H,51,13,15,8,11.0,Solo,0.09
45.T0.13-52-j26-1.5.H,52,19,25,14,20.0,Solo,0.1
45.T0.13-53-j26-1.2.H,53,15,35,19,27.0,Solo,0.09
45.T0.13-54-j26-1.3.R,54,7,18,10,14.0,Solo,0.21
45.T0.13-55-j26-1.1.H,55,16,58,32,46.0,Solo,0.38
45.T0.13-56-j26-1.10.H,56,17,20,11,16.0,Solo,0.16
45.T0.13-57-j26-1.5.H,57,16,25,14,20.0,Solo,0.19
45.T0.13-58-j26-1.7.H,58,18,36,20,20.0,Gelenk,0.0
45.T0.13-59-j26-1.3.R,59,14,22,12,17.0,Solo,0.25
45.T0.13-61-j26-5.25.H,61,14,49,27,27.0,Gelenk,0.08
45.T0.13-62-j26-1.1.H,62,15,28,15,15.0,Gelenk,0.12
45.T0.13-65-j26-1.2.H,65,12,60,33,33.0,Gelenk,0.55
45.T0.13-66-j26-1.2.H,66,19,47,26,26.0,Gelenk,0.21
45.T0.13-67-j26-1.2.H,67,14,100,55,55.0,Gelenk,0.28
45.T0.13-68-j26-2.17.H,68,15,92,51,51.0,Gelenk,0.31
45.T0.13-69-j26-1.3.H,69,15,25,14,20.0,Solo,0.72
45.T0.13-73-j26-4.7.R,73,6,28,15,15.0,Gelenk,0.53
45.T0.13-82-j26-3.6.R,82,12,45,25,36.0,Solo,0.2
45.T0.13-84-j26-1.2.R,84,11,6,3,4.0,Solo,1.0
45.T0.17-708-j26-2.1.H,E8,9,14,8,11.0,Solo,0.25
46.T0.13-21-j26-1.1.H,21,19,15,8,11.0,Solo,0.38
46.T0.13-30-j26-2.15.H,30,22,16,9,13.0,Solo,0.28
46.T0.13-31-j26-1.7.H,31,16,51,28,28.0,Gelenk,0.08
46.T0.13-32-j26-2.3.R,32,7,4,2,3.0,Solo,0.29
46.T0.13-34-j26-1.1.H,34,15,61,34,34.0,Gelenk,0.78
46.T0.13-35-j26-1.3.H,35,12,40,22,22.0,Gelenk,0.5
46.T0.13-36-j26-7.9.H,36,13,85,47,47.0,Gelenk,0.57
46.T0.13-37-j26-1.1.H,37,23,46,25,25.0,Gelenk,0.39
46.T0.13-38-j26-1.3.H,38,14,41,23,33.0,Solo,0.19
46.T0.13-40-j26-1.3.H,40,17,52,29,29.0,Gelenk,0.39
46.T0.13-43-j26-2.5.H,43,13,48,26,37.0,Solo,0.5
46.T0.13-44-j26-2.2.H,44,14,24,13,19.0,Solo,0.58
46.T0.13-45-j26-2.6.H,45,19,72,40,40.0,Gelenk,0.44
46.T0.13-46-j26-1.4.H,46,19,48,26,26.0,Gelenk,0.33
46.T0.13-47-j26-1.5.H,47,22,14,8,8.0,Gelenk,0.25
46.T0.13-50-j26-1.4.R,50,18,3,2,3.0,Solo,0.11
46.T0.13-51-j26-1.4.H,51,14,22,12,17.0,Solo,0.09
46.T0.13-52-j26-1.5.H,52,20,11,6,9.0,Solo,0.1
46.T0.13-53-j26-1.2.H,53,15,46,25,36.0,Solo,0.09
46.T0.13-54-j26-1.3.R,54,7,20,11,16.0,Solo,0.21
46.T0.13-55-j26-1.1.H,55,16,23,13,19.0,Solo,0.38
46.T0.13-56-j26-1.10.H,56,17,28,15,21.0,Solo,0.16
46.T0.13-57-j26-1.5.H,57,16,29,16,23.0,Solo,0.19
46.T0.13-58-j26-1.7.H,58,19,20,11,11.0,Gelenk,0.0
46.T0.13-59-j26-1.3.R,59,15,34,19,27.0,Solo,0.25
46.T0.13-61-j26-5.31.H,61,14,20,11,11.0,Gelenk,0.07
46.T0.13-62-j26-1.4.H,62,15,22,12,12.0,Gelenk,0.14
46.T0.13-65-j26-1.2.H,65,12,40,22,22.0,Gelenk,0.55
46.T0.13-66-j26-1.1.H,66,19,17,9,9.0,Gelenk,0.25
46.T0.13-67-j26-1.2.H,67,14,76,42,42.0,Gelenk,0.28
46.T0.13-68-j26-2.17.H,68,15,52,29,29.0,Gelenk,0.31
46.T0.13-69-j26-1.3.H,69,15,19,10,14.0,Solo,0.72
46.T0.13-73-j26-4.7.R,73,7,34,19,19.0,Gelenk,0.53
46.T0.13-82-j26-3.6.R,82,13,19,10,14.0,Solo,0.2
46.T0.13-84-j26-1.2.R,84,11,5,3,4.0,Solo,1.0
46.T0.17-708-j26-2.1.H,E8,9,18,10,14.0,Solo,0.25
47.T0.13-21-j26-1.1.H,21,19,25,14,20.0,Solo,0.38
47.T0.13-30-j26-2.15.H,30,23,14,8,11.0,Solo,0.28
47.T0.13-31-j26-1.7.H,31,17,80,44,44.0,Gelenk,0.08
47.T0.13-32-j26-2.3.R,32,7,3,2,3.0,Solo,0.29
47.T0.13-34-j26-1.1.H,34,16,55,30,30.0,Gelenk,0.78
47.T0.13-35-j26-1.3.H,35,12,47,26,26.0,Gelenk,0.5
47.T0.13-36-j26-7.9.H,36,13,62,34,34.0,Gelenk,0.57
47.T0.13-37-j26-1.2.R,37,4,36,20,20.0,Gelenk,0.23
47.T0.13-38-j26-1.2.H,38,14,9,5,7.0,Solo,0.11
47.T0.13-40-j26-1.4.H,40,17,49,27,27.0,Gelenk,0.53
47.T0.13-43-j26-2.5.H,43,13,36,20,29.0,Solo,0.5
47.T0.13-44-j26-2.1.H,44,14,24,13,19.0,Solo,0.52
47.T0.13-45-j26-2.6.H,45,19,59,32,32.0,Gelenk,0.44
47.T0.13-46-j26-1.4.H,46,20,41,23,23.0,Gelenk,0.33
47.T0.13-47-j26-1.5.H,47,23,15,8,8.0,Gelenk,0.25
47.T0.13-50-j26-1.4.R,50,19,4,2,3.0,Solo,0.11
47.T0.13-51-j26-1.4.H,51,14,19,10,14.0,Solo,0.09
47.T0.13-52-j26-1.5.H,52,20,11,6,9.0,Solo,0.1
47.T0.13-53-j26-1.2.H,53,16,30,16,23.0,Solo,0.09
47.T0.13-54-j26-1.3.R,54,7,23,13,19.0,Solo,0.21
47.T0.13-55-j26-1.1.H,55,16,22,12,17.0,Solo,0.38
47.T0.13-56-j26-1.10.H,56,18,25,14,20.0,Solo,0.16
47.T0.13-57-j26-1.5.H,57,16,17,9,13.0,Solo,0.19
47.T0.13-58-j26-1.7.H,58,19,18,10,10.0,Gelenk,0.0
47.T0.13-59-j26-1.3.R,59,16,34,19,27.0,Solo,0.25
47.T0.13-61-j26-5.25.H,61,14,58,32,32.0,Gelenk,0.08
47.T0.13-62-j26-1.1.H,62,15,29,16,16.0,Gelenk,0.12
47.T0.13-65-j26-1.2.H,65,12,39,21,21.0,Gelenk,0.55
47.T0.13-66-j26-1.2.H,66,20,41,23,23.0,Gelenk,0.21
47.T0.13-67-j26-1.2.H,67,15,62,34,34.0,Gelenk,0.28
47.T0.13-68-j26-2.17.H,68,15,145,80,80.0,Gelenk,0.31
47.T0.13-69-j26-1.3.H,69,15,26,14,20.0,Solo,0.72
47.T0.13-73-j26-4.7.R,73,7,22,12,12.0,Gelenk,0.53
47.T0.13-82-j26-3.6.R,82,13,25,14,20.0,Solo,0.2
47.T0.13-84-j26-1.2.R,84,11,8,4,6.0,Solo,1.0
47.T0.17-708-j26-2.1.H,E8,9,24,13,19.0,Solo,0.25
48.T0.13-21-j26-1.1.H,21,19,32,18,26.0,Solo,0.38
48.T0.13-30-j26-2.15.H,30,23,9,5,7.0,Solo,0.28
48.T0.13-31-j26-1.7.H,31,17,75,41,41.0,Gelenk,0.08
48.T0.13-32-j26-2.3.R,32,7,3,2,3.0,Solo,0.29
48.T0.13-34-j26-1.1.H,34,16,54,30,30.0,Gelenk,0.78
48.T0.13-35-j26-1.3.H,35,12,30,16,16.0,Gelenk,0.5
48.T0.13-36-j26-7.9.H,36,13,51,28,28.0,Gelenk,0.57
48.T0.13-37-j26-1.3.R,37,5,27,15,15.0,Gelenk,0.35
48.T0.13-38-j26-1.1.H,38,14,48,26,37.0,Solo,0.19
48.T0.13-40-j26-1.5.H,40,18,47,26,26.0,Gelenk,0.46
48.T0.13-43-j26-2.5.H,43,13,35,19,27.0,Solo,0.5
48.T0.13-44-j26-2.2.H,44,14,17,9,13.0,Solo,0.58
48.T0.13-45-j26-2.6.H,45,19,64,35,35.0,Gelenk,0.44
48.T0.13-46-j26-1.4.H,46,20,40,22,22.0,Gelenk,0.33
48.T0.13-47-j26-1.6.H,47,24,20,11,11.0,Gelenk,0.29
48.T0.13-50-j26-1.4.R,50,20,3,2,3.0,Solo,0.11
48.T0.13-51-j26-1.4.H,51,14,24,13,19.0,Solo,0.09
48.T0.13-52-j26-1.5.H,52,20,11,6,9.0,Solo,0.1
48.T0.13-53-j26-1.2.H,53,16,12,7,10.0,Solo,0.09
48.T0.13-54-j26-1.3.R,54,8,19,10,14.0,Solo,0.21
48.T0.13-55-j26-1.1.H,55,17,45,25,36.0,Solo,0.38
48.T0.13-56-j26-1.10.H,56,18,17,9,13.0,Solo,0.16
48.T0.13-57-j26-1.5.H,57,16,16,9,13.0,Solo,0.19
48.T0.13-58-j26-1.7.H,58,19,29,16,16.0,Gelenk,0.0
48.T0.13-59-j26-1.3.R,59,16,46,25,36.0,Solo,0.25
48.T0.13-61-j26-5.26.H,61,14,50,28,28.0,Gelenk,0.06
48.T0.13-62-j26-1.4.H,62,16,28,15,15.0,Gelenk,0.14
48.T0.13-65-j26-1.2.H,65,12,50,28,28.0,Gelenk,0.55
48.T0.13-66-j26-1.1.H,66,20,22,12,12.0,Gelenk,0.25
48.T0.13-67-j26-1.2.H,67,15,104,57,57.0,Gelenk,0.28
48.T0.13-68-j26-2.17.H,68,16,126,69,69.0,Gelenk,0.31
48.T0.13-69-j26-1.3.H,69,15,32,18,26.0,Solo,0.72
48.T0.13-73-j26-4.7.R,73,7,52,29,29.0,Gelenk,0.53
48.T0.13-82-j26-3.6.R,82,14,33,18,26.0,Solo,0.2
48.T0.13-84-j26-1.2.R,84,12,7,4,6.0,Solo,1.0
48.T0.17-708-j26-2.1.H,E8,9,15,8,11.0,Solo,0.25
49.T0.13-21-j26-1.1.H,21,20,12,7,10.0,Solo,0.38
49.T0.13-30-j26-2.16.R,30,4,2,1,1.0,Solo,0.33
49.T0.13-31-j26-1.7.H,31,17,46,25,25.0,Gelenk,0.08
49.T0.13-32-j26-2.3.R,32,8,4,2,3.0,Solo,0.29
49.T0.13-34-j26-1.1.H,34,16,53,29,29.0,Gelenk,0.78
49.T0.13-35-j26-1.3.H,35,12,43,24,24.0,Gelenk,0.5
49.T0.13-36-j26-7.9.H,36,13,97,53,53.0,Gelenk,0.57
49.T0.13-37-j26-1.3.R,37,5,24,13,13.0,Gelenk,0.35
49.T0.13-38-j26-1.2.H,38,14,10,6,9.0,Solo,0.11
49.T0.13-40-j26-1.5.H,40,18,41,23,23.0,Gelenk,0.46
49.T0.13-43-j26-2.5.H,43,14,28,15,21.0,Solo,0.5
49.T0.13-44-j26-2.1.H,44,14,25,14,20.0,Solo,0.52
49.T0.13-45-j26-2.1.H,45,20,43,24,24.0,Gelenk,0.38
49.T0.13-46-j26-1.4.H,46,21,89,49,49.0,Gelenk,0.33
49.T0.13-47-j26-1.1.R,47,5,14,8,8.0,Gelenk,0.25
49.T0.13-50-j26-1.4.R,50,20,4,2,3.0,Solo,0.11
49.T0.13-52-j26-1.4.H,52,21,5,3,4.0,Solo,0.17
49.T0.13-53-j26-1.2.H,53,16,32,18,26.0,Solo,0.09
49.T0.13-54-j26-1.3.R,54,8,29,16,23.0,Solo,0.21
49.T0.13-55-j26-1.1.H,55,17,31,17,24.0,Solo,0.38
49.T0.13-56-j26-1.10.H,56,18,17,9,13.0,Solo,0.16
49.T0.13-57-j26-1.5.H,57,16,20,11,16.0,Solo,0.19
49.T0.13-58-j26-1.7.H,58,20,20,11,11.0,Gelenk,0.0
49.T0.13-59-j26-1.3.R,59,17,28,15,21.0,Solo,0.25
49.T0.13-61-j26-5.25.H,61,15,25,14,14.0,Gelenk,0.08
49.T0.13-62-j26-1.1.H,62,16,29,16,16.0,Gelenk,0.12
49.T0.13-65-j26-1.2.H,65,12,93,51,51.0,Gelenk,0.55
49.T0.13-66-j26-1.1.H,66,20,20,11,11.0,Gelenk,0.25
49.T0.13-67-j26-1.2.H,67,15,102,56,56.0,Gelenk,0.28
49.T0.13-68-j26-2.17.H,68,16,108,59,59.0,Gelenk,0.31
49.T0.13-69-j26-1.3.H,69,16,32,18,26.0,Solo,0.72
49.T0.13-73-j26-4.7.R,73,8,29,16,16.0,Gelenk,0.53
49.T0.13-82-j26-3.6.R,82,15,21,12,17.0,Solo,0.2
49.T0.13-84-j26-1.2.R,84,12,6,3,4.0,Solo,1.0
49.T0.17-708-j26-2.1.H,E8,10,22,12,17.0,Solo,0.25
5.T0.13-21-j26-1.1.H,21,6,20,11,16.0,Solo,0.38
5.T0.13-30-j26-2.13.H,30,5,12,7,10.0,Solo,0.28
5.T0.13-31-j26-1.7.H,31,5,19,10,10.0,Gelenk,0.08
5.T0.13-32-j26-2.1.H,32,6,3,2,3.0,Solo,0.29
5.T0.13-34-j26-1.1.H,34,5,14,8,8.0,Gelenk,0.78
5.T0.13-35-j26-1.3.H,35,5,32,18,18.0,Gelenk,0.5
5.T0.13-36-j26-7.9.H,36,6,47,26,26.0,Gelenk,0.57
5.T0.13-37-j26-1.1.H,37,5,26,14,14.0,Gelenk,0.39
5.T0.13-38-j26-1.2.H,38,5,3,2,3.0,Solo,0.11
5.T0.13-43-j26-2.5.H,43,5,34,19,27.0,Solo,0.5
5.T0.13-44-j26-2.2.H,44,6,24,13,19.0,Solo,0.58
5.T0.13-45-j26-2.6.H,45,5,28,15,15.0,Gelenk,0.44
5.T0.13-46-j26-1.4.H,46,6,72,40,40.0,Gelenk,0.33
5.T0.13-47-j26-1.5.H,47,6,45,25,25.0,Gelenk,0.25
5.T0.13-49-j26-1.1.H,49,7,10,6,9.0,Solo,0.2
5.T0.13-50-j26-1.2.H,50,7,2,1,1.0,Solo,0.08
5.T0.13-52-j26-1.5.H,52,6,13,7,10.0,Solo,0.1
5.T0.13-53-j26-1.2.H,53,6,11,6,9.0,Solo,0.09
5.T0.13-54-j26-1.1.H,54,6,7,4,6.0,Solo,0.21
5.T0.13-55-j26-1.1.H,55,6,13,7,10.0,Solo,0.38
5.T0.13-56-j26-1.10.H,56,6,10,6,9.0,Solo,0.16
5.T0.13-57-j26-1.5.H,57,6,15,8,11.0,Solo,0.19
5.T0.13-58-j26-1.5.H,58,6,51,28,28.0,Gelenk,0.14
5.T0.13-59-j26-1.1.H,59,6,11,6,9.0,Solo,0.25
5.T0.13-60-j26-1.1.H,60,13,26,14,14.0,Gelenk,0.26
5.T0.13-61-j26-5.25.H,61,6,18,10,10.0,Gelenk,0.08
5.T0.13-62-j26-1.1.H,62,5,20,11,11.0,Gelenk,0.12
5.T0.13-65-j26-1.2.H,65,5,17,9,9.0,Gelenk,0.55
5.T0.13-66-j26-1.2.H,66,6,26,14,14.0,Gelenk,0.21
5.T0.13-67-j26-1.2.H,67,5,26,14,14.0,Gelenk,0.28
5.T0.13-68-j26-2.17.H,68,5,29,16,16.0,Gelenk,0.31
5.T0.13-69-j26-1.3.H,69,5,6,3,4.0,Solo,0.72
5.T0.13-73-j26-4.5.H,73,6,16,9,9.0,Gelenk,0.53
5.T0.13-84-j26-1.1.H,84,8,10,6,9.0,Solo,1.0
5.T0.13-91-j26-1.3.R,91,7,42,23,33.0,Solo,0.12
5.T0.13-97-j26-1.5.R,97,15,50,28,28.0,Gelenk,0.25
5.T0.13-99-j26-1.3.R,99,13,14,8,8.0,Gelenk,0.0
5.T0.17-708-j26-2.1.H,E8,5,6,3,4.0,Solo,0.25
50.T0.13-21-j26-1.1.H,21,20,27,15,21.0,Solo,0.38
50.T0.13-30-j26-2.17.R,30,4,3,2,3.0,Solo,0.26
50.T0.13-31-j26-1.7.H,31,18,52,29,29.0,Gelenk,0.08
50.T0.13-32-j26-2.3.R,32,8,3,2,3.0,Solo,0.29
50.T0.13-34-j26-1.1.H,34,16,50,28,28.0,Gelenk,0.78
50.T0.13-35-j26-1.3.H,35,12,48,26,26.0,Gelenk,0.5
50.T0.13-36-j26-7.9.H,36,13,44,24,24.0,Gelenk,0.57
50.T0.13-37-j26-1.3.R,37,5,35,19,19.0,Gelenk,0.35
50.T0.13-38-j26-1.1.H,38,14,50,28,40.0,Solo,0.19
50.T0.13-40-j26-1.5.H,40,18,43,24,24.0,Gelenk,0.46
50.T0.13-43-j26-2.5.H,43,14,34,19,27.0,Solo,0.5
50.T0.13-44-j26-2.2.H,44,15,25,14,20.0,Solo,0.58
50.T0.13-45-j26-2.6.H,45,20,59,32,32.0,Gelenk,0.44
50.T0.13-46-j26-1.4.H,46,22,25,14,14.0,Gelenk,0.33
50.T0.13-47-j26-1.1.R,47,5,22,12,12.0,Gelenk,0.25
50.T0.13-50-j26-1.4.R,50,21,2,1,1.0,Solo,0.11
50.T0.13-51-j26-1.4.H,51,14,15,8,11.0,Solo,0.09
50.T0.13-52-j26-1.5.H,52,21,15,8,11.0,Solo,0.1
50.T0.13-53-j26-1.2.H,53,17,27,15,21.0,Solo,0.09
50.T0.13-54-j26-1.3.R,54,9,20,11,16.0,Solo,0.21
50.T0.13-55-j26-1.1.H,55,17,36,20,29.0,Solo,0.38
50.T0.13-56-j26-1.10.H,56,19,15,8,11.0,Solo,0.16
50.T0.13-57-j26-1.5.H,57,17,25,14,20.0,Solo,0.19
50.T0.13-58-j26-1.7.H,58,20,27,15,15.0,Gelenk,0.0
50.T0.13-59-j26-1.3.R,59,18,33,18,26.0,Solo,0.25
50.T0.13-61-j26-5.26.H,61,15,18,10,10.0,Gelenk,0.06
50.T0.13-62-j26-1.4.H,62,16,24,13,13.0,Gelenk,0.14
50.T0.13-65-j26-1.2.H,65,12,51,28,28.0,Gelenk,0.55
50.T0.13-66-j26-1.1.H,66,21,13,7,7.0,Gelenk,0.25
50.T0.13-67-j26-1.2.H,67,15,52,29,29.0,Gelenk,0.28
50.T0.13-68-j26-2.17.H,68,16,102,56,56.0,Gelenk,0.31
50.T0.13-69-j26-1.3.H,69,16,27,15,21.0,Solo,0.72
50.T0.13-73-j26-4.7.R,73,8,35,19,19.0,Gelenk,0.53
50.T0.13-82-j26-3.6.R,82,15,22,12,17.0,Solo,0.2
50.T0.13-84-j26-1.2.R,84,12,7,4,6.0,Solo,1.0
50.T0.17-708-j26-2.1.H,E8,10,15,8,11.0,Solo,0.25
51.T0.13-21-j26-1.1.H,21,21,29,16,23.0,Solo,0.38
51.T0.13-30-j26-2.17.R,30,5,6,3,4.0,Solo,0.26
51.T0.13-31-j26-1.3.H,31,18,24,13,13.0,Gelenk,0.11
51.T0.13-32-j26-2.3.R,32,8,3,2,3.0,Solo,0.29
51.T0.13-34-j26-1.1.H,34,16,55,30,30.0,Gelenk,0.78
51.T0.13-35-j26-1.3.H,35,12,46,25,25.0,Gelenk,0.5
51.T0.13-36-j26-7.9.H,36,13,100,55,55.0,Gelenk,0.57
51.T0.13-37-j26-1.3.R,37,6,63,35,35.0,Gelenk,0.35
51.T0.13-38-j26-1.2.H,38,14,12,7,10.0,Solo,0.11
51.T0.13-40-j26-1.5.H,40,19,22,12,12.0,Gelenk,0.46
51.T0.13-43-j26-2.5.H,43,14,22,12,17.0,Solo,0.5
51.T0.13-44-j26-2.1.H,44,15,32,18,26.0,Solo,0.52
51.T0.13-45-j26-2.6.H,45,21,118,65,65.0,Gelenk,0.44
51.T0.13-46-j26-1.4.H,46,22,21,12,12.0,Gelenk,0.33
51.T0.13-47-j26-1.1.R,47,5,16,9,9.0,Gelenk,0.25
51.T0.13-50-j26-1.4.R,50,22,1,1,1.0,Solo,0.11
51.T0.13-52-j26-1.4.H,52,21,4,2,3.0,Solo,0.17
51.T0.13-53-j26-1.2.H,53,17,33,18,26.0,Solo,0.09
51.T0.13-54-j26-1.3.R,54,9,19,10,14.0,Solo,0.21
51.T0.13-55-j26-1.1.H,55,18,18,10,14.0,Solo,0.38
51.T0.13-56-j26-1.10.H,56,19,14,8,11.0,Solo,0.16
51.T0.13-57-j26-1.5.H,57,17,17,9,13.0,Solo,0.19
51.T0.13-58-j26-1.7.H,58,21,13,7,7.0,Gelenk,0.0
51.T0.13-59-j26-1.3.R,59,18,31,17,24.0,Solo,0.25
51.T0.13-61-j26-5.25.H,61,15,19,10,10.0,Gelenk,0.08
51.T0.13-62-j26-1.1.H,62,16,27,15,15.0,Gelenk,0.12
51.T0.13-65-j26-1.2.H,65,13,51,28,28.0,Gelenk,0.55
51.T0.13-66-j26-1.1.H,66,21,18,10,10.0,Gelenk,0.25
51.T0.13-67-j26-1.2.H,67,15,95,52,52.0,Gelenk,0.28
51.T0.13-68-j26-2.17.H,68,17,99,54,54.0,Gelenk,0.31
51.T0.13-69-j26-1.3.H,69,16,38,21,30.0,Solo,0.72
51.T0.13-73-j26-4.7.R,73,9,34,19,19.0,Gelenk,0.53
51.T0.13-82-j26-3.6.R,82,16,80,44,63.0,Solo,0.2
51.T0.13-84-j26-1.2.R,84,13,4,2,3.0,Solo,1.0
51.T0.17-708-j26-2.1.H,E8,10,20,11,16.0,Solo,0.25
52.T0.13-21-j26-1.1.H,21,21,13,7,10.0,Solo,0.38
52.T0.13-30-j26-2.17.R,30,5,9,5,7.0,Solo,0.26
52.T0.13-31-j26-1.3.H,31,18,29,16,16.0,Gelenk,0.11
52.T0.13-32-j26-2.4.R,32,11,6,3,4.0,Solo,0.5
52.T0.13-34-j26-1.1.H,34,16,45,25,25.0,Gelenk,0.78
52.T0.13-35-j26-1.3.H,35,13,53,29,29.0,Gelenk,0.5
52.T0.13-36-j26-7.9.H,36,13,78,43,43.0,Gelenk,0.57
52.T0.13-37-j26-1.3.R,37,6,76,42,42.0,Gelenk,0.35
52.T0.13-38-j26-1.1.H,38,15,41,23,33.0,Solo,0.19
52.T0.13-40-j26-1.5.H,40,19,26,14,14.0,Gelenk,0.46
52.T0.13-43-j26-2.5.H,43,14,34,19,27.0,Solo,0.5
52.T0.13-44-j26-2.2.H,44,15,19,10,14.0,Solo,0.58
52.T0.13-45-j26-2.6.H,45,22,32,18,18.0,Gelenk,0.44
52.T0.13-46-j26-1.4.H,46,23,33,18,18.0,Gelenk,0.33
52.T0.13-47-j26-1.1.R,47,6,51,28,28.0,Gelenk,0.25
52.T0.13-50-j26-1.4.R,50,22,2,1,1.0,Solo,0.11
52.T0.13-51-j26-1.4.H,51,14,23,13,19.0,Solo,0.09
52.T0.13-52-j26-1.5.H,52,22,9,5,7.0,Solo,0.1
52.T0.13-53-j26-1.2.H,53,17,31,17,24.0,Solo,0.09
52.T0.13-54-j26-1.3.R,54,10,16,9,13.0,Solo,0.21
52.T0.13-55-j26-1.1.H,55,18,23,13,19.0,Solo,0.38
52.T0.13-56-j26-1.10.H,56,19,11,6,9.0,Solo,0.16
52.T0.13-57-j26-1.5.H,57,17,14,8,11.0,Solo,0.19
52.T0.13-58-j26-1.7.H,58,21,16,9,9.0,Gelenk,0.0
52.T0.13-59-j26-1.3.R,59,19,18,10,14.0,Solo,0.25
52.T0.13-61-j26-5.26.H,61,15,27,15,15.0,Gelenk,0.06
52.T0.13-62-j26-1.4.H,62,16,35,19,19.0,Gelenk,0.14
52.T0.13-65-j26-1.3.H,65,13,50,28,28.0,Gelenk,0.52
52.T0.13-66-j26-1.1.H,66,22,18,10,10.0,Gelenk,0.25
52.T0.13-67-j26-1.2.H,67,15,69,38,38.0,Gelenk,0.28
52.T0.13-68-j26-2.17.H,68,17,129,71,71.0,Gelenk,0.31
52.T0.13-69-j26-1.3.H,69,16,25,14,20.0,Solo,0.72
52.T0.13-73-j26-4.7.R,73,9,46,25,25.0,Gelenk,0.53
52.T0.13-82-j26-3.6.R,82,17,33,18,26.0,Solo,0.2
52.T0.13-84-j26-1.2.R,84,13,5,3,4.0,Solo,1.0
52.T0.17-708-j26-2.1.H,E8,10,15,8,11.0,Solo,0.25
53.T0.13-21-j26-1.1.H,21,22,19,10,14.0,Solo,0.38
53.T0.13-30-j26-2.17.R,30,5,5,3,4.0,Solo,0.26
53.T0.13-31-j26-1.3.H,31,19,33,18,18.0,Gelenk,0.11
53.T0.13-32-j26-2.3.R,32,12,5,3,4.0,Solo,0.29
53.T0.13-34-j26-1.1.H,34,17,67,37,37.0,Gelenk,0.78
53.T0.13-35-j26-1.3.H,35,13,50,28,28.0,Gelenk,0.5
53.T0.13-36-j26-7.9.H,36,14,113,62,62.0,Gelenk,0.57
53.T0.13-37-j26-1.3.R,37,6,74,41,41.0,Gelenk,0.35
53.T0.13-38-j26-1.2.H,38,15,22,12,17.0,Solo,0.11
53.T0.13-40-j26-1.5.H,40,19,20,11,11.0,Gelenk,0.46
53.T0.13-43-j26-2.5.H,43,14,35,19,27.0,Solo,0.5
53.T0.13-44-j26-2.1.H,44,15,24,13,19.0,Solo,0.52
53.T0.13-45-j26-2.6.H,45,22,43,24,24.0,Gelenk,0.44
53.T0.13-46-j26-1.4.H,46,24,35,19,19.0,Gelenk,0.33
53.T0.13-47-j26-1.1.R,47,6,36,20,20.0,Gelenk,0.25
53.T0.13-50-j26-1.4.R,50,23,2,1,1.0,Solo,0.11
53.T0.13-51-j26-1.4.H,51,14,20,11,16.0,Solo,0.09
53.T0.13-52-j26-1.4.H,52,22,3,2,3.0,Solo,0.17
53.T0.13-53-j26-1.2.H,53,18,16,9,13.0,Solo,0.09
53.T0.13-54-j26-1.3.R,54,11,24,13,19.0,Solo,0.21
53.T0.13-55-j26-1.1.H,55,18,23,13,19.0,Solo,0.38
53.T0.13-56-j26-1.10.H,56,20,12,7,10.0,Solo,0.16
53.T0.13-57-j26-1.5.H,57,17,16,9,13.0,Solo,0.19
53.T0.13-58-j26-1.7.H,58,22,38,21,21.0,Gelenk,0.0
53.T0.13-59-j26-1.3.R,59,20,15,8,11.0,Solo,0.25
53.T0.13-61-j26-5.25.H,61,15,18,10,10.0,Gelenk,0.08
53.T0.13-62-j26-1.1.H,62,16,28,15,15.0,Gelenk,0.12
53.T0.13-65-j26-1.2.H,65,13,48,26,26.0,Gelenk,0.55
53.T0.13-66-j26-1.1.H,66,22,18,10,10.0,Gelenk,0.25
53.T0.13-67-j26-1.2.H,67,16,91,50,50.0,Gelenk,0.28
53.T0.13-68-j26-2.17.H,68,17,138,76,76.0,Gelenk,0.31
53.T0.13-69-j26-1.3.H,69,16,26,14,20.0,Solo,0.72
53.T0.13-73-j26-4.7.R,73,10,41,23,23.0,Gelenk,0.53
53.T0.13-82-j26-3.6.R,82,17,22,12,17.0,Solo,0.2
53.T0.13-84-j26-1.2.R,84,13,5,3,4.0,Solo,1.0
53.T0.17-708-j26-2.1.H,E8,10,12,7,10.0,Solo,0.25
54.T0.13-21-j26-1.1.H,21,23,6,3,4.0,Solo,0.38
54.T0.13-30-j26-2.17.R,30,6,16,9,13.0,Solo,0.26
54.T0.13-31-j26-1.9.H,31,20,37,20,20.0,Gelenk,0.16
54.T0.13-32-j26-2.3.R,32,12,4,2,3.0,Solo,0.29
54.T0.13-34-j26-1.1.H,34,17,52,29,29.0,Gelenk,0.78
54.T0.13-35-j26-1.3.H,35,13,53,29,29.0,Gelenk,0.5
54.T0.13-36-j26-7.9.H,36,14,44,24,24.0,Gelenk,0.57
54.T0.13-37-j26-1.3.R,37,7,160,88,88.0,Gelenk,0.35
54.T0.13-38-j26-1.1.H,38,15,42,23,33.0,Solo,0.19
54.T0.13-40-j26-1.5.H,40,20,19,10,10.0,Gelenk,0.46
54.T0.13-43-j26-2.5.H,43,14,36,20,29.0,Solo,0.5
54.T0.13-44-j26-2.2.H,44,15,20,11,16.0,Solo,0.58
54.T0.13-45-j26-2.6.H,45,23,30,16,16.0,Gelenk,0.44
54.T0.13-46-j26-1.6.R,46,4,19,10,10.0,Gelenk,0.47
54.T0.13-47-j26-1.1.R,47,6,43,24,24.0,Gelenk,0.25
54.T0.13-50-j26-1.4.R,50,24,2,1,1.0,Solo,0.11
54.T0.13-51-j26-1.4.H,51,15,14,8,11.0,Solo,0.09
54.T0.13-52-j26-1.5.H,52,22,6,3,4.0,Solo,0.1
54.T0.13-53-j26-1.2.H,53,18,16,9,13.0,Solo,0.09
54.T0.13-54-j26-1.3.R,54,11,20,11,16.0,Solo,0.21
54.T0.13-55-j26-1.1.H,55,19,11,6,9.0,Solo,0.38
54.T0.13-56-j26-1.14.H,56,20,0,0,0.0,Solo,0.2
54.T0.13-57-j26-1.5.H,57,17,16,9,13.0,Solo,0.19
54.T0.13-58-j26-1.7.H,58,23,7,4,4.0,Gelenk,0.0
54.T0.13-59-j26-1.3.R,59,20,12,7,10.0,Solo,0.25
54.T0.13-61-j26-5.26.H,61,15,22,12,12.0,Gelenk,0.06
54.T0.13-62-j26-1.4.H,62,17,53,29,29.0,Gelenk,0.14
54.T0.13-65-j26-1.2.H,65,13,35,19,19.0,Gelenk,0.55
54.T0.13-66-j26-1.1.H,66,23,13,7,7.0,Gelenk,0.25
54.T0.13-67-j26-1.2.H,67,16,103,57,57.0,Gelenk,0.28
54.T0.13-68-j26-2.17.H,68,18,87,48,48.0,Gelenk,0.31
54.T0.13-69-j26-1.3.H,69,16,26,14,20.0,Solo,0.72
54.T0.13-73-j26-4.7.R,73,11,55,30,30.0,Gelenk,0.53
54.T0.13-82-j26-3.6.R,82,18,37,20,29.0,Solo,0.2
54.T0.13-84-j26-1.2.R,84,14,8,4,6.0,Solo,1.0
54.T0.17-708-j26-2.1.H,E8,10,16,9,13.0,Solo,0.25
55.T0.13-21-j26-1.1.H,21,23,7,4,6.0,Solo,0.38
55.T0.13-30-j26-2.17.R,30,6,14,8,11.0,Solo,0.26
55.T0.13-31-j26-1.2.H,31,20,15,8,8.0,Gelenk,0.0
55.T0.13-32-j26-2.3.R,32,12,5,3,4.0,Solo,0.29
55.T0.13-34-j26-1.1.H,34,17,45,25,25.0,Gelenk,0.78
55.T0.13-35-j26-1.3.H,35,13,44,24,24.0,Gelenk,0.5
55.T0.13-36-j26-7.9.H,36,14,68,37,37.0,Gelenk,0.57
55.T0.13-37-j26-1.6.R,37,7,69,38,38.0,Gelenk,0.25
55.T0.13-38-j26-1.2.H,38,15,8,4,6.0,Solo,0.11
55.T0.13-40-j26-1.5.H,40,20,21,12,12.0,Gelenk,0.46
55.T0.13-43-j26-2.5.H,43,15,40,22,31.0,Solo,0.5
55.T0.13-44-j26-2.1.H,44,15,19,10,14.0,Solo,0.52
55.T0.13-45-j26-2.9.R,45,4,25,14,14.0,Gelenk,0.36
55.T0.13-46-j26-1.6.R,46,5,24,13,13.0,Gelenk,0.47
55.T0.13-47-j26-1.1.R,47,7,69,38,38.0,Gelenk,0.25
55.T0.13-51-j26-1.4.H,51,15,27,15,21.0,Solo,0.09
55.T0.13-52-j26-1.4.H,52,23,3,2,3.0,Solo,0.17
55.T0.13-53-j26-1.2.H,53,18,13,7,10.0,Solo,0.09
55.T0.13-55-j26-1.1.H,55,19,10,6,9.0,Solo,0.38
55.T0.13-56-j26-1.10.H,56,20,15,8,11.0,Solo,0.16
55.T0.13-57-j26-1.5.H,57,17,17,9,13.0,Solo,0.19
55.T0.13-58-j26-1.7.H,58,23,6,3,3.0,Gelenk,0.0
55.T0.13-59-j26-1.3.R,59,22,13,7,10.0,Solo,0.25
55.T0.13-61-j26-5.25.H,61,16,35,19,19.0,Gelenk,0.08
55.T0.13-62-j26-1.1.H,62,17,31,17,17.0,Gelenk,0.12
55.T0.13-65-j26-1.2.H,65,13,44,24,24.0,Gelenk,0.55
55.T0.13-66-j26-1.1.H,66,24,28,15,15.0,Gelenk,0.25
55.T0.13-67-j26-1.2.H,67,16,61,34,34.0,Gelenk,0.28
55.T0.13-68-j26-2.17.H,68,18,121,67,67.0,Gelenk,0.31
55.T0.13-69-j26-1.3.H,69,17,29,16,23.0,Solo,0.72
55.T0.13-73-j26-4.7.R,73,11,47,26,26.0,Gelenk,0.53
55.T0.13-82-j26-3.6.R,82,19,25,14,20.0,Solo,0.2
55.T0.13-84-j26-1.2.R,84,14,7,4,6.0,Solo,1.0
55.T0.17-708-j26-2.1.H,E8,11,20,11,16.0,Solo,0.25
56.T0.13-21-j26-1.1.H,21,24,6,3,4.0,Solo,0.38
56.T0.13-30-j26-2.17.R,30,6,17,9,13.0,Solo,0.26
56.T0.13-31-j26-1.2.H,31,21,8,4,4.0,Gelenk,0.0
56.T0.13-32-j26-2.3.R,32,13,3,2,3.0,Solo,0.29
56.T0.13-34-j26-1.1.H,34,17,55,30,30.0,Gelenk,0.78
56.T0.13-35-j26-1.3.H,35,13,50,28,28.0,Gelenk,0.5
56.T0.13-36-j26-7.9.H,36,14,75,41,41.0,Gelenk,0.57
56.T0.13-37-j26-1.3.R,37,7,104,57,57.0,Gelenk,0.35
56.T0.13-38-j26-1.1.H,38,15,29,16,23.0,Solo,0.19
56.T0.13-40-j26-1.5.H,40,20,21,12,12.0,Gelenk,0.46
56.T0.13-43-j26-2.5.H,43,15,37,20,29.0,Solo,0.5
56.T0.13-44-j26-2.2.H,44,16,39,21,30.0,Solo,0.58
56.T0.13-45-j26-2.9.R,45,5,27,15,15.0,Gelenk,0.36
56.T0.13-46-j26-1.2.R,46,5,15,8,8.0,Gelenk,0.3
56.T0.13-47-j26-1.2.R,47,7,65,36,36.0,Gelenk,0.27
56.T0.13-51-j26-1.4.H,51,15,17,9,13.0,Solo,0.09
56.T0.13-52-j26-1.5.H,52,23,10,6,9.0,Solo,0.1
56.T0.13-53-j26-1.1.H,53,19,9,5,7.0,Solo,0.13
56.T0.13-54-j26-1.3.R,54,12,39,21,30.0,Solo,0.21
56.T0.13-55-j26-1.1.H,55,19,13,7,10.0,Solo,0.38
56.T0.13-56-j26-1.14.H,56,21,0,0,0.0,Solo,0.2
56.T0.13-57-j26-1.5.H,57,18,24,13,19.0,Solo,0.19
56.T0.13-58-j26-1.8.R,58,5,9,5,5.0,Gelenk,0.15
56.T0.13-59-j26-1.3.R,59,23,9,5,7.0,Solo,0.25
56.T0.13-61-j26-5.26.H,61,16,41,23,23.0,Gelenk,0.06
56.T0.13-62-j26-1.4.H,62,17,36,20,20.0,Gelenk,0.14
56.T0.13-65-j26-1.2.H,65,13,54,30,30.0,Gelenk,0.55
56.T0.13-66-j26-1.4.R,66,4,4,2,2.0,Gelenk,0.44
56.T0.13-67-j26-1.2.H,67,16,79,43,43.0,Gelenk,0.28
56.T0.13-68-j26-2.17.H,68,18,90,50,50.0,Gelenk,0.31
56.T0.13-69-j26-1.3.H,69,17,27,15,21.0,Solo,0.72
56.T0.13-73-j26-4.7.R,73,12,64,35,35.0,Gelenk,0.53
56.T0.13-82-j26-3.6.R,82,19,18,10,14.0,Solo,0.2
56.T0.13-84-j26-1.2.R,84,14,6,3,4.0,Solo,1.0
56.T0.17-708-j26-2.1.H,E8,11,15,8,11.0,Solo,0.25
57.T0.13-30-j26-2.17.R,30,7,14,8,11.0,Solo,0.26
57.T0.13-31-j26-1.2.H,31,22,4,2,2.0,Gelenk,0.0
57.T0.13-32-j26-2.4.R,32,13,2,1,1.0,Solo,0.5
57.T0.13-34-j26-1.1.H,34,17,30,16,16.0,Gelenk,0.78
57.T0.13-35-j26-1.3.H,35,13,36,20,20.0,Gelenk,0.5
57.T0.13-36-j26-7.9.H,36,14,63,35,35.0,Gelenk,0.57
57.T0.13-37-j26-1.3.R,37,7,199,109,109.0,Gelenk,0.35
57.T0.13-38-j26-1.2.H,38,15,12,7,10.0,Solo,0.11
57.T0.13-40-j26-1.5.H,40,21,15,8,8.0,Gelenk,0.46
57.T0.13-43-j26-2.5.H,43,15,49,27,39.0,Solo,0.5
57.T0.13-44-j26-2.1.H,44,16,25,14,20.0,Solo,0.52
57.T0.13-45-j26-2.10.R,45,5,38,21,21.0,Gelenk,0.42
57.T0.13-46-j26-1.2.R,46,5,15,8,8.0,Gelenk,0.3
57.T0.13-47-j26-1.1.R,47,7,70,38,38.0,Gelenk,0.25
57.T0.13-51-j26-1.4.H,51,15,17,9,13.0,Solo,0.09
57.T0.13-52-j26-1.4.H,52,23,2,1,1.0,Solo,0.17
57.T0.13-53-j26-1.1.H,53,19,10,6,9.0,Solo,0.13
57.T0.13-55-j26-1.1.H,55,20,13,7,10.0,Solo,0.38
57.T0.13-56-j26-1.10.H,56,21,11,6,9.0,Solo,0.16
57.T0.13-57-j26-1.5.H,57,18,27,15,21.0,Solo,0.19
57.T0.13-58-j26-1.8.R,58,5,11,6,6.0,Gelenk,0.15
57.T0.13-61-j26-5.25.H,61,16,35,19,19.0,Gelenk,0.08
57.T0.13-62-j26-1.1.H,62,17,49,27,27.0,Gelenk,0.12
57.T0.13-65-j26-1.2.H,65,13,48,26,26.0,Gelenk,0.55
57.T0.13-66-j26-1.7.R,66,4,8,4,4.0,Gelenk,0.26
57.T0.13-67-j26-1.2.H,67,16,83,46,46.0,Gelenk,0.28
57.T0.13-68-j26-2.17.H,68,19,78,43,43.0,Gelenk,0.31
57.T0.13-69-j26-1.3.H,69,17,55,30,43.0,Solo,0.72
57.T0.13-73-j26-4.7.R,73,13,67,37,37.0,Gelenk,0.53
57.T0.13-82-j26-3.6.R,82,20,20,11,16.0,Solo,0.2
57.T0.13-84-j26-1.2.R,84,15,13,7,10.0,Solo,1.0
57.T0.17-708-j26-2.1.H,E8,11,19,10,14.0,Solo,0.25
58.T0.13-30-j26-2.17.R,30,7,25,14,20.0,Solo,0.26
58.T0.13-31-j26-1.2.H,31,22,6,3,3.0,Gelenk,0.0
58.T0.13-32-j26-2.3.R,32,13,2,1,1.0,Solo,0.29
58.T0.13-34-j26-1.1.H,34,17,46,25,25.0,Gelenk,0.78
58.T0.13-35-j26-1.3.H,35,14,39,21,21.0,Gelenk,0.5
58.T0.13-36-j26-7.9.H,36,14,81,45,45.0,Gelenk,0.57
58.T0.13-37-j26-1.3.R,37,8,148,81,81.0,Gelenk,0.35
58.T0.13-38-j26-1.1.H,38,16,48,26,37.0,Solo,0.19
58.T0.13-40-j26-1.5.H,40,21,22,12,12.0,Gelenk,0.46
58.T0.13-43-j26-2.5.H,43,15,44,24,34.0,Solo,0.5
58.T0.13-44-j26-2.2.H,44,16,28,15,21.0,Solo,0.58
58.T0.13-45-j26-2.10.R,45,5,25,14,14.0,Gelenk,0.42
58.T0.13-46-j26-1.2.R,46,5,27,15,15.0,Gelenk,0.3
58.T0.13-47-j26-1.1.R,47,7,65,36,36.0,Gelenk,0.25
58.T0.13-51-j26-1.4.H,51,15,13,7,10.0,Solo,0.09
58.T0.13-52-j26-1.5.H,52,24,8,4,6.0,Solo,0.1
58.T0.13-53-j26-1.2.H,53,19,18,10,14.0,Solo,0.09
58.T0.13-54-j26-1.3.R,54,13,27,15,21.0,Solo,0.21
58.T0.13-55-j26-1.1.H,55,20,15,8,11.0,Solo,0.38
58.T0.13-56-j26-1.14.H,56,21,1,1,1.0,Solo,0.2
58.T0.13-57-j26-1.5.H,57,18,27,15,21.0,Solo,0.19
58.T0.13-58-j26-1.8.R,58,5,12,7,7.0,Gelenk,0.15
58.T0.13-61-j26-5.26.H,61,16,23,13,13.0,Gelenk,0.06
58.T0.13-62-j26-1.1.H,62,17,41,23,23.0,Gelenk,0.12
58.T0.13-65-j26-1.2.H,65,14,53,29,29.0,Gelenk,0.55
58.T0.13-66-j26-1.7.R,66,5,10,6,6.0,Gelenk,0.26
58.T0.13-67-j26-1.2.H,67,16,50,28,28.0,Gelenk,0.28
58.T0.13-68-j26-2.17.H,68,19,62,34,34.0,Gelenk,0.31
58.T0.13-69-j26-1.3.H,69,17,33,18,26.0,Solo,0.72
58.T0.13-73-j26-4.7.R,73,13,49,27,27.0,Gelenk,0.53
58.T0.13-82-j26-3.6.R,82,21,10,6,9.0,Solo,0.2
58.T0.13-84-j26-1.2.R,84,15,7,4,6.0,Solo,1.0
58.T0.17-708-j26-2.1.H,E8,11,12,7,10.0,Solo,0.25
59.T0.13-30-j26-2.17.R,30,7,15,8,11.0,Solo,0.26
59.T0.13-31-j26-1.2.H,31,23,4,2,2.0,Gelenk,0.0
59.T0.13-32-j26-2.3.R,32,13,4,2,3.0,Solo,0.29
59.T0.13-34-j26-1.1.H,34,18,80,44,44.0,Gelenk,0.78
59.T0.13-35-j26-1.3.H,35,14,54,30,30.0,Gelenk,0.5
59.T0.13-36-j26-7.9.H,36,15,51,28,28.0,Gelenk,0.57
59.T0.13-37-j26-1.3.R,37,8,146,80,80.0,Gelenk,0.35
59.T0.13-38-j26-1.2.H,38,16,12,7,10.0,Solo,0.11
59.T0.13-40-j26-1.5.H,40,22,16,9,9.0,Gelenk,0.46
59.T0.13-43-j26-2.5.H,43,15,41,23,33.0,Solo,0.5
59.T0.13-44-j26-2.1.H,44,16,24,13,19.0,Solo,0.52
59.T0.13-45-j26-2.10.R,45,5,30,16,16.0,Gelenk,0.42
59.T0.13-46-j26-1.2.R,46,6,57,31,31.0,Gelenk,0.3
59.T0.13-47-j26-1.3.R,47,7,14,8,8.0,Gelenk,0.0
59.T0.13-51-j26-1.4.H,51,15,16,9,13.0,Solo,0.09
59.T0.13-52-j26-1.1.R,52,4,8,4,6.0,Solo,0.05
59.T0.13-53-j26-1.1.H,53,20,6,3,4.0,Solo,0.13
59.T0.13-54-j26-1.5.R,54,13,6,3,4.0,Solo,0.08
59.T0.13-55-j26-1.1.H,55,20,11,6,9.0,Solo,0.38
59.T0.13-56-j26-1.10.H,56,22,7,4,6.0,Solo,0.16
59.T0.13-57-j26-1.5.H,57,19,19,10,14.0,Solo,0.19
59.T0.13-58-j26-1.8.R,58,6,27,15,15.0,Gelenk,0.15
59.T0.13-61-j26-5.25.H,61,16,17,9,9.0,Gelenk,0.08
59.T0.13-62-j26-1.1.H,62,18,47,26,26.0,Gelenk,0.12
59.T0.13-65-j26-1.2.H,65,14,42,23,23.0,Gelenk,0.55
59.T0.13-66-j26-1.7.R,66,5,12,7,7.0,Gelenk,0.26
59.T0.13-67-j26-1.2.H,67,17,58,32,32.0,Gelenk,0.28
59.T0.13-68-j26-2.17.H,68,19,69,38,38.0,Gelenk,0.31
59.T0.13-69-j26-1.3.H,69,17,31,17,24.0,Solo,0.72
59.T0.13-73-j26-4.7.R,73,14,57,31,31.0,Gelenk,0.53
59.T0.13-82-j26-3.6.R,82,21,11,6,9.0,Solo,0.2
59.T0.13-84-j26-1.2.R,84,15,6,3,4.0,Solo,1.0
59.T0.17-708-j26-2.1.H,E8,11,11,6,9.0,Solo,0.25
6.T0.13-21-j26-1.1.H,21,6,13,7,10.0,Solo,0.38
6.T0.13-30-j26-2.13.H,30,5,7,4,6.0,Solo,0.28
6.T0.13-31-j26-1.7.H,31,5,16,9,9.0,Gelenk,0.08
6.T0.13-32-j26-2.1.H,32,6,2,1,1.0,Solo,0.29
6.T0.13-34-j26-1.1.H,34,5,16,9,9.0,Gelenk,0.78
6.T0.13-35-j26-1.3.H,35,5,16,9,9.0,Gelenk,0.5
6.T0.13-36-j26-7.9.H,36,6,42,23,23.0,Gelenk,0.57
6.T0.13-37-j26-1.1.H,37,6,74,41,41.0,Gelenk,0.39
6.T0.13-38-j26-1.1.H,38,6,31,17,24.0,Solo,0.19
6.T0.13-40-j26-1.4.H,40,6,30,16,16.0,Gelenk,0.53
6.T0.13-43-j26-2.5.H,43,6,40,22,31.0,Solo,0.5
6.T0.13-44-j26-2.1.H,44,6,17,9,13.0,Solo,0.52
6.T0.13-45-j26-2.6.H,45,6,75,41,41.0,Gelenk,0.44
6.T0.13-46-j26-1.4.H,46,6,59,32,32.0,Gelenk,0.33
6.T0.13-47-j26-1.5.H,47,6,37,20,20.0,Gelenk,0.25
6.T0.13-49-j26-1.1.H,49,8,7,4,6.0,Solo,0.2
6.T0.13-50-j26-1.2.H,50,7,2,1,1.0,Solo,0.08
6.T0.13-51-j26-1.4.H,51,6,11,6,9.0,Solo,0.09
6.T0.13-52-j26-1.5.H,52,6,11,6,9.0,Solo,0.1
6.T0.13-53-j26-1.2.H,53,6,8,4,6.0,Solo,0.09
6.T0.13-54-j26-1.1.H,54,7,22,12,17.0,Solo,0.21
6.T0.13-55-j26-1.1.H,55,6,7,4,6.0,Solo,0.38
6.T0.13-56-j26-1.10.H,56,6,13,7,10.0,Solo,0.16
6.T0.13-57-j26-1.5.H,57,6,14,8,11.0,Solo,0.19
6.T0.13-58-j26-1.5.H,58,6,23,13,13.0,Gelenk,0.14
6.T0.13-60-j26-1.1.H,60,14,33,18,18.0,Gelenk,0.26
6.T0.13-61-j26-5.26.H,61,6,10,6,6.0,Gelenk,0.06
6.T0.13-62-j26-1.1.H,62,6,18,10,10.0,Gelenk,0.12
6.T0.13-65-j26-1.2.H,65,5,21,12,12.0,Gelenk,0.55
6.T0.13-66-j26-1.2.H,66,6,38,21,21.0,Gelenk,0.21
6.T0.13-67-j26-1.2.H,67,5,17,9,9.0,Gelenk,0.28
6.T0.13-68-j26-2.17.H,68,5,35,19,19.0,Gelenk,0.31
6.T0.13-69-j26-1.5.H,69,6,16,9,13.0,Solo,0.65
6.T0.13-73-j26-4.5.H,73,6,16,9,9.0,Gelenk,0.53
6.T0.13-82-j26-3.2.H,82,7,22,12,17.0,Solo,0.33
6.T0.13-84-j26-1.1.H,84,8,11,6,9.0,Solo,1.0
6.T0.13-89-j26-1.4.R,89,13,126,69,69.0,Gelenk,0.06
6.T0.13-91-j26-1.7.R,91,7,37,20,29.0,Solo,0.13
6.T0.13-97-j26-1.5.R,97,16,24,13,13.0,Gelenk,0.25
6.T0.17-708-j26-2.1.H,E8,5,4,2,3.0,Solo,0.25
60.T0.13-30-j26-2.17.R,30,8,24,13,19.0,Solo,0.26
60.T0.13-31-j26-1.2.H,31,24,3,2,2.0,Gelenk,0.0
60.T0.13-32-j26-2.3.R,32,14,2,1,1.0,Solo,0.29
60.T0.13-34-j26-1.1.H,34,18,53,29,29.0,Gelenk,0.78
60.T0.13-35-j26-1.3.H,35,14,46,25,25.0,Gelenk,0.5
60.T0.13-36-j26-7.9.H,36,15,94,52,52.0,Gelenk,0.57
60.T0.13-37-j26-1.3.R,37,9,198,109,109.0,Gelenk,0.35
60.T0.13-38-j26-1.1.H,38,16,64,35,50.0,Solo,0.19
60.T0.13-40-j26-1.5.H,40,22,15,8,8.0,Gelenk,0.46
60.T0.13-43-j26-2.5.H,43,15,35,19,27.0,Solo,0.5
60.T0.13-44-j26-2.2.H,44,16,39,21,30.0,Solo,0.58
60.T0.13-45-j26-2.10.R,45,6,59,32,32.0,Gelenk,0.42
60.T0.13-46-j26-1.2.R,46,6,103,57,57.0,Gelenk,0.3
60.T0.13-47-j26-1.1.R,47,8,83,46,46.0,Gelenk,0.25
60.T0.13-52-j26-1.1.R,52,5,10,6,9.0,Solo,0.05
60.T0.13-53-j26-1.2.H,53,20,21,12,17.0,Solo,0.09
60.T0.13-54-j26-1.3.R,54,13,35,19,27.0,Solo,0.21
60.T0.13-55-j26-1.1.H,55,21,10,6,9.0,Solo,0.38
60.T0.13-56-j26-1.14.H,56,22,0,0,0.0,Solo,0.2
60.T0.13-57-j26-1.5.H,57,19,25,14,20.0,Solo,0.19
60.T0.13-58-j26-1.8.R,58,6,25,14,14.0,Gelenk,0.15
60.T0.13-61-j26-5.26.H,61,16,28,15,15.0,Gelenk,0.06
60.T0.13-62-j26-1.1.H,62,18,32,18,18.0,Gelenk,0.12
60.T0.13-65-j26-1.2.H,65,14,61,34,34.0,Gelenk,0.55
60.T0.13-66-j26-1.8.R,66,5,11,6,6.0,Gelenk,0.23
60.T0.13-67-j26-1.2.H,67,17,82,45,45.0,Gelenk,0.28
60.T0.13-68-j26-2.17.H,68,20,101,56,56.0,Gelenk,0.31
60.T0.13-69-j26-1.3.H,69,18,66,36,51.0,Solo,0.72
60.T0.13-73-j26-4.7.R,73,15,49,27,27.0,Gelenk,0.53
60.T0.13-82-j26-3.6.R,82,22,9,5,7.0,Solo,0.2
60.T0.13-84-j26-1.2.R,84,16,7,4,6.0,Solo,1.0
60.T0.17-708-j26-2.1.H,E8,11,15,8,11.0,Solo,0.25
61.T0.13-30-j26-2.17.R,30,8,31,17,24.0,Solo,0.26
61.T0.13-31-j26-1.5.R,31,4,7,4,4.0,Gelenk,0.12
61.T0.13-32-j26-2.3.R,32,14,3,2,3.0,Solo,0.29
61.T0.13-34-j26-1.1.H,34,18,67,37,37.0,Gelenk,0.78
61.T0.13-35-j26-1.3.H,35,14,39,21,21.0,Gelenk,0.5
61.T0.13-36-j26-7.9.H,36,15,73,40,40.0,Gelenk,0.57
61.T0.13-37-j26-1.3.R,37,10,69,38,38.0,Gelenk,0.35
61.T0.13-38-j26-1.2.H,38,16,14,8,11.0,Solo,0.11
61.T0.13-40-j26-1.5.H,40,23,18,10,10.0,Gelenk,0.46
61.T0.13-43-j26-2.5.H,43,16,49,27,39.0,Solo,0.5
61.T0.13-44-j26-2.1.H,44,16,44,24,34.0,Solo,0.52
61.T0.13-45-j26-2.10.R,45,6,61,34,34.0,Gelenk,0.42
61.T0.13-46-j26-1.2.R,46,6,54,30,30.0,Gelenk,0.3
61.T0.13-47-j26-1.1.R,47,8,60,33,33.0,Gelenk,0.25
61.T0.13-51-j26-1.4.H,51,16,21,12,17.0,Solo,0.09
61.T0.13-52-j26-1.1.R,52,5,11,6,9.0,Solo,0.05
61.T0.13-53-j26-1.2.H,53,21,11,6,9.0,Solo,0.09
61.T0.13-54-j26-1.3.R,54,14,20,11,16.0,Solo,0.21
61.T0.13-55-j26-1.1.H,55,21,6,3,4.0,Solo,0.38
61.T0.13-56-j26-1.10.H,56,22,7,4,6.0,Solo,0.16
61.T0.13-57-j26-1.5.H,57,19,20,11,16.0,Solo,0.19
61.T0.13-58-j26-1.8.R,58,6,45,25,25.0,Gelenk,0.15
61.T0.13-61-j26-5.25.H,61,17,45,25,25.0,Gelenk,0.08
61.T0.13-62-j26-1.1.H,62,18,28,15,15.0,Gelenk,0.12
61.T0.13-65-j26-1.2.H,65,14,76,42,42.0,Gelenk,0.55
61.T0.13-66-j26-1.8.R,66,6,31,17,17.0,Gelenk,0.23
61.T0.13-67-j26-1.2.H,67,17,54,30,30.0,Gelenk,0.28
61.T0.13-68-j26-2.23.H,68,20,30,16,16.0,Gelenk,0.78
61.T0.13-69-j26-1.3.H,69,18,54,30,43.0,Solo,0.72
61.T0.13-73-j26-4.7.R,73,15,35,19,19.0,Gelenk,0.53
61.T0.13-82-j26-3.6.R,82,23,4,2,3.0,Solo,0.2
61.T0.13-84-j26-1.2.R,84,16,8,4,6.0,Solo,1.0
61.T0.17-708-j26-2.1.H,E8,12,11,6,9.0,Solo,0.25
62.T0.13-30-j26-2.18.R,30,8,2,1,1.0,Solo,0.0
62.T0.13-31-j26-1.5.R,31,5,10,6,6.0,Gelenk,0.12
62.T0.13-32-j26-2.3.R,32,14,3,2,3.0,Solo,0.29
62.T0.13-34-j26-1.1.H,34,18,46,25,25.0,Gelenk,0.78
62.T0.13-35-j26-1.3.H,35,14,56,31,31.0,Gelenk,0.5
62.T0.13-36-j26-7.9.H,36,15,95,52,52.0,Gelenk,0.57
62.T0.13-37-j26-1.3.R,37,10,142,78,78.0,Gelenk,0.35
62.T0.13-38-j26-1.1.H,38,16,58,32,46.0,Solo,0.19
62.T0.13-40-j26-1.5.H,40,24,11,6,6.0,Gelenk,0.46
62.T0.13-43-j26-2.5.H,43,16,49,27,39.0,Solo,0.5
62.T0.13-44-j26-2.2.H,44,17,32,18,26.0,Solo,0.58
62.T0.13-45-j26-2.10.R,45,6,77,42,42.0,Gelenk,0.42
62.T0.13-46-j26-1.2.R,46,7,75,41,41.0,Gelenk,0.3
62.T0.13-47-j26-1.3.R,47,8,14,8,8.0,Gelenk,0.0
62.T0.13-51-j26-1.4.H,51,16,17,9,13.0,Solo,0.09
62.T0.13-52-j26-1.1.R,52,5,8,4,6.0,Solo,0.05
62.T0.13-53-j26-1.2.H,53,21,12,7,10.0,Solo,0.09
62.T0.13-54-j26-1.3.R,54,15,42,23,33.0,Solo,0.21
62.T0.13-55-j26-1.1.H,55,21,8,4,6.0,Solo,0.38
62.T0.13-56-j26-1.14.H,56,23,0,0,0.0,Solo,0.2
62.T0.13-57-j26-1.5.H,57,20,18,10,14.0,Solo,0.19
62.T0.13-58-j26-1.9.R,58,7,20,11,11.0,Gelenk,0.0
62.T0.13-61-j26-5.26.H,61,17,33,18,18.0,Gelenk,0.06
62.T0.13-62-j26-1.1.H,62,19,29,16,16.0,Gelenk,0.12
62.T0.13-65-j26-1.2.H,65,14,74,41,41.0,Gelenk,0.55
62.T0.13-66-j26-1.8.R,66,6,28,15,15.0,Gelenk,0.23
62.T0.13-67-j26-1.2.H,67,17,60,33,33.0,Gelenk,0.28
62.T0.13-68-j26-2.24.R,68,4,21,12,12.0,Gelenk,0.36
62.T0.13-69-j26-1.3.H,69,18,62,34,49.0,Solo,0.72
62.T0.13-73-j26-4.7.R,73,15,29,16,16.0,Gelenk,0.53
62.T0.13-82-j26-3.6.R,82,23,6,3,4.0,Solo,0.2
62.T0.13-84-j26-1.2.R,84,16,8,4,6.0,Solo,1.0
62.T0.17-708-j26-2.1.H,E8,12,15,8,11.0,Solo,0.25
63.T0.13-30-j26-2.17.R,30,9,33,18,26.0,Solo,0.26
63.T0.13-31-j26-1.17.R,31,5,23,13,13.0,Gelenk,0.08
63.T0.13-32-j26-2.3.R,32,15,3,2,3.0,Solo,0.29
63.T0.13-34-j26-1.1.H,34,19,67,37,37.0,Gelenk,0.78
63.T0.13-35-j26-1.3.H,35,14,49,27,27.0,Gelenk,0.5
63.T0.13-36-j26-7.9.H,36,15,69,38,38.0,Gelenk,0.57
63.T0.13-37-j26-1.3.R,37,11,211,116,116.0,Gelenk,0.35
63.T0.13-38-j26-1.2.H,38,16,12,7,10.0,Solo,0.11
63.T0.13-43-j26-2.5.H,43,16,41,23,33.0,Solo,0.5
63.T0.13-44-j26-2.1.H,44,17,36,20,29.0,Solo,0.52
63.T0.13-45-j26-2.10.R,45,7,95,52,52.0,Gelenk,0.42
63.T0.13-46-j26-1.2.R,46,7,80,44,44.0,Gelenk,0.3
63.T0.13-47-j26-1.1.R,47,9,66,36,36.0,Gelenk,0.25
63.T0.13-51-j26-1.4.H,51,16,15,8,11.0,Solo,0.09
63.T0.13-52-j26-1.1.R,52,6,13,7,10.0,Solo,0.05
63.T0.13-53-j26-1.1.H,53,22,15,8,11.0,Solo,0.13
63.T0.13-54-j26-1.3.R,54,15,32,18,26.0,Solo,0.21
63.T0.13-55-j26-1.1.H,55,22,4,2,3.0,Solo,0.38
63.T0.13-56-j26-1.10.H,56,23,4,2,3.0,Solo,0.16
63.T0.13-57-j26-1.5.H,57,20,13,7,10.0,Solo,0.19
63.T0.13-58-j26-1.8.R,58,7,60,33,33.0,Gelenk,0.15
63.T0.13-61-j26-5.25.H,61,17,30,16,16.0,Gelenk,0.08
63.T0.13-62-j26-1.1.H,62,19,43,24,24.0,Gelenk,0.12
63.T0.13-65-j26-1.2.H,65,14,58,32,32.0,Gelenk,0.55
63.T0.13-66-j26-1.8.R,66,6,27,15,15.0,Gelenk,0.23
63.T0.13-67-j26-1.2.H,67,17,57,31,31.0,Gelenk,0.28
63.T0.13-68-j26-2.25.R,68,4,22,12,12.0,Gelenk,0.5
63.T0.13-69-j26-1.3.H,69,19,26,14,20.0,Solo,0.72
63.T0.13-73-j26-4.7.R,73,16,43,24,24.0,Gelenk,0.53
63.T0.13-84-j26-1.2.R,84,17,6,3,4.0,Solo,1.0
63.T0.17-708-j26-2.1.H,E8,12,20,11,16.0,Solo,0.25
64.T0.13-30-j26-2.18.R,30,9,3,2,3.0,Solo,0.0
64.T0.13-31-j26-1.22.R,31,6,18,10,10.0,Gelenk,0.1
64.T0.13-32-j26-2.3.R,32,15,4,2,3.0,Solo,0.29
64.T0.13-34-j26-1.1.H,34,19,48,26,26.0,Gelenk,0.78
64.T0.13-35-j26-1.3.H,35,15,40,22,22.0,Gelenk,0.5
64.T0.13-36-j26-7.9.H,36,15,111,61,61.0,Gelenk,0.57
64.T0.13-37-j26-1.3.R,37,12,142,78,78.0,Gelenk,0.35
64.T0.13-38-j26-1.1.H,38,17,39,21,30.0,Solo,0.19
64.T0.13-40-j26-1.8.R,40,4,18,10,10.0,Gelenk,0.5
64.T0.13-43-j26-2.5.H,43,16,34,19,27.0,Solo,0.5
64.T0.13-44-j26-2.2.H,44,17,22,12,17.0,Solo,0.58
64.T0.13-45-j26-2.10.R,45,7,147,81,81.0,Gelenk,0.42
64.T0.13-46-j26-1.6.R,46,7,36,20,20.0,Gelenk,0.47
64.T0.13-47-j26-1.1.R,47,10,71,39,39.0,Gelenk,0.25
64.T0.13-51-j26-1.4.H,51,16,21,12,17.0,Solo,0.09
64.T0.13-52-j26-1.1.R,52,6,16,9,13.0,Solo,0.05
64.T0.13-53-j26-1.2.H,53,23,7,4,6.0,Solo,0.09
64.T0.13-54-j26-1.3.R,54,16,39,21,30.0,Solo,0.21
64.T0.13-55-j26-1.1.H,55,22,5,3,4.0,Solo,0.38
64.T0.13-56-j26-1.14.H,56,23,0,0,0.0,Solo,0.2
64.T0.13-57-j26-1.5.H,57,20,14,8,11.0,Solo,0.19
64.T0.13-58-j26-1.8.R,58,7,30,16,16.0,Gelenk,0.15
64.T0.13-61-j26-5.26.H,61,17,28,15,15.0,Gelenk,0.06
64.T0.13-62-j26-1.1.H,62,19,44,24,24.0,Gelenk,0.12
64.T0.13-65-j26-1.2.H,65,15,87,48,48.0,Gelenk,0.55
64.T0.13-66-j26-1.8.R,66,7,41,23,23.0,Gelenk,0.23
64.T0.13-67-j26-1.2.H,67,17,60,33,33.0,Gelenk,0.28
64.T0.13-68-j26-2.24.R,68,5,28,15,15.0,Gelenk,0.36
64.T0.13-69-j26-1.3.H,69,19,35,19,27.0,Solo,0.72
64.T0.13-73-j26-4.7.R,73,16,41,23,23.0,Gelenk,0.53
64.T0.13-84-j26-1.2.R,84,17,9,5,7.0,Solo,1.0
64.T0.17-708-j26-2.1.H,E8,12,21,12,17.0,Solo,0.25
65.T0.13-30-j26-2.17.R,30,9,28,15,21.0,Solo,0.26
65.T0.13-31-j26-1.17.R,31,6,38,21,21.0,Gelenk,0.08
65.T0.13-32-j26-2.3.R,32,15,2,1,1.0,Solo,0.29
65.T0.13-34-j26-1.1.H,34,19,55,30,30.0,Gelenk,0.78
65.T0.13-35-j26-1.3.H,35,15,49,27,27.0,Gelenk,0.5
65.T0.13-36-j26-7.9.H,36,16,97,53,53.0,Gelenk,0.57
65.T0.13-37-j26-1.3.R,37,12,78,43,43.0,Gelenk,0.35
65.T0.13-38-j26-1.2.H,38,17,14,8,11.0,Solo,0.11
65.T0.13-40-j26-1.9.R,40,5,17,9,9.0,Gelenk,0.53
65.T0.13-43-j26-2.5.H,43,16,42,23,33.0,Solo,0.5
65.T0.13-44-j26-2.1.H,44,17,30,16,23.0,Solo,0.52
65.T0.13-45-j26-2.10.R,45,7,123,68,68.0,Gelenk,0.42
65.T0.13-46-j26-1.2.R,46,7,131,72,72.0,Gelenk,0.3
65.T0.13-47-j26-1.1.R,47,10,44,24,24.0,Gelenk,0.25
65.T0.13-51-j26-1.4.H,51,16,23,13,19.0,Solo,0.09
65.T0.13-53-j26-1.1.H,53,23,4,2,3.0,Solo,0.13
65.T0.13-54-j26-1.3.R,54,17,29,16,23.0,Solo,0.21
65.T0.13-55-j26-1.1.H,55,22,6,3,4.0,Solo,0.38
65.T0.13-56-j26-1.15.R,56,4,5,3,4.0,Solo,0.25
65.T0.13-57-j26-1.5.H,57,21,27,15,21.0,Solo,0.19
65.T0.13-58-j26-1.9.R,58,7,24,13,13.0,Gelenk,0.0
65.T0.13-61-j26-5.25.H,61,17,29,16,16.0,Gelenk,0.08
65.T0.13-62-j26-1.1.H,62,20,63,35,35.0,Gelenk,0.12
65.T0.13-65-j26-1.2.H,65,15,51,28,28.0,Gelenk,0.55
65.T0.13-66-j26-1.8.R,66,7,30,16,16.0,Gelenk,0.23
65.T0.13-67-j26-1.2.H,67,18,63,35,35.0,Gelenk,0.28
65.T0.13-68-j26-2.24.R,68,5,35,19,19.0,Gelenk,0.36
65.T0.13-69-j26-1.3.H,69,19,36,20,29.0,Solo,0.72
65.T0.13-73-j26-4.7.R,73,16,63,35,35.0,Gelenk,0.53
65.T0.13-84-j26-1.2.R,84,17,5,3,4.0,Solo,1.0
65.T0.17-708-j26-2.1.H,E8,12,28,15,21.0,Solo,0.25
66.T0.13-30-j26-2.18.R,30,10,2,1,1.0,Solo,0.0
66.T0.13-31-j26-1.17.R,31,6,54,30,30.0,Gelenk,0.08
66.T0.13-32-j26-2.3.R,32,16,3,2,3.0,Solo,0.29
66.T0.13-34-j26-1.1.H,34,20,56,31,31.0,Gelenk,0.78
66.T0.13-35-j26-1.3.H,35,15,57,31,31.0,Gelenk,0.5
66.T0.13-36-j26-7.9.H,36,16,84,46,46.0,Gelenk,0.57
66.T0.13-37-j26-1.3.R,37,12,129,71,71.0,Gelenk,0.35
66.T0.13-38-j26-1.1.H,38,17,39,21,30.0,Solo,0.19
66.T0.13-40-j26-1.8.R,40,5,10,6,6.0,Gelenk,0.5
66.T0.13-43-j26-2.5.H,43,16,36,20,29.0,Solo,0.5
66.T0.13-44-j26-2.2.H,44,17,19,10,14.0,Solo,0.58
66.T0.13-45-j26-2.10.R,45,7,141,78,78.0,Gelenk,0.42
66.T0.13-46-j26-1.2.R,46,8,118,65,65.0,Gelenk,0.3
66.T0.13-47-j26-1.1.R,47,11,57,31,31.0,Gelenk,0.25
66.T0.13-51-j26-1.4.H,51,16,24,13,19.0,Solo,0.09
66.T0.13-52-j26-1.6.R,52,6,15,8,11.0,Solo,0.05
66.T0.13-53-j26-1.1.H,53,24,7,4,6.0,Solo,0.13
66.T0.13-54-j26-1.3.R,54,17,29,16,23.0,Solo,0.21
66.T0.13-55-j26-1.1.H,55,23,3,2,3.0,Solo,0.38
66.T0.13-56-j26-1.16.R,56,5,8,4,6.0,Solo,0.16
66.T0.13-57-j26-1.5.H,57,22,13,7,10.0,Solo,0.19
66.T0.13-58-j26-1.8.R,58,7,67,37,37.0,Gelenk,0.15
66.T0.13-61-j26-5.26.H,61,17,29,16,16.0,Gelenk,0.06
66.T0.13-62-j26-1.1.H,62,20,27,15,15.0,Gelenk,0.12
66.T0.13-65-j26-1.2.H,65,15,78,43,43.0,Gelenk,0.55
66.T0.13-66-j26-1.8.R,66,7,40,22,22.0,Gelenk,0.23
66.T0.13-67-j26-1.2.H,67,18,118,65,65.0,Gelenk,0.28
66.T0.13-68-j26-2.24.R,68,5,33,18,18.0,Gelenk,0.36
66.T0.13-69-j26-1.3.H,69,20,27,15,21.0,Solo,0.72
66.T0.13-73-j26-4.7.R,73,17,33,18,18.0,Gelenk,0.53
66.T0.13-84-j26-1.2.R,84,18,25,14,20.0,Solo,1.0
66.T0.17-708-j26-2.1.H,E8,12,14,8,11.0,Solo,0.25
67.T0.13-30-j26-2.17.R,30,10,20,11,16.0,Solo,0.26
67.T0.13-31-j26-1.17.R,31,6,62,34,34.0,Gelenk,0.08
67.T0.13-32-j26-2.3.R,32,16,4,2,3.0,Solo,0.29
67.T0.13-34-j26-1.1.H,34,20,28,15,15.0,Gelenk,0.78
67.T0.13-35-j26-1.3.H,35,15,32,18,18.0,Gelenk,0.5
67.T0.13-36-j26-7.9.H,36,16,128,70,70.0,Gelenk,0.57
67.T0.13-37-j26-1.3.R,37,13,97,53,53.0,Gelenk,0.35
67.T0.13-38-j26-1.2.H,38,17,10,6,9.0,Solo,0.11
67.T0.13-43-j26-2.5.H,43,17,38,21,30.0,Solo,0.5
67.T0.13-44-j26-2.1.H,44,17,21,12,17.0,Solo,0.52
67.T0.13-45-j26-2.10.R,45,8,171,94,94.0,Gelenk,0.42
67.T0.13-46-j26-1.2.R,46,8,80,44,44.0,Gelenk,0.3
67.T0.13-47-j26-1.1.R,47,12,77,42,42.0,Gelenk,0.25
67.T0.13-51-j26-1.4.H,51,17,24,13,19.0,Solo,0.09
67.T0.13-52-j26-1.1.R,52,7,46,25,36.0,Solo,0.05
67.T0.13-53-j26-1.11.R,53,4,10,6,9.0,Solo,0.09
67.T0.13-54-j26-1.3.R,54,18,32,18,26.0,Solo,0.21
67.T0.13-55-j26-1.1.H,55,23,5,3,4.0,Solo,0.38
67.T0.13-56-j26-1.16.R,56,5,7,4,6.0,Solo,0.16
67.T0.13-57-j26-1.5.H,57,22,14,8,11.0,Solo,0.19
67.T0.13-58-j26-1.8.R,58,8,49,27,27.0,Gelenk,0.15
67.T0.13-61-j26-5.26.H,61,18,55,30,30.0,Gelenk,0.06
67.T0.13-62-j26-1.1.H,62,21,23,13,13.0,Gelenk,0.12
67.T0.13-65-j26-1.2.H,65,15,57,31,31.0,Gelenk,0.55
67.T0.13-66-j26-1.7.R,66,8,42,23,23.0,Gelenk,0.26
67.T0.13-67-j26-1.2.H,67,18,109,60,60.0,Gelenk,0.28
67.T0.13-68-j26-2.24.R,68,6,57,31,31.0,Gelenk,0.36
67.T0.13-69-j26-1.3.H,69,20,35,19,27.0,Solo,0.72
67.T0.13-73-j26-4.7.R,73,17,33,18,18.0,Gelenk,0.53
67.T0.17-708-j26-2.1.H,E8,13,8,4,6.0,Solo,0.25
68.T0.13-30-j26-2.17.R,30,11,28,15,21.0,Solo,0.26
68.T0.13-31-j26-1.25.R,31,6,6,3,3.0,Gelenk,0.0
68.T0.13-32-j26-2.3.R,32,16,2,1,1.0,Solo,0.29
68.T0.13-34-j26-1.1.H,34,20,40,22,22.0,Gelenk,0.78
68.T0.13-35-j26-1.3.H,35,15,53,29,29.0,Gelenk,0.5
68.T0.13-36-j26-7.9.H,36,16,97,53,53.0,Gelenk,0.57
68.T0.13-37-j26-1.3.R,37,13,114,63,63.0,Gelenk,0.35
68.T0.13-38-j26-1.1.H,38,17,29,16,23.0,Solo,0.19
68.T0.13-40-j26-1.10.R,40,5,10,6,6.0,Gelenk,0.45
68.T0.13-43-j26-2.5.H,43,17,67,37,53.0,Solo,0.5
68.T0.13-44-j26-2.2.H,44,18,17,9,13.0,Solo,0.58
68.T0.13-45-j26-2.10.R,45,8,140,77,77.0,Gelenk,0.42
68.T0.13-46-j26-1.2.R,46,8,74,41,41.0,Gelenk,0.3
68.T0.13-47-j26-1.1.R,47,12,56,31,31.0,Gelenk,0.25
68.T0.13-51-j26-1.4.H,51,17,20,11,16.0,Solo,0.09
68.T0.13-52-j26-1.1.R,52,7,37,20,29.0,Solo,0.05
68.T0.13-53-j26-1.12.R,53,5,7,4,6.0,Solo,0.12
68.T0.13-54-j26-1.3.R,54,19,15,8,11.0,Solo,0.21
68.T0.13-55-j26-1.1.H,55,23,3,2,3.0,Solo,0.38
68.T0.13-56-j26-1.16.R,56,5,7,4,6.0,Solo,0.16
68.T0.13-57-j26-1.5.H,57,23,6,3,4.0,Solo,0.19
68.T0.13-58-j26-1.8.R,58,8,58,32,32.0,Gelenk,0.15
68.T0.13-61-j26-5.31.H,61,18,60,33,33.0,Gelenk,0.07
68.T0.13-62-j26-1.1.H,62,22,34,19,19.0,Gelenk,0.12
68.T0.13-65-j26-1.2.H,65,15,68,37,37.0,Gelenk,0.55
68.T0.13-66-j26-1.8.R,66,8,52,29,29.0,Gelenk,0.23
68.T0.13-67-j26-1.2.H,67,19,49,27,27.0,Gelenk,0.28
68.T0.13-68-j26-2.24.R,68,6,46,25,25.0,Gelenk,0.36
68.T0.13-69-j26-1.3.H,69,21,38,21,30.0,Solo,0.72
68.T0.13-73-j26-4.7.R,73,17,28,15,15.0,Gelenk,0.53
68.T0.17-708-j26-2.1.H,E8,13,10,6,9.0,Solo,0.25
69.T0.13-30-j26-2.17.R,30,11,27,15,21.0,Solo,0.26
69.T0.13-31-j26-1.17.R,31,7,69,38,38.0,Gelenk,0.08
69.T0.13-32-j26-2.3.R,32,17,3,2,3.0,Solo,0.29
69.T0.13-34-j26-1.1.H,34,21,25,14,14.0,Gelenk,0.78
69.T0.13-35-j26-1.3.H,35,15,38,21,21.0,Gelenk,0.5
69.T0.13-36-j26-7.9.H,36,16,70,38,38.0,Gelenk,0.57
69.T0.13-37-j26-1.3.R,37,13,82,45,45.0,Gelenk,0.35
69.T0.13-38-j26-1.2.H,38,17,13,7,10.0,Solo,0.11
69.T0.13-40-j26-1.11.R,40,5,18,10,10.0,Gelenk,0.5
69.T0.13-43-j26-2.5.H,43,17,39,21,30.0,Solo,0.5
69.T0.13-44-j26-2.1.H,44,18,27,15,21.0,Solo,0.52
69.T0.13-45-j26-2.10.R,45,8,116,64,64.0,Gelenk,0.42
69.T0.13-46-j26-1.2.R,46,9,58,32,32.0,Gelenk,0.3
69.T0.13-47-j26-1.1.R,47,12,61,34,34.0,Gelenk,0.25
69.T0.13-52-j26-1.1.R,52,7,38,21,30.0,Solo,0.05
69.T0.13-53-j26-1.11.R,53,5,9,5,7.0,Solo,0.09
69.T0.13-54-j26-1.3.R,54,19,18,10,14.0,Solo,0.21
69.T0.13-55-j26-1.1.H,55,24,3,2,3.0,Solo,0.38
69.T0.13-56-j26-1.16.R,56,6,9,5,7.0,Solo,0.16
69.T0.13-57-j26-1.5.H,57,24,9,5,7.0,Solo,0.19
69.T0.13-58-j26-1.10.R,58,8,34,19,19.0,Gelenk,0.0
69.T0.13-61-j26-5.25.H,61,18,44,24,24.0,Gelenk,0.08
69.T0.13-62-j26-1.1.H,62,22,26,14,14.0,Gelenk,0.12
69.T0.13-65-j26-1.2.H,65,15,58,32,32.0,Gelenk,0.55
69.T0.13-66-j26-1.7.R,66,8,50,28,28.0,Gelenk,0.26
69.T0.13-67-j26-1.2.H,67,19,100,55,55.0,Gelenk,0.28
69.T0.13-68-j26-2.24.R,68,6,80,44,44.0,Gelenk,0.36
69.T0.13-69-j26-1.3.H,69,21,27,15,21.0,Solo,0.72
69.T0.13-73-j26-4.7.R,73,18,45,25,25.0,Gelenk,0.53
69.T0.17-708-j26-2.1.H,E8,13,13,7,10.0,Solo,0.25
7.T0.13-21-j26-1.1.H,21,6,22,12,17.0,Solo,0.38
7.T0.13-30-j26-2.13.H,30,6,18,10,14.0,Solo,0.28
7.T0.13-31-j26-1.7.H,31,6,36,20,20.0,Gelenk,0.08
7.T0.13-32-j26-2.1.H,32,7,3,2,3.0,Solo,0.29
7.T0.13-34-j26-1.1.H,34,6,38,21,21.0,Gelenk,0.78
7.T0.13-35-j26-1.3.H,35,5,35,19,19.0,Gelenk,0.5
7.T0.13-36-j26-7.9.H,36,6,49,27,27.0,Gelenk,0.57
7.T0.13-37-j26-1.1.H,37,6,81,45,45.0,Gelenk,0.39
7.T0.13-38-j26-1.2.H,38,6,7,4,6.0,Solo,0.11
7.T0.13-40-j26-1.4.H,40,6,24,13,13.0,Gelenk,0.53
7.T0.13-43-j26-2.4.H,43,6,15,8,11.0,Solo,0.0
7.T0.13-44-j26-2.2.H,44,6,16,9,13.0,Solo,0.58
7.T0.13-45-j26-2.6.H,45,6,67,37,37.0,Gelenk,0.44
7.T0.13-46-j26-1.4.H,46,6,35,19,19.0,Gelenk,0.33
7.T0.13-47-j26-1.5.H,47,6,31,17,17.0,Gelenk,0.25
7.T0.13-49-j26-1.1.H,49,15,3,2,3.0,Solo,0.2
7.T0.13-50-j26-1.2.H,50,8,5,3,4.0,Solo,0.08
7.T0.13-51-j26-1.4.H,51,6,25,14,20.0,Solo,0.09
7.T0.13-52-j26-1.5.H,52,7,24,13,19.0,Solo,0.1
7.T0.13-55-j26-1.1.H,55,6,6,3,4.0,Solo,0.38
7.T0.13-56-j26-1.10.H,56,6,14,8,11.0,Solo,0.16
7.T0.13-57-j26-1.5.H,57,6,10,6,9.0,Solo,0.19
7.T0.13-58-j26-1.5.H,58,6,39,21,21.0,Gelenk,0.14
7.T0.13-59-j26-1.2.H,59,7,31,17,24.0,Solo,0.24
7.T0.13-60-j26-1.1.H,60,15,36,20,20.0,Gelenk,0.26
7.T0.13-61-j26-5.25.H,61,6,16,9,9.0,Gelenk,0.08
7.T0.13-62-j26-1.1.H,62,6,24,13,13.0,Gelenk,0.12
7.T0.13-65-j26-1.2.H,65,5,18,10,10.0,Gelenk,0.55
7.T0.13-66-j26-1.2.H,66,7,44,24,24.0,Gelenk,0.21
7.T0.13-67-j26-1.2.H,67,5,19,10,10.0,Gelenk,0.28
7.T0.13-68-j26-2.17.H,68,6,49,27,27.0,Gelenk,0.31
7.T0.13-69-j26-1.3.H,69,6,21,12,17.0,Solo,0.72
7.T0.13-73-j26-4.5.H,73,7,25,14,14.0,Gelenk,0.53
7.T0.13-82-j26-3.5.H,82,7,16,9,13.0,Solo,0.27
7.T0.13-84-j26-1.1.H,84,9,6,3,4.0,Solo,1.0
7.T0.13-89-j26-1.4.R,89,15,242,133,133.0,Gelenk,0.06
7.T0.13-97-j26-1.5.R,97,16,48,26,26.0,Gelenk,0.25
7.T0.17-708-j26-2.1.H,E8,5,6,3,4.0,Solo,0.25
70.T0.13-30-j26-2.17.R,30,12,33,18,26.0,Solo,0.26
70.T0.13-31-j26-1.17.R,31,7,114,63,63.0,Gelenk,0.08
70.T0.13-32-j26-2.3.R,32,17,4,2,3.0,Solo,0.29
70.T0.13-34-j26-1.1.H,34,21,33,18,18.0,Gelenk,0.78
70.T0.13-35-j26-1.3.H,35,16,64,35,35.0,Gelenk,0.5
70.T0.13-36-j26-7.9.H,36,16,76,42,42.0,Gelenk,0.57
70.T0.13-37-j26-1.3.R,37,14,72,40,40.0,Gelenk,0.35
70.T0.13-38-j26-1.3.H,38,18,47,26,37.0,Solo,0.19
70.T0.13-40-j26-1.8.R,40,6,26,14,14.0,Gelenk,0.5
70.T0.13-43-j26-2.5.H,43,17,54,30,43.0,Solo,0.5
70.T0.13-44-j26-2.2.H,44,18,18,10,14.0,Solo,0.58
70.T0.13-45-j26-2.10.R,45,9,65,36,36.0,Gelenk,0.42
70.T0.13-46-j26-1.2.R,46,9,70,38,38.0,Gelenk,0.3
70.T0.13-47-j26-1.1.R,47,13,41,23,23.0,Gelenk,0.25
70.T0.13-51-j26-1.4.H,51,17,15,8,11.0,Solo,0.09
70.T0.13-52-j26-1.1.R,52,8,36,20,29.0,Solo,0.05
70.T0.13-53-j26-1.11.R,53,5,6,3,4.0,Solo,0.09
70.T0.13-54-j26-1.3.R,54,20,12,7,10.0,Solo,0.21
70.T0.13-55-j26-1.1.H,55,24,6,3,4.0,Solo,0.38
70.T0.13-56-j26-1.16.R,56,6,18,10,14.0,Solo,0.16
70.T0.13-57-j26-1.1.R,57,4,5,3,4.0,Solo,0.2
70.T0.13-58-j26-1.10.R,58,9,18,10,10.0,Gelenk,0.0
70.T0.13-61-j26-5.31.H,61,18,32,18,18.0,Gelenk,0.07
70.T0.13-62-j26-1.1.H,62,23,23,13,13.0,Gelenk,0.12
70.T0.13-65-j26-1.2.H,65,16,58,32,32.0,Gelenk,0.55
70.T0.13-66-j26-1.8.R,66,9,34,19,19.0,Gelenk,0.23
70.T0.13-67-j26-1.2.H,67,19,117,64,64.0,Gelenk,0.28
70.T0.13-68-j26-2.24.R,68,7,89,49,49.0,Gelenk,0.36
70.T0.13-69-j26-1.3.H,69,22,30,16,23.0,Solo,0.72
70.T0.13-73-j26-4.7.R,73,18,22,12,12.0,Gelenk,0.53
70.T0.17-708-j26-2.1.H,E8,13,12,7,10.0,Solo,0.25
71.T0.13-30-j26-2.17.R,30,13,11,6,9.0,Solo,0.26
71.T0.13-31-j26-1.17.R,31,7,69,38,38.0,Gelenk,0.08
71.T0.13-32-j26-2.3.R,32,17,5,3,4.0,Solo,0.29
71.T0.13-34-j26-1.1.H,34,21,25,14,14.0,Gelenk,0.78
71.T0.13-35-j26-1.3.H,35,16,49,27,27.0,Gelenk,0.5
71.T0.13-36-j26-7.9.H,36,17,71,39,39.0,Gelenk,0.57
71.T0.13-37-j26-1.3.R,37,14,96,53,53.0,Gelenk,0.35
71.T0.13-38-j26-1.1.H,38,18,45,25,36.0,Solo,0.19
71.T0.13-40-j26-1.10.R,40,6,40,22,22.0,Gelenk,0.45
71.T0.13-43-j26-2.5.H,43,17,21,12,17.0,Solo,0.5
71.T0.13-44-j26-2.1.H,44,18,19,10,14.0,Solo,0.52
71.T0.13-45-j26-2.10.R,45,9,85,47,47.0,Gelenk,0.42
71.T0.13-46-j26-1.2.R,46,9,61,34,34.0,Gelenk,0.3
71.T0.13-47-j26-1.1.R,47,13,47,26,26.0,Gelenk,0.25
71.T0.13-51-j26-1.4.H,51,17,25,14,20.0,Solo,0.09
71.T0.13-52-j26-1.1.R,52,8,30,16,23.0,Solo,0.05
71.T0.13-53-j26-1.11.R,53,6,12,7,10.0,Solo,0.09
71.T0.13-54-j26-1.3.R,54,21,16,9,13.0,Solo,0.21
71.T0.13-55-j26-1.2.R,55,5,11,6,9.0,Solo,0.38
71.T0.13-56-j26-1.16.R,56,6,9,5,7.0,Solo,0.16
71.T0.13-57-j26-1.1.R,57,4,7,4,6.0,Solo,0.2
71.T0.13-58-j26-1.10.R,58,9,20,11,11.0,Gelenk,0.0
71.T0.13-61-j26-5.25.H,61,19,45,25,25.0,Gelenk,0.08
71.T0.13-62-j26-1.1.H,62,24,21,12,12.0,Gelenk,0.12
71.T0.13-65-j26-1.2.H,65,16,83,46,46.0,Gelenk,0.55
71.T0.13-66-j26-1.7.R,66,9,41,23,23.0,Gelenk,0.26
71.T0.13-67-j26-1.2.H,67,20,86,47,47.0,Gelenk,0.28
71.T0.13-69-j26-1.3.H,69,23,13,7,10.0,Solo,0.72
71.T0.13-73-j26-4.7.R,73,19,31,17,17.0,Gelenk,0.53
71.T0.17-708-j26-2.1.H,E8,13,11,6,9.0,Solo,0.25
72.T0.13-30-j26-2.17.R,30,13,21,12,17.0,Solo,0.26
72.T0.13-31-j26-1.17.R,31,8,139,76,76.0,Gelenk,0.08
72.T0.13-32-j26-2.3.R,32,18,6,3,4.0,Solo,0.29
72.T0.13-34-j26-1.1.H,34,22,15,8,8.0,Gelenk,0.78
72.T0.13-35-j26-1.3.H,35,16,42,23,23.0,Gelenk,0.5
72.T0.13-36-j26-7.9.H,36,17,146,80,80.0,Gelenk,0.57
72.T0.13-37-j26-1.3.R,37,14,97,53,53.0,Gelenk,0.35
72.T0.13-38-j26-1.3.H,38,18,35,19,27.0,Solo,0.19
72.T0.13-40-j26-1.12.R,40,6,35,19,19.0,Gelenk,0.5
72.T0.13-43-j26-2.5.H,43,17,44,24,34.0,Solo,0.5
72.T0.13-44-j26-2.2.H,44,18,26,14,20.0,Solo,0.58
72.T0.13-45-j26-2.10.R,45,9,79,43,43.0,Gelenk,0.42
72.T0.13-46-j26-1.2.R,46,10,49,27,27.0,Gelenk,0.3
72.T0.13-47-j26-1.1.R,47,13,40,22,22.0,Gelenk,0.25
72.T0.13-51-j26-1.4.H,51,17,17,9,13.0,Solo,0.09
72.T0.13-52-j26-1.1.R,52,8,32,18,26.0,Solo,0.05
72.T0.13-54-j26-1.3.R,54,22,14,8,11.0,Solo,0.21
72.T0.13-55-j26-1.2.R,55,5,13,7,10.0,Solo,0.38
72.T0.13-56-j26-1.16.R,56,6,11,6,9.0,Solo,0.16
72.T0.13-57-j26-1.1.R,57,5,5,3,4.0,Solo,0.2
72.T0.13-58-j26-1.10.R,58,9,19,10,10.0,Gelenk,0.0
72.T0.13-61-j26-5.31.H,61,19,45,25,25.0,Gelenk,0.07
72.T0.13-62-j26-1.13.R,62,4,8,4,4.0,Gelenk,0.17
72.T0.13-65-j26-1.2.H,65,16,53,29,29.0,Gelenk,0.55
72.T0.13-66-j26-1.8.R,66,9,44,24,24.0,Gelenk,0.23
72.T0.13-67-j26-1.2.H,67,20,72,40,40.0,Gelenk,0.28
72.T0.13-68-j26-2.24.R,68,7,70,38,38.0,Gelenk,0.36
72.T0.13-69-j26-1.3.H,69,23,13,7,10.0,Solo,0.72
72.T0.13-73-j26-4.7.R,73,19,35,19,19.0,Gelenk,0.53
72.T0.17-708-j26-2.1.H,E8,13,8,4,6.0,Solo,0.25
73.T0.13-30-j26-2.17.R,30,13,13,7,10.0,Solo,0.26
73.T0.13-31-j26-1.17.R,31,8,132,73,73.0,Gelenk,0.08
73.T0.13-32-j26-2.3.R,32,20,2,1,1.0,Solo,0.29
73.T0.13-34-j26-1.1.H,34,22,21,12,12.0,Gelenk,0.78
73.T0.13-35-j26-1.3.H,35,16,39,21,21.0,Gelenk,0.5
73.T0.13-36-j26-7.9.H,36,17,102,56,56.0,Gelenk,0.57
73.T0.13-37-j26-1.3.R,37,15,76,42,42.0,Gelenk,0.35
73.T0.13-38-j26-1.1.H,38,19,51,28,40.0,Solo,0.19
73.T0.13-43-j26-2.5.H,43,18,20,11,16.0,Solo,0.5
73.T0.13-44-j26-2.1.H,44,18,18,10,14.0,Solo,0.52
73.T0.13-45-j26-2.10.R,45,10,82,45,45.0,Gelenk,0.42
73.T0.13-46-j26-1.2.R,46,10,81,45,45.0,Gelenk,0.3
73.T0.13-47-j26-1.1.R,47,14,53,29,29.0,Gelenk,0.25
73.T0.13-51-j26-1.4.H,51,17,27,15,21.0,Solo,0.09
73.T0.13-52-j26-1.1.R,52,9,23,13,19.0,Solo,0.05
73.T0.13-53-j26-1.11.R,53,6,11,6,9.0,Solo,0.09
73.T0.13-54-j26-1.3.R,54,24,6,3,4.0,Solo,0.21
73.T0.13-55-j26-1.2.R,55,5,6,3,4.0,Solo,0.38
73.T0.13-56-j26-1.16.R,56,7,19,10,14.0,Solo,0.16
73.T0.13-57-j26-1.7.R,57,5,9,5,7.0,Solo,0.25
73.T0.13-58-j26-1.10.R,58,10,13,7,7.0,Gelenk,0.0
73.T0.13-61-j26-5.25.H,61,19,33,18,18.0,Gelenk,0.08
73.T0.13-62-j26-1.2.R,62,4,5,3,3.0,Gelenk,0.15
73.T0.13-65-j26-1.2.H,65,16,70,38,38.0,Gelenk,0.55
73.T0.13-66-j26-1.7.R,66,10,24,13,13.0,Gelenk,0.26
73.T0.13-67-j26-1.2.H,67,21,115,63,63.0,Gelenk,0.28
73.T0.13-68-j26-2.24.R,68,7,106,58,58.0,Gelenk,0.36
73.T0.13-69-j26-1.3.H,69,24,15,8,11.0,Solo,0.72
73.T0.13-73-j26-4.7.R,73,20,17,9,9.0,Gelenk,0.53
73.T0.17-708-j26-2.1.H,E8,13,12,7,10.0,Solo,0.25
74.T0.13-30-j26-2.17.R,30,14,13,7,10.0,Solo,0.26
74.T0.13-31-j26-1.5.R,31,9,44,24,24.0,Gelenk,0.12
74.T0.13-32-j26-2.3.R,32,20,3,2,3.0,Solo,0.29
74.T0.13-34-j26-1.1.H,34,22,16,9,9.0,Gelenk,0.78
74.T0.13-35-j26-1.3.H,35,16,39,21,21.0,Gelenk,0.5
74.T0.13-36-j26-7.9.H,36,17,60,33,33.0,Gelenk,0.57
74.T0.13-37-j26-1.3.R,37,15,57,31,31.0,Gelenk,0.35
74.T0.13-38-j26-1.3.H,38,19,26,14,20.0,Solo,0.19
74.T0.13-40-j26-1.8.R,40,6,27,15,15.0,Gelenk,0.5
74.T0.13-43-j26-2.5.H,43,18,21,12,17.0,Solo,0.5
74.T0.13-44-j26-2.2.H,44,19,19,10,14.0,Solo,0.58
74.T0.13-45-j26-2.10.R,45,10,115,63,63.0,Gelenk,0.42
74.T0.13-46-j26-1.2.R,46,10,45,25,25.0,Gelenk,0.3
74.T0.13-47-j26-1.1.R,47,14,53,29,29.0,Gelenk,0.25
74.T0.13-51-j26-1.4.H,51,18,26,14,20.0,Solo,0.09
74.T0.13-52-j26-1.1.R,52,9,28,15,21.0,Solo,0.05
74.T0.13-53-j26-1.11.R,53,6,9,5,7.0,Solo,0.09
74.T0.13-55-j26-1.2.R,55,6,9,5,7.0,Solo,0.38
74.T0.13-56-j26-1.16.R,56,7,17,9,13.0,Solo,0.16
74.T0.13-57-j26-1.7.R,57,5,16,9,13.0,Solo,0.25
74.T0.13-58-j26-1.10.R,58,10,12,7,7.0,Gelenk,0.0
74.T0.13-61-j26-5.31.H,61,20,21,12,12.0,Gelenk,0.07
74.T0.13-62-j26-1.2.R,62,5,13,7,7.0,Gelenk,0.15
74.T0.13-65-j26-1.2.H,65,16,45,25,25.0,Gelenk,0.55
74.T0.13-66-j26-1.8.R,66,10,48,26,26.0,Gelenk,0.23
74.T0.13-67-j26-1.2.H,67,22,103,57,57.0,Gelenk,0.28
74.T0.13-69-j26-1.4.R,69,4,12,7,10.0,Solo,0.69
74.T0.13-73-j26-4.7.R,73,20,14,8,8.0,Gelenk,0.53
74.T0.17-708-j26-2.1.H,E8,13,7,4,6.0,Solo,0.25
75.T0.13-30-j26-2.17.R,30,14,16,9,13.0,Solo,0.26
75.T0.13-31-j26-1.5.R,31,10,24,13,13.0,Gelenk,0.12
75.T0.13-32-j26-2.3.R,32,21,2,1,1.0,Solo,0.29
75.T0.13-34-j26-1.1.H,34,23,14,8,8.0,Gelenk,0.78
75.T0.13-35-j26-1.3.H,35,16,59,32,32.0,Gelenk,0.5
75.T0.13-36-j26-7.9.H,36,17,92,51,51.0,Gelenk,0.57
75.T0.13-37-j26-1.7.R,37,15,50,28,28.0,Gelenk,0.22
75.T0.13-38-j26-1.1.H,38,19,25,14,20.0,Solo,0.19
75.T0.13-40-j26-1.11.R,40,6,44,24,24.0,Gelenk,0.5
75.T0.13-43-j26-2.5.H,43,18,31,17,24.0,Solo,0.5
75.T0.13-44-j26-2.1.H,44,19,33,18,26.0,Solo,0.52
75.T0.13-45-j26-2.10.R,45,10,90,50,50.0,Gelenk,0.42
75.T0.13-46-j26-1.2.R,46,11,44,24,24.0,Gelenk,0.3
75.T0.13-47-j26-1.1.R,47,14,34,19,19.0,Gelenk,0.25
75.T0.13-51-j26-1.4.H,51,18,18,10,14.0,Solo,0.09
75.T0.13-52-j26-1.1.R,52,9,18,10,14.0,Solo,0.05
75.T0.13-53-j26-1.4.R,53,6,4,2,3.0,Solo,0.0
75.T0.13-55-j26-1.2.R,55,6,11,6,9.0,Solo,0.38
75.T0.13-56-j26-1.16.R,56,7,34,19,27.0,Solo,0.16
75.T0.13-57-j26-1.7.R,57,6,13,7,10.0,Solo,0.25
75.T0.13-58-j26-1.10.R,58,10,18,10,10.0,Gelenk,0.0
75.T0.13-61-j26-5.25.H,61,20,40,22,22.0,Gelenk,0.08
75.T0.13-62-j26-1.2.R,62,5,19,10,10.0,Gelenk,0.15
75.T0.13-65-j26-1.2.H,65,16,66,36,36.0,Gelenk,0.55
75.T0.13-66-j26-1.7.R,66,10,39,21,21.0,Gelenk,0.26
75.T0.13-67-j26-1.2.H,67,22,58,32,32.0,Gelenk,0.28
75.T0.13-68-j26-2.24.R,68,7,91,50,50.0,Gelenk,0.36
75.T0.13-69-j26-1.4.R,69,5,6,3,4.0,Solo,0.69
75.T0.13-73-j26-4.7.R,73,21,30,16,16.0,Gelenk,0.53
75.T0.17-708-j26-2.1.H,E8,13,17,9,13.0,Solo,0.25
76.T0.13-30-j26-2.17.R,30,14,16,9,13.0,Solo,0.26
76.T0.13-31-j26-1.5.R,31,10,36,20,20.0,Gelenk,0.12
76.T0.13-32-j26-2.3.R,32,21,1,1,1.0,Solo,0.29
76.T0.13-34-j26-1.1.H,34,23,13,7,7.0,Gelenk,0.78
76.T0.13-35-j26-1.3.H,35,17,54,30,30.0,Gelenk,0.5
76.T0.13-36-j26-7.9.H,36,17,71,39,39.0,Gelenk,0.57
76.T0.13-37-j26-1.3.R,37,15,185,102,102.0,Gelenk,0.35
76.T0.13-38-j26-1.3.H,38,20,30,16,23.0,Solo,0.19
76.T0.13-40-j26-1.8.R,40,7,30,16,16.0,Gelenk,0.5
76.T0.13-43-j26-2.5.H,43,18,31,17,24.0,Solo,0.5
76.T0.13-44-j26-2.1.H,44,19,16,9,13.0,Solo,0.52
76.T0.13-45-j26-2.10.R,45,11,67,37,37.0,Gelenk,0.42
76.T0.13-46-j26-1.2.R,46,11,80,44,44.0,Gelenk,0.3
76.T0.13-47-j26-1.1.R,47,15,42,23,23.0,Gelenk,0.25
76.T0.13-51-j26-1.4.H,51,18,18,10,14.0,Solo,0.09
76.T0.13-52-j26-1.1.R,52,10,28,15,21.0,Solo,0.05
76.T0.13-53-j26-1.12.R,53,6,16,9,13.0,Solo,0.12
76.T0.13-55-j26-1.2.R,55,6,11,6,9.0,Solo,0.38
76.T0.13-56-j26-1.16.R,56,8,22,12,17.0,Solo,0.16
76.T0.13-57-j26-1.7.R,57,6,11,6,9.0,Solo,0.25
76.T0.13-58-j26-1.10.R,58,11,16,9,9.0,Gelenk,0.0
76.T0.13-61-j26-5.25.H,61,21,16,9,9.0,Gelenk,0.08
76.T0.13-62-j26-1.2.R,62,5,13,7,7.0,Gelenk,0.15
76.T0.13-65-j26-1.2.H,65,17,56,31,31.0,Gelenk,0.55
76.T0.13-66-j26-1.8.R,66,11,29,16,16.0,Gelenk,0.23
76.T0.13-67-j26-1.2.H,67,23,28,15,15.0,Gelenk,0.28
76.T0.13-68-j26-2.26.R,68,8,23,13,13.0,Gelenk,0.2
76.T0.13-69-j26-1.4.R,69,5,7,4,6.0,Solo,0.69
76.T0.13-73-j26-4.7.R,73,22,16,9,9.0,Gelenk,0.53
76.T0.17-708-j26-2.1.H,E8,13,10,6,9.0,Solo,0.25
77.T0.13-30-j26-2.17.R,30,15,20,11,16.0,Solo,0.26
77.T0.13-31-j26-1.5.R,31,11,48,26,26.0,Gelenk,0.12
77.T0.13-32-j26-2.3.R,32,22,2,1,1.0,Solo,0.29
77.T0.13-34-j26-1.1.H,34,23,16,9,9.0,Gelenk,0.78
77.T0.13-35-j26-1.3.H,35,17,66,36,36.0,Gelenk,0.5
77.T0.13-36-j26-7.9.H,36,18,70,38,38.0,Gelenk,0.57
77.T0.13-37-j26-1.3.R,37,16,115,63,63.0,Gelenk,0.35
77.T0.13-38-j26-1.1.H,38,20,28,15,21.0,Solo,0.19
77.T0.13-40-j26-1.13.R,40,7,41,23,23.0,Gelenk,0.57
77.T0.13-43-j26-2.5.H,43,18,25,14,20.0,Solo,0.5
77.T0.13-44-j26-2.1.H,44,19,23,13,19.0,Solo,0.52
77.T0.13-45-j26-2.10.R,45,11,61,34,34.0,Gelenk,0.42
77.T0.13-46-j26-1.2.R,46,11,70,38,38.0,Gelenk,0.3
77.T0.13-47-j26-1.1.R,47,15,67,37,37.0,Gelenk,0.25
77.T0.13-51-j26-1.4.H,51,18,18,10,14.0,Solo,0.09
77.T0.13-52-j26-1.1.R,52,10,22,12,17.0,Solo,0.05
77.T0.13-55-j26-1.2.R,55,6,8,4,6.0,Solo,0.38
77.T0.13-56-j26-1.16.R,56,8,23,13,19.0,Solo,0.16
77.T0.13-57-j26-1.7.R,57,6,10,6,9.0,Solo,0.25
77.T0.13-58-j26-1.10.R,58,11,22,12,12.0,Gelenk,0.0
77.T0.13-61-j26-5.25.H,61,21,17,9,9.0,Gelenk,0.08
77.T0.13-62-j26-1.13.R,62,6,26,14,14.0,Gelenk,0.17
77.T0.13-65-j26-1.2.H,65,17,62,34,34.0,Gelenk,0.55
77.T0.13-66-j26-1.7.R,66,11,26,14,14.0,Gelenk,0.26
77.T0.13-67-j26-1.2.H,67,24,26,14,14.0,Gelenk,0.28
77.T0.13-68-j26-2.24.R,68,8,112,62,62.0,Gelenk,0.36
77.T0.13-69-j26-1.4.R,69,5,9,5,7.0,Solo,0.69
77.T0.13-73-j26-4.7.R,73,22,11,6,6.0,Gelenk,0.53
77.T0.17-708-j26-2.1.H,E8,13,21,12,17.0,Solo,0.25
78.T0.13-30-j26-2.17.R,30,15,26,14,20.0,Solo,0.26
78.T0.13-31-j26-1.17.R,31,12,73,40,40.0,Gelenk,0.08
78.T0.13-34-j26-1.5.R,34,5,11,6,6.0,Gelenk,0.75
78.T0.13-35-j26-1.3.H,35,17,61,34,34.0,Gelenk,0.5
78.T0.13-36-j26-7.9.H,36,18,52,29,29.0,Gelenk,0.57
78.T0.13-37-j26-1.3.R,37,16,164,90,90.0,Gelenk,0.35
78.T0.13-38-j26-1.4.H,38,20,11,6,9.0,Solo,0.11
78.T0.13-40-j26-1.8.R,40,7,35,19,19.0,Gelenk,0.5
78.T0.13-43-j26-2.5.H,43,18,37,20,29.0,Solo,0.5
78.T0.13-44-j26-2.1.H,44,20,34,19,27.0,Solo,0.52
78.T0.13-45-j26-2.10.R,45,11,84,46,46.0,Gelenk,0.42
78.T0.13-46-j26-1.2.R,46,12,66,36,36.0,Gelenk,0.3
78.T0.13-47-j26-1.1.R,47,15,72,40,40.0,Gelenk,0.25
78.T0.13-52-j26-1.1.R,52,10,26,14,20.0,Solo,0.05
78.T0.13-53-j26-1.11.R,53,7,30,16,23.0,Solo,0.09
78.T0.13-55-j26-1.2.R,55,6,10,6,9.0,Solo,0.38
78.T0.13-56-j26-1.16.R,56,8,26,14,20.0,Solo,0.16
78.T0.13-57-j26-1.7.R,57,6,13,7,10.0,Solo,0.25
78.T0.13-58-j26-1.10.R,58,11,14,8,8.0,Gelenk,0.0
78.T0.13-61-j26-5.25.H,61,22,16,9,9.0,Gelenk,0.08
78.T0.13-62-j26-1.2.R,62,6,17,9,9.0,Gelenk,0.15
78.T0.13-65-j26-1.2.H,65,17,51,28,28.0,Gelenk,0.55
78.T0.13-66-j26-1.8.R,66,11,32,18,18.0,Gelenk,0.23
78.T0.13-67-j26-1.10.R,67,4,43,24,24.0,Gelenk,0.28
78.T0.13-68-j26-2.24.R,68,8,101,56,56.0,Gelenk,0.36
78.T0.13-69-j26-1.4.R,69,5,7,4,6.0,Solo,0.69
78.T0.13-73-j26-4.7.R,73,23,9,5,5.0,Gelenk,0.53
78.T0.17-708-j26-2.1.H,E8,13,11,6,9.0,Solo,0.25
79.T0.13-30-j26-2.17.R,30,15,21,12,17.0,Solo,0.26
79.T0.13-31-j26-1.17.R,31,12,91,50,50.0,Gelenk,0.08
79.T0.13-34-j26-1.5.R,34,5,10,6,6.0,Gelenk,0.75
79.T0.13-35-j26-1.3.H,35,17,56,31,31.0,Gelenk,0.5
79.T0.13-36-j26-7.9.H,36,18,112,62,62.0,Gelenk,0.57
79.T0.13-37-j26-1.3.R,37,16,122,67,67.0,Gelenk,0.35
79.T0.13-38-j26-1.1.H,38,21,16,9,13.0,Solo,0.19
79.T0.13-40-j26-1.10.R,40,7,47,26,26.0,Gelenk,0.45
79.T0.13-43-j26-2.5.H,43,19,38,21,30.0,Solo,0.5
79.T0.13-44-j26-2.1.H,44,20,22,12,17.0,Solo,0.52
79.T0.13-45-j26-2.10.R,45,12,95,52,52.0,Gelenk,0.42
79.T0.13-46-j26-1.2.R,46,12,47,26,26.0,Gelenk,0.3
79.T0.13-47-j26-1.1.R,47,16,45,25,25.0,Gelenk,0.25
79.T0.13-51-j26-1.4.H,51,18,21,12,17.0,Solo,0.09
79.T0.13-52-j26-1.1.R,52,11,22,12,17.0,Solo,0.05
79.T0.13-53-j26-1.11.R,53,7,28,15,21.0,Solo,0.09
79.T0.13-55-j26-1.2.R,55,6,10,6,9.0,Solo,0.38
79.T0.13-56-j26-1.16.R,56,9,17,9,13.0,Solo,0.16
79.T0.13-57-j26-1.7.R,57,6,14,8,11.0,Solo,0.25
79.T0.13-58-j26-1.10.R,58,12,22,12,12.0,Gelenk,0.0
79.T0.13-61-j26-5.25.H,61,23,12,7,7.0,Gelenk,0.08
79.T0.13-62-j26-1.2.R,62,6,19,10,10.0,Gelenk,0.15
79.T0.13-65-j26-1.2.H,65,17,76,42,42.0,Gelenk,0.55
79.T0.13-66-j26-1.7.R,66,12,30,16,16.0,Gelenk,0.26
79.T0.13-67-j26-1.11.R,67,5,10,6,6.0,Gelenk,0.27
79.T0.13-68-j26-2.24.R,68,8,126,69,69.0,Gelenk,0.36
79.T0.13-69-j26-1.4.R,69,6,16,9,13.0,Solo,0.69
79.T0.13-73-j26-4.7.R,73,24,9,5,5.0,Gelenk,0.53
79.T0.17-708-j26-2.1.H,E8,14,13,7,10.0,Solo,0.25
8.T0.13-21-j26-1.1.H,21,6,24,13,19.0,Solo,0.38
8.T0.13-30-j26-2.13.H,30,6,14,8,11.0,Solo,0.28
8.T0.13-31-j26-1.7.H,31,6,29,16,16.0,Gelenk,0.08
8.T0.13-32-j26-2.1.H,32,7,3,2,3.0,Solo,0.29
8.T0.13-34-j26-1.1.H,34,6,36,20,20.0,Gelenk,0.78
8.T0.13-35-j26-1.3.H,35,5,14,8,8.0,Gelenk,0.5
8.T0.13-36-j26-7.9.H,36,6,52,29,29.0,Gelenk,0.57
8.T0.13-37-j26-1.1.H,37,6,78,43,43.0,Gelenk,0.39
8.T0.13-38-j26-1.1.H,38,6,17,9,13.0,Solo,0.19
8.T0.13-40-j26-1.5.H,40,6,18,10,10.0,Gelenk,0.46
8.T0.13-43-j26-2.5.H,43,6,24,13,19.0,Solo,0.5
8.T0.13-44-j26-2.1.H,44,6,19,10,14.0,Solo,0.52
8.T0.13-45-j26-2.6.H,45,6,108,59,59.0,Gelenk,0.44
8.T0.13-46-j26-1.4.H,46,7,60,33,33.0,Gelenk,0.33
8.T0.13-47-j26-1.5.H,47,7,44,24,24.0,Gelenk,0.25
8.T0.13-49-j26-1.1.H,49,15,3,2,3.0,Solo,0.2
8.T0.13-50-j26-1.1.H,50,8,34,19,27.0,Solo,0.14
8.T0.13-52-j26-1.5.H,52,7,24,13,19.0,Solo,0.1
8.T0.13-53-j26-1.1.H,53,7,17,9,13.0,Solo,0.13
8.T0.13-54-j26-1.2.H,54,7,44,24,34.0,Solo,0.2
8.T0.13-55-j26-1.1.H,55,6,12,7,10.0,Solo,0.38
8.T0.13-56-j26-1.11.H,56,6,3,2,3.0,Solo,0.1
8.T0.13-57-j26-1.5.H,57,6,11,6,9.0,Solo,0.19
8.T0.13-58-j26-1.6.H,58,6,20,11,11.0,Gelenk,0.0
8.T0.13-59-j26-1.1.H,59,8,29,16,23.0,Solo,0.25
8.T0.13-60-j26-1.1.H,60,16,33,18,18.0,Gelenk,0.26
8.T0.13-62-j26-1.1.H,62,6,13,7,7.0,Gelenk,0.12
8.T0.13-65-j26-1.2.H,65,5,17,9,9.0,Gelenk,0.55
8.T0.13-66-j26-1.2.H,66,7,60,33,33.0,Gelenk,0.21
8.T0.13-67-j26-1.2.H,67,5,35,19,19.0,Gelenk,0.28
8.T0.13-68-j26-2.18.H,68,6,16,9,9.0,Gelenk,0.07
8.T0.13-69-j26-1.5.H,69,6,19,10,14.0,Solo,0.65
8.T0.13-73-j26-4.5.H,73,7,29,16,16.0,Gelenk,0.53
8.T0.13-82-j26-3.2.H,82,7,21,12,17.0,Solo,0.33
8.T0.13-84-j26-1.1.H,84,9,3,2,3.0,Solo,1.0
8.T0.13-89-j26-1.4.R,89,16,295,162,140.0,Gelenk,0.06
8.T0.17-708-j26-2.1.H,E8,5,8,4,6.0,Solo,0.25
80.T0.13-30-j26-2.17.R,30,16,24,13,19.0,Solo,0.26
80.T0.13-31-j26-1.17.R,31,13,63,35,35.0,Gelenk,0.08
80.T0.13-34-j26-1.5.R,34,5,13,7,7.0,Gelenk,0.75
80.T0.13-35-j26-1.3.H,35,17,56,31,31.0,Gelenk,0.5
80.T0.13-36-j26-7.9.H,36,18,53,29,29.0,Gelenk,0.57
80.T0.13-37-j26-1.3.R,37,17,197,108,108.0,Gelenk,0.35
80.T0.13-38-j26-1.4.H,38,21,5,3,4.0,Solo,0.11
80.T0.13-40-j26-1.8.R,40,7,40,22,22.0,Gelenk,0.5
80.T0.13-43-j26-2.5.H,43,19,20,11,16.0,Solo,0.5
80.T0.13-44-j26-2.1.H,44,20,31,17,24.0,Solo,0.52
80.T0.13-45-j26-2.10.R,45,12,138,76,76.0,Gelenk,0.42
80.T0.13-46-j26-1.2.R,46,12,68,37,37.0,Gelenk,0.3
80.T0.13-47-j26-1.1.R,47,16,66,36,36.0,Gelenk,0.25
80.T0.13-51-j26-1.4.H,51,18,26,14,20.0,Solo,0.09
80.T0.13-52-j26-1.1.R,52,11,19,10,14.0,Solo,0.05
80.T0.13-53-j26-1.11.R,53,7,37,20,29.0,Solo,0.09
80.T0.13-55-j26-1.2.R,55,7,15,8,11.0,Solo,0.38
80.T0.13-56-j26-1.16.R,56,9,14,8,11.0,Solo,0.16
80.T0.13-57-j26-1.8.R,57,7,21,12,17.0,Solo,0.14
80.T0.13-58-j26-1.10.R,58,12,29,16,16.0,Gelenk,0.0
80.T0.13-61-j26-5.26.H,61,23,10,6,6.0,Gelenk,0.06
80.T0.13-62-j26-1.2.R,62,6,18,10,10.0,Gelenk,0.15
80.T0.13-65-j26-1.2.H,65,17,56,31,31.0,Gelenk,0.55
80.T0.13-66-j26-1.4.R,66,12,32,18,18.0,Gelenk,0.44
80.T0.13-67-j26-1.12.R,67,5,4,2,2.0,Gelenk,0.31
80.T0.13-68-j26-2.24.R,68,9,77,42,42.0,Gelenk,0.36
80.T0.13-69-j26-1.4.R,69,6,17,9,13.0,Solo,0.69
80.T0.17-708-j26-2.1.H,E8,14,12,7,10.0,Solo,0.25
81.T0.13-30-j26-2.17.R,30,16,27,15,21.0,Solo,0.26
81.T0.13-31-j26-1.26.R,31,13,7,4,4.0,Gelenk,0.0
81.T0.13-34-j26-1.5.R,34,5,11,6,6.0,Gelenk,0.75
81.T0.13-35-j26-1.3.H,35,17,42,23,23.0,Gelenk,0.5
81.T0.13-36-j26-7.9.H,36,18,83,46,46.0,Gelenk,0.57
81.T0.13-37-j26-1.3.R,37,17,102,56,56.0,Gelenk,0.35
81.T0.13-38-j26-1.1.H,38,21,21,12,17.0,Solo,0.19
81.T0.13-40-j26-1.8.R,40,8,40,22,22.0,Gelenk,0.5
81.T0.13-43-j26-2.5.H,43,19,28,15,21.0,Solo,0.5
81.T0.13-44-j26-2.1.H,44,21,16,9,13.0,Solo,0.52
81.T0.13-45-j26-2.10.R,45,12,135,74,74.0,Gelenk,0.42
81.T0.13-46-j26-1.2.R,46,13,71,39,39.0,Gelenk,0.3
81.T0.13-47-j26-1.1.R,47,16,45,25,25.0,Gelenk,0.25
81.T0.13-51-j26-1.4.H,51,19,21,12,17.0,Solo,0.09
81.T0.13-52-j26-1.1.R,52,11,22,12,17.0,Solo,0.05
81.T0.13-55-j26-1.2.R,55,7,42,23,33.0,Solo,0.38
81.T0.13-56-j26-1.16.R,56,9,17,9,13.0,Solo,0.16
81.T0.13-57-j26-1.7.R,57,7,15,8,11.0,Solo,0.25
81.T0.13-58-j26-1.10.R,58,12,33,18,18.0,Gelenk,0.0
81.T0.13-61-j26-5.31.H,61,24,11,6,6.0,Gelenk,0.07
81.T0.13-62-j26-1.2.R,62,6,22,12,12.0,Gelenk,0.15
81.T0.13-65-j26-1.2.H,65,17,108,59,59.0,Gelenk,0.55
81.T0.13-66-j26-1.8.R,66,12,32,18,18.0,Gelenk,0.23
81.T0.13-67-j26-1.10.R,67,5,14,8,8.0,Gelenk,0.28
81.T0.13-68-j26-2.24.R,68,9,64,35,35.0,Gelenk,0.36
81.T0.13-69-j26-1.4.R,69,6,20,11,16.0,Solo,0.69
81.T0.17-708-j26-2.1.H,E8,14,14,8,11.0,Solo,0.25
82.T0.13-30-j26-2.17.R,30,16,17,9,13.0,Solo,0.26
82.T0.13-31-j26-1.17.R,31,13,56,31,31.0,Gelenk,0.08
82.T0.13-34-j26-1.5.R,34,5,10,6,6.0,Gelenk,0.75
82.T0.13-35-j26-1.3.H,35,18,59,32,32.0,Gelenk,0.5
82.T0.13-36-j26-7.9.H,36,18,90,50,50.0,Gelenk,0.57
82.T0.13-37-j26-1.3.R,37,17,161,89,89.0,Gelenk,0.35
82.T0.13-38-j26-1.4.H,38,22,6,3,4.0,Solo,0.11
82.T0.13-40-j26-1.13.R,40,8,42,23,23.0,Gelenk,0.57
82.T0.13-43-j26-2.5.H,43,20,21,12,17.0,Solo,0.5
82.T0.13-44-j26-2.1.H,44,21,21,12,17.0,Solo,0.52
82.T0.13-45-j26-2.10.R,45,13,62,34,34.0,Gelenk,0.42
82.T0.13-46-j26-1.2.R,46,13,64,35,35.0,Gelenk,0.3
82.T0.13-47-j26-1.1.R,47,17,65,36,36.0,Gelenk,0.25
82.T0.13-51-j26-1.4.H,51,19,15,8,11.0,Solo,0.09
82.T0.13-52-j26-1.1.R,52,12,19,10,14.0,Solo,0.05
82.T0.13-55-j26-1.2.R,55,7,17,9,13.0,Solo,0.38
82.T0.13-56-j26-1.16.R,56,10,17,9,13.0,Solo,0.16
82.T0.13-57-j26-1.8.R,57,7,20,11,16.0,Solo,0.14
82.T0.13-58-j26-1.10.R,58,13,28,15,15.0,Gelenk,0.0
82.T0.13-61-j26-5.12.R,61,4,4,2,2.0,Gelenk,0.06
82.T0.13-62-j26-1.2.R,62,6,18,10,10.0,Gelenk,0.15
82.T0.13-65-j26-1.2.H,65,18,55,30,30.0,Gelenk,0.55
82.T0.13-66-j26-1.8.R,66,12,29,16,16.0,Gelenk,0.23
82.T0.13-67-j26-1.11.R,67,5,9,5,5.0,Gelenk,0.27
82.T0.13-68-j26-2.24.R,68,9,77,42,42.0,Gelenk,0.36
82.T0.13-69-j26-1.4.R,69,6,8,4,6.0,Solo,0.69
82.T0.17-708-j26-2.1.H,E8,14,10,6,9.0,Solo,0.25
83.T0.13-30-j26-2.17.R,30,17,29,16,23.0,Solo,0.26
83.T0.13-31-j26-1.26.R,31,13,7,4,4.0,Gelenk,0.0
83.T0.13-34-j26-1.5.R,34,6,18,10,10.0,Gelenk,0.75
83.T0.13-35-j26-1.3.H,35,18,97,53,53.0,Gelenk,0.5
83.T0.13-36-j26-7.9.H,36,19,47,26,26.0,Gelenk,0.57
83.T0.13-37-j26-1.3.R,37,18,128,70,70.0,Gelenk,0.35
83.T0.13-38-j26-1.1.H,38,22,25,14,20.0,Solo,0.19
83.T0.13-40-j26-1.10.R,40,8,64,35,35.0,Gelenk,0.45
83.T0.13-43-j26-2.5.H,43,20,25,14,20.0,Solo,0.5
83.T0.13-44-j26-2.1.H,44,22,33,18,26.0,Solo,0.52
83.T0.13-45-j26-2.10.R,45,13,111,61,61.0,Gelenk,0.42
83.T0.13-46-j26-1.2.R,46,13,83,46,46.0,Gelenk,0.3
83.T0.13-47-j26-1.1.R,47,17,69,38,38.0,Gelenk,0.25
83.T0.13-51-j26-1.4.H,51,19,15,8,11.0,Solo,0.09
83.T0.13-52-j26-1.1.R,52,12,35,19,27.0,Solo,0.05
83.T0.13-53-j26-1.12.R,53,8,17,9,13.0,Solo,0.12
83.T0.13-55-j26-1.2.R,55,7,19,10,14.0,Solo,0.38
83.T0.13-56-j26-1.16.R,56,10,10,6,9.0,Solo,0.16
83.T0.13-57-j26-1.7.R,57,7,10,6,9.0,Solo,0.25
83.T0.13-58-j26-1.10.R,58,13,26,14,14.0,Gelenk,0.0
83.T0.13-61-j26-5.13.R,61,4,4,2,2.0,Gelenk,0.06
83.T0.13-62-j26-1.2.R,62,6,13,7,7.0,Gelenk,0.15
83.T0.13-65-j26-1.2.H,65,18,82,45,45.0,Gelenk,0.55
83.T0.13-66-j26-1.9.R,66,13,31,17,17.0,Gelenk,0.44
83.T0.13-67-j26-1.10.R,67,5,30,16,16.0,Gelenk,0.28
83.T0.13-68-j26-2.24.R,68,10,59,32,32.0,Gelenk,0.36
83.T0.13-69-j26-1.4.R,69,6,14,8,11.0,Solo,0.69
83.T0.17-708-j26-2.1.H,E8,14,16,9,13.0,Solo,0.25
84.T0.13-30-j26-2.17.R,30,17,28,15,21.0,Solo,0.26
84.T0.13-31-j26-1.27.R,31,14,14,8,8.0,Gelenk,0.16
84.T0.13-34-j26-1.5.R,34,6,26,14,14.0,Gelenk,0.75
84.T0.13-35-j26-1.3.H,35,18,58,32,32.0,Gelenk,0.5
84.T0.13-36-j26-7.9.H,36,19,54,30,30.0,Gelenk,0.57
84.T0.13-37-j26-1.3.R,37,18,112,62,62.0,Gelenk,0.35
84.T0.13-38-j26-1.4.H,38,22,5,3,4.0,Solo,0.11
84.T0.13-40-j26-1.13.R,40,8,82,45,45.0,Gelenk,0.57
84.T0.13-43-j26-2.5.H,43,20,41,23,33.0,Solo,0.5
84.T0.13-44-j26-2.1.H,44,23,11,6,9.0,Solo,0.52
84.T0.13-45-j26-2.10.R,45,13,133,73,73.0,Gelenk,0.42
84.T0.13-46-j26-1.2.R,46,14,63,35,35.0,Gelenk,0.3
84.T0.13-47-j26-1.1.R,47,17,90,50,50.0,Gelenk,0.25
84.T0.13-51-j26-1.4.H,51,20,19,10,14.0,Solo,0.09
84.T0.13-52-j26-1.1.R,52,12,57,31,44.0,Solo,0.05
84.T0.13-53-j26-1.11.R,53,8,30,16,23.0,Solo,0.09
84.T0.13-55-j26-1.2.R,55,7,15,8,11.0,Solo,0.38
84.T0.13-56-j26-1.16.R,56,10,16,9,13.0,Solo,0.16
84.T0.13-57-j26-1.7.R,57,7,18,10,14.0,Solo,0.25
84.T0.13-58-j26-1.8.R,58,13,74,41,41.0,Gelenk,0.15
84.T0.13-61-j26-5.14.R,61,4,5,3,3.0,Gelenk,0.1
84.T0.13-62-j26-1.2.R,62,7,49,27,27.0,Gelenk,0.15
84.T0.13-65-j26-1.2.H,65,18,95,52,52.0,Gelenk,0.55
84.T0.13-66-j26-1.8.R,66,13,28,15,15.0,Gelenk,0.23
84.T0.13-67-j26-1.11.R,67,5,7,4,4.0,Gelenk,0.27
84.T0.13-68-j26-2.24.R,68,10,90,50,50.0,Gelenk,0.36
84.T0.13-69-j26-1.4.R,69,6,19,10,14.0,Solo,0.69
84.T0.17-708-j26-2.1.H,E8,14,15,8,11.0,Solo,0.25
85.T0.13-30-j26-2.17.R,30,17,22,12,17.0,Solo,0.26
85.T0.13-31-j26-1.17.R,31,14,64,35,35.0,Gelenk,0.08
85.T0.13-34-j26-1.5.R,34,6,25,14,14.0,Gelenk,0.75
85.T0.13-35-j26-1.3.H,35,19,61,34,34.0,Gelenk,0.5
85.T0.13-36-j26-7.9.H,36,19,47,26,26.0,Gelenk,0.57
85.T0.13-37-j26-1.3.R,37,19,125,69,69.0,Gelenk,0.35
85.T0.13-38-j26-1.1.H,38,23,8,4,6.0,Solo,0.19
85.T0.13-40-j26-1.8.R,40,9,32,18,18.0,Gelenk,0.5
85.T0.13-43-j26-2.5.H,43,21,25,14,20.0,Solo,0.5
85.T0.13-44-j26-2.1.H,44,23,9,5,7.0,Solo,0.52
85.T0.13-45-j26-2.10.R,45,13,91,50,50.0,Gelenk,0.42
85.T0.13-46-j26-1.2.R,46,14,79,43,43.0,Gelenk,0.3
85.T0.13-47-j26-1.1.R,47,18,49,27,27.0,Gelenk,0.25
85.T0.13-51-j26-1.2.H,51,20,17,9,13.0,Solo,0.12
85.T0.13-52-j26-1.1.R,52,13,22,12,17.0,Solo,0.05
85.T0.13-53-j26-1.12.R,53,8,19,10,14.0,Solo,0.12
85.T0.13-55-j26-1.2.R,55,7,20,11,16.0,Solo,0.38
85.T0.13-56-j26-1.16.R,56,11,10,6,9.0,Solo,0.16
85.T0.13-57-j26-1.7.R,57,7,13,7,10.0,Solo,0.25
85.T0.13-58-j26-1.8.R,58,14,50,28,28.0,Gelenk,0.15
85.T0.13-61-j26-5.15.R,61,4,3,2,2.0,Gelenk,0.06
85.T0.13-62-j26-1.2.R,62,7,52,29,29.0,Gelenk,0.15
85.T0.13-65-j26-1.2.H,65,19,91,50,50.0,Gelenk,0.55
85.T0.13-66-j26-1.10.R,66,13,16,9,9.0,Gelenk,0.44
85.T0.13-67-j26-1.10.R,67,5,23,13,13.0,Gelenk,0.28
85.T0.13-68-j26-2.24.R,68,10,84,46,46.0,Gelenk,0.36
85.T0.13-69-j26-1.4.R,69,7,22,12,17.0,Solo,0.69
85.T0.17-708-j26-2.1.H,E8,14,16,9,13.0,Solo,0.25
86.T0.13-30-j26-2.17.R,30,18,14,8,11.0,Solo,0.26
86.T0.13-31-j26-1.17.R,31,14,54,30,30.0,Gelenk,0.08
86.T0.13-34-j26-1.5.R,34,6,21,12,12.0,Gelenk,0.75
86.T0.13-35-j26-1.3.H,35,19,56,31,31.0,Gelenk,0.5
86.T0.13-36-j26-7.9.H,36,19,63,35,35.0,Gelenk,0.57
86.T0.13-37-j26-1.3.R,37,20,68,37,37.0,Gelenk,0.35
86.T0.13-38-j26-1.4.H,38,23,2,1,1.0,Solo,0.11
86.T0.13-40-j26-1.8.R,40,9,29,16,16.0,Gelenk,0.5
86.T0.13-43-j26-2.5.H,43,21,26,14,20.0,Solo,0.5
86.T0.13-44-j26-2.2.H,44,24,14,8,11.0,Solo,0.58
86.T0.13-45-j26-2.10.R,45,14,108,59,59.0,Gelenk,0.42
86.T0.13-46-j26-1.2.R,46,14,63,35,35.0,Gelenk,0.3
86.T0.13-47-j26-1.1.R,47,18,69,38,38.0,Gelenk,0.25
86.T0.13-51-j26-1.3.H,51,20,15,8,11.0,Solo,0.09
86.T0.13-52-j26-1.1.R,52,13,21,12,17.0,Solo,0.05
86.T0.13-55-j26-1.2.R,55,8,17,9,13.0,Solo,0.38
86.T0.13-56-j26-1.16.R,56,11,23,13,19.0,Solo,0.16
86.T0.13-57-j26-1.7.R,57,7,9,5,7.0,Solo,0.25
86.T0.13-58-j26-1.8.R,58,14,47,26,26.0,Gelenk,0.15
86.T0.13-61-j26-5.16.R,61,5,12,7,7.0,Gelenk,0.08
86.T0.13-62-j26-1.2.R,62,7,35,19,19.0,Gelenk,0.15
86.T0.13-65-j26-1.2.H,65,19,96,53,53.0,Gelenk,0.55
86.T0.13-66-j26-1.11.R,66,13,14,8,8.0,Gelenk,0.38
86.T0.13-67-j26-1.10.R,67,5,18,10,10.0,Gelenk,0.28
86.T0.13-68-j26-2.24.R,68,11,68,37,37.0,Gelenk,0.36
86.T0.13-69-j26-1.4.R,69,7,27,15,21.0,Solo,0.69
86.T0.17-708-j26-2.1.H,E8,14,11,6,9.0,Solo,0.25
87.T0.13-30-j26-2.17.R,30,18,11,6,9.0,Solo,0.26
87.T0.13-31-j26-1.17.R,31,14,49,27,27.0,Gelenk,0.08
87.T0.13-34-j26-1.5.R,34,6,35,19,19.0,Gelenk,0.75
87.T0.13-35-j26-1.3.H,35,19,53,29,29.0,Gelenk,0.5
87.T0.13-36-j26-7.9.H,36,19,53,29,29.0,Gelenk,0.57
87.T0.13-37-j26-1.3.R,37,20,66,36,36.0,Gelenk,0.35
87.T0.13-38-j26-1.1.H,38,23,9,5,7.0,Solo,0.19
87.T0.13-40-j26-1.8.R,40,10,43,24,24.0,Gelenk,0.5
87.T0.13-43-j26-2.5.H,43,21,22,12,17.0,Solo,0.5
87.T0.13-44-j26-2.3.R,44,4,19,10,14.0,Solo,0.52
87.T0.13-45-j26-2.10.R,45,14,128,70,70.0,Gelenk,0.42
87.T0.13-46-j26-1.2.R,46,15,59,32,32.0,Gelenk,0.3
87.T0.13-47-j26-1.3.R,47,18,12,7,7.0,Gelenk,0.0
87.T0.13-51-j26-1.2.H,51,21,11,6,9.0,Solo,0.12
87.T0.13-53-j26-1.12.R,53,9,15,8,11.0,Solo,0.12
87.T0.13-55-j26-1.2.R,55,8,23,13,19.0,Solo,0.38
87.T0.13-56-j26-1.16.R,56,11,27,15,21.0,Solo,0.16
87.T0.13-57-j26-1.7.R,57,7,18,10,14.0,Solo,0.25
87.T0.13-58-j26-1.8.R,58,14,21,12,12.0,Gelenk,0.15
87.T0.13-61-j26-5.16.R,61,5,15,8,8.0,Gelenk,0.08
87.T0.13-62-j26-1.2.R,62,7,39,21,21.0,Gelenk,0.15
87.T0.13-65-j26-1.2.H,65,19,63,35,35.0,Gelenk,0.55
87.T0.13-66-j26-1.8.R,66,13,25,14,14.0,Gelenk,0.23
87.T0.13-67-j26-1.10.R,67,6,50,28,28.0,Gelenk,0.28
87.T0.13-68-j26-2.24.R,68,11,69,38,38.0,Gelenk,0.36
87.T0.13-69-j26-1.4.R,69,7,29,16,23.0,Solo,0.69
87.T0.17-708-j26-2.1.H,E8,14,11,6,9.0,Solo,0.25
88.T0.13-30-j26-2.17.R,30,18,13,7,10.0,Solo,0.26
88.T0.13-31-j26-1.17.R,31,15,143,79,79.0,Gelenk,0.08
88.T0.13-34-j26-1.5.R,34,6,22,12,12.0,Gelenk,0.75
88.T0.13-35-j26-1.3.H,35,20,41,23,23.0,Gelenk,0.5
88.T0.13-36-j26-7.9.H,36,19,32,18,18.0,Gelenk,0.57
88.T0.13-37-j26-1.3.R,37,21,73,40,40.0,Gelenk,0.35
88.T0.13-38-j26-1.1.H,38,24,16,9,13.0,Solo,0.19
88.T0.13-40-j26-1.8.R,40,10,25,14,14.0,Gelenk,0.5
88.T0.13-43-j26-2.5.H,43,22,25,14,20.0,Solo,0.5
88.T0.13-44-j26-2.3.R,44,5,16,9,13.0,Solo,0.52
88.T0.13-45-j26-2.10.R,45,14,112,62,62.0,Gelenk,0.42
88.T0.13-46-j26-1.2.R,46,15,45,25,25.0,Gelenk,0.3
88.T0.13-47-j26-1.1.R,47,19,92,51,51.0,Gelenk,0.25
88.T0.13-51-j26-1.3.H,51,21,11,6,9.0,Solo,0.09
88.T0.13-52-j26-1.1.R,52,13,34,19,27.0,Solo,0.05
88.T0.13-53-j26-1.11.R,53,9,35,19,27.0,Solo,0.09
88.T0.13-55-j26-1.2.R,55,8,25,14,20.0,Solo,0.38
88.T0.13-56-j26-1.16.R,56,12,16,9,13.0,Solo,0.16
88.T0.13-57-j26-1.7.R,57,8,24,13,19.0,Solo,0.25
88.T0.13-58-j26-1.8.R,58,15,37,20,20.0,Gelenk,0.15
88.T0.13-61-j26-5.16.R,61,6,17,9,9.0,Gelenk,0.08
88.T0.13-62-j26-1.2.R,62,7,37,20,20.0,Gelenk,0.15
88.T0.13-65-j26-1.2.H,65,20,30,16,16.0,Gelenk,0.55
88.T0.13-66-j26-1.8.R,66,13,31,17,17.0,Gelenk,0.23
88.T0.13-67-j26-1.10.R,67,6,49,27,27.0,Gelenk,0.28
88.T0.13-68-j26-2.24.R,68,11,62,34,34.0,Gelenk,0.36
88.T0.13-69-j26-1.4.R,69,7,22,12,17.0,Solo,0.69
88.T0.17-708-j26-2.1.H,E8,14,14,8,11.0,Solo,0.25
89.T0.13-30-j26-2.17.R,30,19,16,9,13.0,Solo,0.26
89.T0.13-31-j26-1.17.R,31,15,38,21,21.0,Gelenk,0.08
89.T0.13-34-j26-1.5.R,34,7,51,28,28.0,Gelenk,0.75
89.T0.13-35-j26-1.3.H,35,20,46,25,25.0,Gelenk,0.5
89.T0.13-36-j26-7.9.H,36,20,51,28,28.0,Gelenk,0.57
89.T0.13-37-j26-1.3.R,37,22,33,18,18.0,Gelenk,0.35
89.T0.13-38-j26-1.7.R,38,4,21,12,17.0,Solo,0.19
89.T0.13-40-j26-1.8.R,40,10,20,11,11.0,Gelenk,0.5
89.T0.13-43-j26-2.5.H,43,22,15,8,11.0,Solo,0.5
89.T0.13-44-j26-2.3.R,44,5,12,7,10.0,Solo,0.52
89.T0.13-45-j26-2.10.R,45,15,130,72,72.0,Gelenk,0.42
89.T0.13-46-j26-1.2.R,46,15,64,35,35.0,Gelenk,0.3
89.T0.13-47-j26-1.1.R,47,20,30,16,16.0,Gelenk,0.25
89.T0.13-51-j26-1.2.H,51,21,18,10,14.0,Solo,0.12
89.T0.13-52-j26-1.1.R,52,14,29,16,23.0,Solo,0.05
89.T0.13-55-j26-1.2.R,55,8,24,13,19.0,Solo,0.38
89.T0.13-56-j26-1.16.R,56,12,18,10,14.0,Solo,0.16
89.T0.13-57-j26-1.7.R,57,8,20,11,16.0,Solo,0.25
89.T0.13-58-j26-1.8.R,58,15,24,13,13.0,Gelenk,0.15
89.T0.13-61-j26-5.13.R,61,6,21,12,12.0,Gelenk,0.06
89.T0.13-62-j26-1.13.R,62,8,49,27,27.0,Gelenk,0.17
89.T0.13-65-j26-1.2.H,65,20,47,26,26.0,Gelenk,0.55
89.T0.13-66-j26-1.8.R,66,14,30,16,16.0,Gelenk,0.23
89.T0.13-67-j26-1.10.R,67,6,60,33,33.0,Gelenk,0.28
89.T0.13-68-j26-2.24.R,68,12,52,29,29.0,Gelenk,0.36
89.T0.13-69-j26-1.4.R,69,7,21,12,17.0,Solo,0.69
89.T0.17-708-j26-2.1.H,E8,14,9,5,7.0,Solo,0.25
9.T0.13-21-j26-1.1.H,21,7,69,38,54.0,Solo,0.38
9.T0.13-30-j26-2.13.H,30,6,21,12,17.0,Solo,0.28
9.T0.13-31-j26-1.7.H,31,6,19,10,10.0,Gelenk,0.08
9.T0.13-32-j26-2.2.H,32,7,1,1,1.0,Solo,0.5
9.T0.13-34-j26-1.1.H,34,6,31,17,17.0,Gelenk,0.78
9.T0.13-35-j26-1.3.H,35,5,15,8,8.0,Gelenk,0.5
9.T0.13-36-j26-7.9.H,36,7,58,32,32.0,Gelenk,0.57
9.T0.13-37-j26-1.1.H,37,7,216,119,119.0,Gelenk,0.39
9.T0.13-38-j26-1.2.H,38,6,8,4,6.0,Solo,0.11
9.T0.13-40-j26-1.4.H,40,6,31,17,17.0,Gelenk,0.53
9.T0.13-43-j26-2.5.H,43,6,21,12,17.0,Solo,0.5
9.T0.13-44-j26-2.2.H,44,7,38,21,30.0,Solo,0.58
9.T0.13-45-j26-2.6.H,45,7,104,57,57.0,Gelenk,0.44
9.T0.13-46-j26-1.4.H,46,7,76,42,42.0,Gelenk,0.33
9.T0.13-47-j26-1.4.H,47,7,13,7,7.0,Gelenk,0.0
9.T0.13-49-j26-1.1.H,49,15,3,2,3.0,Solo,0.2
9.T0.13-50-j26-1.2.H,50,11,7,4,6.0,Solo,0.08
9.T0.13-52-j26-1.5.H,52,7,27,15,21.0,Solo,0.1
9.T0.13-53-j26-1.2.H,53,7,42,23,33.0,Solo,0.09
9.T0.13-55-j26-1.1.H,55,6,7,4,6.0,Solo,0.38
9.T0.13-57-j26-1.5.H,57,7,14,8,11.0,Solo,0.19
9.T0.13-58-j26-1.5.H,58,7,35,19,19.0,Gelenk,0.14
9.T0.13-59-j26-1.1.H,59,9,23,13,19.0,Solo,0.25
9.T0.13-60-j26-1.1.H,60,17,48,26,26.0,Gelenk,0.26
9.T0.13-61-j26-5.27.H,61,6,15,8,8.0,Gelenk,0.11
9.T0.13-62-j26-1.1.H,62,6,15,8,8.0,Gelenk,0.12
9.T0.13-65-j26-1.2.H,65,6,29,16,16.0,Gelenk,0.55
9.T0.13-66-j26-1.3.H,66,7,24,13,13.0,Gelenk,0.38
9.T0.13-67-j26-1.2.H,67,6,44,24,24.0,Gelenk,0.28
9.T0.13-69-j26-1.3.H,69,6,16,9,13.0,Solo,0.72
9.T0.13-73-j26-4.5.H,73,7,57,31,31.0,Gelenk,0.53
9.T0.13-82-j26-3.1.H,82,7,29,16,23.0,Solo,0.25
9.T0.13-84-j26-1.1.H,84,9,6,3,4.0,Solo,1.0
9.T0.17-708-j26-2.1.H,E8,5,6,3,4.0,Solo,0.25
90.T0.13-30-j26-2.17.R,30,19,21,12,17.0,Solo,0.26
90.T0.13-31-j26-1.17.R,31,15,66,36,36.0,Gelenk,0.08
90.T0.13-34-j26-1.5.R,34,7,30,16,16.0,Gelenk,0.75
90.T0.13-35-j26-1.3.H,35,20,57,31,31.0,Gelenk,0.5
90.T0.13-36-j26-7.9.H,36,20,52,29,29.0,Gelenk,0.57
90.T0.13-37-j26-1.3.R,37,22,53,29,29.0,Gelenk,0.35
90.T0.13-38-j26-1.7.R,38,5,11,6,9.0,Solo,0.19
90.T0.13-40-j26-1.8.R,40,11,30,16,16.0,Gelenk,0.5
90.T0.13-43-j26-2.5.H,43,22,16,9,13.0,Solo,0.5
90.T0.13-44-j26-2.3.R,44,5,20,11,16.0,Solo,0.52
90.T0.13-45-j26-2.10.R,45,15,113,62,62.0,Gelenk,0.42
90.T0.13-46-j26-1.2.R,46,16,89,49,49.0,Gelenk,0.3
90.T0.13-47-j26-1.1.R,47,20,48,26,26.0,Gelenk,0.25
90.T0.13-51-j26-1.3.H,51,22,12,7,10.0,Solo,0.09
90.T0.13-52-j26-1.1.R,52,14,32,18,26.0,Solo,0.05
90.T0.13-53-j26-1.12.R,53,9,10,6,9.0,Solo,0.12
90.T0.13-55-j26-1.2.R,55,9,17,9,13.0,Solo,0.38
90.T0.13-56-j26-1.16.R,56,12,15,8,11.0,Solo,0.16
90.T0.13-57-j26-1.7.R,57,8,28,15,21.0,Solo,0.25
90.T0.13-58-j26-1.8.R,58,15,43,24,24.0,Gelenk,0.15
90.T0.13-61-j26-5.16.R,61,6,12,7,7.0,Gelenk,0.08
90.T0.13-62-j26-1.2.R,62,8,44,24,24.0,Gelenk,0.15
90.T0.13-65-j26-1.2.H,65,20,34,19,19.0,Gelenk,0.55
90.T0.13-66-j26-1.12.R,66,14,26,14,14.0,Gelenk,0.28
90.T0.13-67-j26-1.10.R,67,6,33,18,18.0,Gelenk,0.28
90.T0.13-68-j26-2.24.R,68,12,87,48,48.0,Gelenk,0.36
90.T0.13-69-j26-1.4.R,69,7,27,15,21.0,Solo,0.69
90.T0.17-708-j26-2.1.H,E8,14,20,11,16.0,Solo,0.25
91.T0.13-30-j26-2.17.R,30,19,24,13,19.0,Solo,0.26
91.T0.13-31-j26-1.17.R,31,16,69,38,38.0,Gelenk,0.08
91.T0.13-34-j26-1.5.R,34,7,56,31,31.0,Gelenk,0.75
91.T0.13-35-j26-1.3.H,35,21,20,11,11.0,Gelenk,0.5
91.T0.13-36-j26-7.9.H,36,20,42,23,23.0,Gelenk,0.57
91.T0.13-37-j26-1.3.R,37,23,38,21,21.0,Gelenk,0.35
91.T0.13-38-j26-1.5.R,38,5,2,1,1.0,Solo,0.11
91.T0.13-40-j26-1.8.R,40,11,31,17,17.0,Gelenk,0.5
91.T0.13-43-j26-2.5.H,43,23,9,5,7.0,Solo,0.5
91.T0.13-44-j26-2.3.R,44,6,20,11,16.0,Solo,0.52
91.T0.13-45-j26-2.10.R,45,15,80,44,44.0,Gelenk,0.42
91.T0.13-46-j26-1.2.R,46,16,90,50,50.0,Gelenk,0.3
91.T0.13-47-j26-1.1.R,47,21,41,23,23.0,Gelenk,0.25
91.T0.13-51-j26-1.2.H,51,22,9,5,7.0,Solo,0.12
91.T0.13-52-j26-1.1.R,52,14,26,14,20.0,Solo,0.05
91.T0.13-55-j26-1.2.R,55,9,17,9,13.0,Solo,0.38
91.T0.13-56-j26-1.16.R,56,13,15,8,11.0,Solo,0.16
91.T0.13-57-j26-1.7.R,57,8,16,9,13.0,Solo,0.25
91.T0.13-58-j26-1.8.R,58,16,53,29,29.0,Gelenk,0.15
91.T0.13-61-j26-5.13.R,61,6,19,10,10.0,Gelenk,0.06
91.T0.13-62-j26-1.13.R,62,8,81,45,45.0,Gelenk,0.17
91.T0.13-65-j26-1.2.H,65,21,30,16,16.0,Gelenk,0.55
91.T0.13-66-j26-1.8.R,66,14,29,16,16.0,Gelenk,0.23
91.T0.13-67-j26-1.10.R,67,6,43,24,24.0,Gelenk,0.28
91.T0.13-68-j26-2.24.R,68,12,80,44,44.0,Gelenk,0.36
91.T0.13-69-j26-1.4.R,69,8,29,16,23.0,Solo,0.69
91.T0.17-708-j26-2.1.H,E8,15,13,7,10.0,Solo,0.25
92.T0.13-30-j26-2.19.R,30,20,27,15,21.0,Solo,0.26
92.T0.13-31-j26-1.17.R,31,16,66,36,36.0,Gelenk,0.08
92.T0.13-34-j26-1.5.R,34,7,59,32,32.0,Gelenk,0.75
92.T0.13-35-j26-1.3.H,35,21,32,18,18.0,Gelenk,0.5
92.T0.13-36-j26-7.9.H,36,20,53,29,29.0,Gelenk,0.57
92.T0.13-37-j26-1.4.R,37,24,17,9,9.0,Gelenk,0.58
92.T0.13-38-j26-1.7.R,38,5,25,14,20.0,Solo,0.19
92.T0.13-40-j26-1.8.R,40,11,26,14,14.0,Gelenk,0.5
92.T0.13-43-j26-2.5.H,43,23,13,7,10.0,Solo,0.5
92.T0.13-44-j26-2.4.R,44,6,16,9,13.0,Solo,0.58
92.T0.13-45-j26-2.10.R,45,16,187,103,103.0,Gelenk,0.42
92.T0.13-46-j26-1.2.R,46,16,101,56,56.0,Gelenk,0.3
92.T0.13-47-j26-1.1.R,47,22,15,8,8.0,Gelenk,0.25
92.T0.13-51-j26-1.3.H,51,22,10,6,9.0,Solo,0.09
92.T0.13-52-j26-1.1.R,52,15,29,16,23.0,Solo,0.05
92.T0.13-53-j26-1.12.R,53,10,12,7,10.0,Solo,0.12
92.T0.13-55-j26-1.2.R,55,9,24,13,19.0,Solo,0.38
92.T0.13-56-j26-1.16.R,56,13,18,10,14.0,Solo,0.16
92.T0.13-57-j26-1.7.R,57,8,24,13,19.0,Solo,0.25
92.T0.13-58-j26-1.8.R,58,16,47,26,26.0,Gelenk,0.15
92.T0.13-61-j26-5.16.R,61,6,19,10,10.0,Gelenk,0.08
92.T0.13-62-j26-1.2.R,62,8,49,27,27.0,Gelenk,0.15
92.T0.13-65-j26-1.2.H,65,21,36,20,20.0,Gelenk,0.55
92.T0.13-66-j26-1.8.R,66,14,27,15,15.0,Gelenk,0.23
92.T0.13-67-j26-1.10.R,67,6,77,42,42.0,Gelenk,0.28
92.T0.13-68-j26-2.24.R,68,13,41,23,23.0,Gelenk,0.36
92.T0.13-69-j26-1.4.R,69,8,29,16,23.0,Solo,0.69
92.T0.17-708-j26-2.1.H,E8,15,12,7,10.0,Solo,0.25
93.T0.13-30-j26-2.19.R,30,20,31,17,24.0,Solo,0.26
93.T0.13-31-j26-1.17.R,31,16,61,34,34.0,Gelenk,0.08
93.T0.13-34-j26-1.5.R,34,7,38,21,21.0,Gelenk,0.75
93.T0.13-35-j26-1.3.H,35,21,22,12,12.0,Gelenk,0.5
93.T0.13-36-j26-7.9.H,36,21,47,26,26.0,Gelenk,0.57
93.T0.13-38-j26-1.5.R,38,5,3,2,3.0,Solo,0.11
93.T0.13-40-j26-1.8.R,40,12,30,16,16.0,Gelenk,0.5
93.T0.13-43-j26-2.5.H,43,23,7,4,6.0,Solo,0.5
93.T0.13-44-j26-2.3.R,44,6,21,12,17.0,Solo,0.52
93.T0.13-45-j26-2.10.R,45,16,106,58,58.0,Gelenk,0.42
93.T0.13-46-j26-1.2.R,46,17,58,32,32.0,Gelenk,0.3
93.T0.13-47-j26-1.1.R,47,22,24,13,13.0,Gelenk,0.25
93.T0.13-51-j26-1.2.H,51,23,4,2,3.0,Solo,0.12
93.T0.13-52-j26-1.1.R,52,15,33,18,26.0,Solo,0.05
93.T0.13-53-j26-1.11.R,53,10,20,11,16.0,Solo,0.09
93.T0.13-55-j26-1.2.R,55,10,27,15,21.0,Solo,0.38
93.T0.13-56-j26-1.16.R,56,13,20,11,16.0,Solo,0.16
93.T0.13-57-j26-1.7.R,57,9,17,9,13.0,Solo,0.25
93.T0.13-58-j26-1.8.R,58,16,38,21,21.0,Gelenk,0.15
93.T0.13-61-j26-5.13.R,61,6,19,10,10.0,Gelenk,0.06
93.T0.13-62-j26-1.2.R,62,8,43,24,24.0,Gelenk,0.15
93.T0.13-65-j26-1.2.H,65,21,34,19,19.0,Gelenk,0.55
93.T0.13-66-j26-1.8.R,66,15,58,32,32.0,Gelenk,0.23
93.T0.13-67-j26-1.10.R,67,7,78,43,43.0,Gelenk,0.28
93.T0.13-68-j26-2.27.R,68,13,44,24,24.0,Gelenk,0.5
93.T0.13-69-j26-1.4.R,69,8,33,18,26.0,Solo,0.69
93.T0.17-708-j26-2.1.H,E8,15,16,9,13.0,Solo,0.25
94.T0.13-30-j26-2.19.R,30,21,16,9,13.0,Solo,0.26
94.T0.13-31-j26-1.17.R,31,17,72,40,40.0,Gelenk,0.08
94.T0.13-34-j26-1.5.R,34,7,30,16,16.0,Gelenk,0.75
94.T0.13-35-j26-1.3.H,35,22,16,9,9.0,Gelenk,0.5
94.T0.13-36-j26-7.9.H,36,21,47,26,26.0,Gelenk,0.57
94.T0.13-38-j26-1.7.R,38,5,13,7,10.0,Solo,0.19
94.T0.13-40-j26-1.10.R,40,12,42,23,23.0,Gelenk,0.45
94.T0.13-43-j26-2.5.H,43,24,10,6,9.0,Solo,0.5
94.T0.13-44-j26-2.4.R,44,6,14,8,11.0,Solo,0.58
94.T0.13-45-j26-2.10.R,45,16,113,62,62.0,Gelenk,0.42
94.T0.13-46-j26-1.2.R,46,17,87,48,48.0,Gelenk,0.3
94.T0.13-47-j26-1.1.R,47,23,17,9,9.0,Gelenk,0.25
94.T0.13-51-j26-1.3.H,51,23,11,6,9.0,Solo,0.09
94.T0.13-52-j26-1.1.R,52,15,34,19,27.0,Solo,0.05
94.T0.13-53-j26-1.12.R,53,10,14,8,11.0,Solo,0.12
94.T0.13-55-j26-1.2.R,55,10,28,15,21.0,Solo,0.38
94.T0.13-56-j26-1.17.R,56,13,7,4,6.0,Solo,0.12
94.T0.13-57-j26-1.7.R,57,9,22,12,17.0,Solo,0.25
94.T0.13-58-j26-1.8.R,58,17,53,29,29.0,Gelenk,0.15
94.T0.13-61-j26-5.16.R,61,7,22,12,12.0,Gelenk,0.08
94.T0.13-62-j26-1.2.R,62,9,47,26,26.0,Gelenk,0.15
94.T0.13-65-j26-1.2.H,65,22,20,11,11.0,Gelenk,0.55
94.T0.13-66-j26-1.7.R,66,15,38,21,21.0,Gelenk,0.26
94.T0.13-67-j26-1.10.R,67,7,122,67,67.0,Gelenk,0.28
94.T0.13-68-j26-2.24.R,68,13,56,31,31.0,Gelenk,0.36
94.T0.13-69-j26-1.4.R,69,8,17,9,13.0,Solo,0.69
94.T0.17-708-j26-2.1.H,E8,15,11,6,9.0,Solo,0.25
95.T0.13-30-j26-2.19.R,30,22,14,8,11.0,Solo,0.26
95.T0.13-31-j26-1.17.R,31,17,77,42,42.0,Gelenk,0.08
95.T0.13-34-j26-1.5.R,34,8,28,15,15.0,Gelenk,0.75
95.T0.13-35-j26-1.3.H,35,22,29,16,16.0,Gelenk,0.5
95.T0.13-36-j26-7.9.H,36,21,45,25,25.0,Gelenk,0.57
95.T0.13-38-j26-1.5.R,38,6,7,4,6.0,Solo,0.11
95.T0.13-40-j26-1.13.R,40,12,56,31,31.0,Gelenk,0.57
95.T0.13-43-j26-2.5.H,43,24,7,4,6.0,Solo,0.5
95.T0.13-44-j26-2.3.R,44,6,17,9,13.0,Solo,0.52
95.T0.13-45-j26-2.10.R,45,17,136,75,75.0,Gelenk,0.42
95.T0.13-46-j26-1.2.R,46,17,130,72,72.0,Gelenk,0.3
95.T0.13-47-j26-1.1.R,47,24,30,16,16.0,Gelenk,0.25
95.T0.13-51-j26-1.2.H,51,23,6,3,4.0,Solo,0.12
95.T0.13-52-j26-1.1.R,52,16,35,19,27.0,Solo,0.05
95.T0.13-55-j26-1.2.R,55,10,22,12,17.0,Solo,0.38
95.T0.13-56-j26-1.16.R,56,14,15,8,11.0,Solo,0.16
95.T0.13-57-j26-1.7.R,57,9,26,14,20.0,Solo,0.25
95.T0.13-58-j26-1.8.R,58,17,40,22,22.0,Gelenk,0.15
95.T0.13-61-j26-5.13.R,61,7,28,15,15.0,Gelenk,0.06
95.T0.13-62-j26-1.2.R,62,9,41,23,23.0,Gelenk,0.15
95.T0.13-65-j26-1.2.H,65,22,30,16,16.0,Gelenk,0.55
95.T0.13-66-j26-1.8.R,66,15,43,24,24.0,Gelenk,0.23
95.T0.13-67-j26-1.10.R,67,7,44,24,24.0,Gelenk,0.28
95.T0.13-68-j26-2.28.R,68,13,38,21,21.0,Gelenk,0.24
95.T0.13-69-j26-1.4.R,69,8,31,17,24.0,Solo,0.69
95.T0.17-708-j26-2.1.H,E8,15,15,8,11.0,Solo,0.25
96.T0.13-30-j26-2.19.R,30,22,12,7,10.0,Solo,0.26
96.T0.13-31-j26-1.17.R,31,17,116,64,64.0,Gelenk,0.08
96.T0.13-34-j26-1.5.R,34,8,58,32,32.0,Gelenk,0.75
96.T0.13-35-j26-1.3.H,35,22,23,13,13.0,Gelenk,0.5
96.T0.13-36-j26-7.9.H,36,22,42,23,23.0,Gelenk,0.57
96.T0.13-38-j26-1.7.R,38,6,33,18,26.0,Solo,0.19
96.T0.13-40-j26-1.10.R,40,12,33,18,18.0,Gelenk,0.45
96.T0.13-43-j26-2.5.H,43,24,4,2,3.0,Solo,0.5
96.T0.13-44-j26-2.4.R,44,6,17,9,13.0,Solo,0.58
96.T0.13-45-j26-2.10.R,45,17,151,83,83.0,Gelenk,0.42
96.T0.13-46-j26-1.2.R,46,18,62,34,34.0,Gelenk,0.3
96.T0.13-51-j26-1.3.H,51,24,7,4,6.0,Solo,0.09
96.T0.13-52-j26-1.1.R,52,16,32,18,26.0,Solo,0.05
96.T0.13-55-j26-1.2.R,55,11,28,15,21.0,Solo,0.38
96.T0.13-56-j26-1.16.R,56,14,20,11,16.0,Solo,0.16
96.T0.13-57-j26-1.7.R,57,10,23,13,19.0,Solo,0.25
96.T0.13-58-j26-1.8.R,58,17,54,30,30.0,Gelenk,0.15
96.T0.13-61-j26-5.16.R,61,7,40,22,22.0,Gelenk,0.08
96.T0.13-62-j26-1.2.R,62,9,28,15,15.0,Gelenk,0.15
96.T0.13-65-j26-1.2.H,65,22,24,13,13.0,Gelenk,0.55
96.T0.13-66-j26-1.11.R,66,16,34,19,19.0,Gelenk,0.38
96.T0.13-67-j26-1.10.R,67,7,138,76,76.0,Gelenk,0.28
96.T0.13-68-j26-2.24.R,68,13,56,31,31.0,Gelenk,0.36
96.T0.13-69-j26-1.4.R,69,9,23,13,19.0,Solo,0.69
96.T0.17-708-j26-2.1.H,E8,15,16,9,13.0,Solo,0.25
97.T0.13-30-j26-2.19.R,30,23,12,7,10.0,Solo,0.26
97.T0.13-31-j26-1.17.R,31,18,59,32,32.0,Gelenk,0.08
97.T0.13-34-j26-1.5.R,34,8,59,32,32.0,Gelenk,0.75
97.T0.13-35-j26-1.3.H,35,23,19,10,10.0,Gelenk,0.5
97.T0.13-36-j26-7.9.H,36,22,52,29,29.0,Gelenk,0.57
97.T0.13-38-j26-1.5.R,38,6,10,6,9.0,Solo,0.11
97.T0.13-40-j26-1.13.R,40,13,45,25,25.0,Gelenk,0.57
97.T0.13-43-j26-2.6.R,43,4,17,9,13.0,Solo,0.67
97.T0.13-44-j26-2.3.R,44,7,37,20,29.0,Solo,0.52
97.T0.13-45-j26-2.10.R,45,17,121,67,67.0,Gelenk,0.42
97.T0.13-46-j26-1.2.R,46,18,72,40,40.0,Gelenk,0.3
97.T0.13-51-j26-1.1.H,51,24,3,2,3.0,Solo,0.11
97.T0.13-52-j26-1.1.R,52,16,43,24,34.0,Solo,0.05
97.T0.13-53-j26-1.12.R,53,11,11,6,9.0,Solo,0.12
97.T0.13-55-j26-1.2.R,55,11,18,10,14.0,Solo,0.38
97.T0.13-56-j26-1.16.R,56,14,22,12,17.0,Solo,0.16
97.T0.13-57-j26-1.7.R,57,10,33,18,26.0,Solo,0.25
97.T0.13-58-j26-1.10.R,58,18,22,12,12.0,Gelenk,0.0
97.T0.13-61-j26-5.13.R,61,7,22,12,12.0,Gelenk,0.06
97.T0.13-62-j26-1.2.R,62,10,32,18,18.0,Gelenk,0.15
97.T0.13-65-j26-1.2.H,65,23,27,15,15.0,Gelenk,0.55
97.T0.13-66-j26-1.7.R,66,16,15,8,8.0,Gelenk,0.26
97.T0.13-67-j26-1.10.R,67,7,73,40,40.0,Gelenk,0.28
97.T0.13-68-j26-2.28.R,68,13,72,40,40.0,Gelenk,0.24
97.T0.13-69-j26-1.4.R,69,9,29,16,23.0,Solo,0.69
97.T0.17-708-j26-2.1.H,E8,15,10,6,9.0,Solo,0.25
98.T0.13-30-j26-2.19.R,30,24,13,7,10.0,Solo,0.26
98.T0.13-31-j26-1.17.R,31,18,66,36,36.0,Gelenk,0.08
98.T0.13-34-j26-1.5.R,34,8,67,37,37.0,Gelenk,0.75
98.T0.13-35-j26-1.3.H,35,23,22,12,12.0,Gelenk,0.5
98.T0.13-36-j26-7.9.H,36,22,35,19,19.0,Gelenk,0.57
98.T0.13-38-j26-1.7.R,38,6,26,14,20.0,Solo,0.19
98.T0.13-40-j26-1.13.R,40,13,54,30,30.0,Gelenk,0.57
98.T0.13-43-j26-2.6.R,43,5,10,6,9.0,Solo,0.67
98.T0.13-44-j26-2.4.R,44,7,24,13,19.0,Solo,0.58
98.T0.13-45-j26-2.10.R,45,18,64,35,35.0,Gelenk,0.42
98.T0.13-46-j26-1.2.R,46,18,46,25,25.0,Gelenk,0.3
98.T0.13-51-j26-1.7.R,51,4,5,3,4.0,Solo,0.09
98.T0.13-52-j26-1.1.R,52,17,24,13,19.0,Solo,0.05
98.T0.13-53-j26-1.11.R,53,11,29,16,23.0,Solo,0.09
98.T0.13-55-j26-1.2.R,55,11,15,8,11.0,Solo,0.38
98.T0.13-56-j26-1.16.R,56,15,10,6,9.0,Solo,0.16
98.T0.13-57-j26-1.7.R,57,10,16,9,13.0,Solo,0.25
98.T0.13-58-j26-1.10.R,58,18,22,12,12.0,Gelenk,0.0
98.T0.13-61-j26-5.17.R,61,7,24,13,13.0,Gelenk,0.04
98.T0.13-62-j26-1.2.R,62,10,54,30,30.0,Gelenk,0.15
98.T0.13-65-j26-1.2.H,65,23,15,8,8.0,Gelenk,0.55
98.T0.13-66-j26-1.11.R,66,16,34,19,19.0,Gelenk,0.38
98.T0.13-67-j26-1.10.R,67,7,94,52,52.0,Gelenk,0.28
98.T0.13-68-j26-2.24.R,68,13,52,29,29.0,Gelenk,0.36
98.T0.13-69-j26-1.4.R,69,9,20,11,16.0,Solo,0.69
98.T0.17-708-j26-2.1.H,E8,15,13,7,10.0,Solo,0.25
99.T0.13-30-j26-2.20.R,30,24,0,0,0.0,Solo,0.0
99.T0.13-31-j26-1.17.R,31,18,68,37,37.0,Gelenk,0.08
99.T0.13-34-j26-1.5.R,34,8,51,28,28.0,Gelenk,0.75
99.T0.13-35-j26-1.3.H,35,23,11,6,6.0,Gelenk,0.5
99.T0.13-36-j26-7.9.H,36,23,28,15,15.0,Gelenk,0.57
99.T0.13-38-j26-1.5.R,38,6,9,5,7.0,Solo,0.11
99.T0.13-40-j26-1.13.R,40,13,40,22,22.0,Gelenk,0.57
99.T0.13-43-j26-2.6.R,43,5,12,7,10.0,Solo,0.67
99.T0.13-44-j26-2.3.R,44,7,32,18,26.0,Solo,0.52
99.T0.13-45-j26-2.10.R,45,18,79,43,43.0,Gelenk,0.42
99.T0.13-46-j26-1.2.R,46,19,52,29,29.0,Gelenk,0.3
99.T0.13-51-j26-1.7.R,51,4,5,3,4.0,Solo,0.09
99.T0.13-52-j26-1.1.R,52,17,26,14,20.0,Solo,0.05
99.T0.13-53-j26-1.12.R,53,11,10,6,9.0,Solo,0.12
99.T0.13-55-j26-1.2.R,55,12,19,10,14.0,Solo,0.38
99.T0.13-56-j26-1.16.R,56,15,25,14,20.0,Solo,0.16
99.T0.13-57-j26-1.7.R,57,11,18,10,14.0,Solo,0.25
99.T0.13-58-j26-1.10.R,58,18,46,25,25.0,Gelenk,0.0
99.T0.13-62-j26-1.2.R,62,10,46,25,25.0,Gelenk,0.15
99.T0.13-65-j26-1.2.H,65,23,25,14,14.0,Gelenk,0.55
99.T0.13-66-j26-1.8.R,66,16,51,28,28.0,Gelenk,0.23
99.T0.13-67-j26-1.13.R,67,8,140,77,77.0,Gelenk,0.29
99.T0.13-68-j26-2.28.R,68,14,49,27,27.0,Gelenk,0.24
99.T0.13-69-j26-1.4.R,69,10,12,7,10.0,Solo,0.69
99.T0.17-708-j26-2.1.H,E8,15,12,7,10.0,Solo,0.25
