umlauf_id,trip_id,linie,start_min,ende_min
U0001,1.T0.13-21-j26-1.1.H,21,299.0,313.0
U0001,2.T0.13-21-j26-1.1.H,21,319.0,333.0
U0001,3.T0.13-21-j26-1.1.H,21,339.0,353.0
U0001,4.T0.13-21-j26-1.1.H,21,359.0,373.0
U0001,5.T0.13-21-j26-1.1.H,21,379.0,393.0
U0001,6.T0.13-21-j26-1.1.H,21,399.0,413.0
U0002,7.T0.13-21-j26-1.1.H,21,409.0,423.0
U0001,8.T0.13-21-j26-1.1.H,21,419.0,433.0
U0002,9.T0.13-21-j26-1.1.H,21,439.0,453.0
U0001,10.T0.13-21-j26-1.1.H,21,459.0,473.0
U0002,11.T0.13-21-j26-1.1.H,21,479.0,493.0
U0001,12.T0.13-21-j26-1.1.H,21,499.0,513.0
U0002,13.T0.13-21-j26-1.1.H,21,519.0,533.0
U0001,14.T0.13-21-j26-1.1.H,21,539.0,553.0
U0002,15.T0.13-21-j26-1.1.H,21,559.0,573.0
U0001,16.T0.13-21-j26-1.1.H,21,579.0,593.0
U0002,17.T0.13-21-j26-1.1.H,21,599.0,613.0
U0001,18.T0.13-21-j26-1.1.H,21,619.0,633.0
U0002,19.T0.13-21-j26-1.1.H,21,639.0,653.0
U0001,20.T0.13-21-j26-1.1.H,21,659.0,673.0
U0002,21.T0.13-21-j26-1.1.H,21,679.0,693.0
U0001,22.T0.13-21-j26-1.1.H,21,699.0,713.0
U0002,23.T0.13-21-j26-1.1.H,21,719.0,733.0
U0001,24.T0.13-21-j26-1.1.H,21,739.0,753.0
U0002,25.T0.13-21-j26-1.1.H,21,759.0,773.0
U0001,26.T0.13-21-j26-1.1.H,21,779.0,793.0
U0002,27.T0.13-21-j26-1.1.H,21,799.0,813.0
U0001,28.T0.13-21-j26-1.1.H,21,809.0,823.0
U0002,29.T0.13-21-j26-1.1.H,21,819.0,833.0
U0001,30.T0.13-21-j26-1.1.H,21,839.0,853.0
U0002,31.T0.13-21-j26-1.1.H,21,859.0,873.0
U0001,32.T0.13-21-j26-1.1.H,21,879.0,893.0
U0002,33.T0.13-21-j26-1.1.H,21,899.0,913.0
U0001,34.T0.13-21-j26-1.1.H,21,919.0,933.0
U0002,35.T0.13-21-j26-1.1.H,21,939.0,953.0
U0001,36.T0.13-21-j26-1.1.H,21,959.0,973.0
U0002,37.T0.13-21-j26-1.1.H,21,979.0,993.0
U0001,38.T0.13-21-j26-1.1.H,21,999.0,1013.0
U0002,39.T0.13-21-j26-1.1.H,21,1019.0,1033.0
U0001,40.T0.13-21-j26-1.1.H,21,1039.0,1053.0
U0002,41.T0.13-21-j26-1.1.H,21,1059.0,1073.0
U0001,42.T0.13-21-j26-1.1.H,21,1079.0,1093.0
U0002,43.T0.13-21-j26-1.1.H,21,1099.0,1113.0
U0001,44.T0.13-21-j26-1.1.H,21,1119.0,1133.0
U0002,45.T0.13-21-j26-1.1.H,21,1139.0,1153.0
U0001,46.T0.13-21-j26-1.1.H,21,1159.0,1173.0
U0002,47.T0.13-21-j26-1.1.H,21,1179.0,1193.0
U0001,48.T0.13-21-j26-1.1.H,21,1199.0,1213.0
U0002,49.T0.13-21-j26-1.1.H,21,1219.0,1233.0
U0001,50.T0.13-21-j26-1.1.H,21,1239.0,1253.0
U0002,51.T0.13-21-j26-1.1.H,21,1262.0,1276.0
U0001,52.T0.13-21-j26-1.1.H,21,1302.0,1316.0
U0002,53.T0.13-21-j26-1.1.H,21,1342.0,1356.0
U0001,54.T0.13-21-j26-1.1.H,21,1382.0,1396.0
U0002,55.T0.13-21-j26-1.1.H,21,1422.0,1436.0
U0001,56.T0.13-21-j26-1.1.H,21,1462.0,1476.0
U0003,49.T0.13-30-j26-2.16.R,30,280.0,313.0
U0004,50.T0.13-30-j26-2.17.R,30,292.0,343.0
U0005,1.T0.13-30-j26-2.12.H,30,296.0,313.0
U0006,2.T0.13-30-j26-2.13.H,30,298.0,353.0
U0007,3.T0.13-30-j26-2.14.H,30,305.0,333.0
U0008,51.T0.13-30-j26-2.17.R,30,312.0,363.0
U0009,4.T0.13-30-j26-2.13.H,30,318.0,373.0
U0003,52.T0.13-30-j26-2.17.R,30,332.0,383.0
U0005,5.T0.13-30-j26-2.13.H,30,338.0,393.0
U0007,53.T0.13-30-j26-2.17.R,30,352.0,403.0
U0004,6.T0.13-30-j26-2.13.H,30,358.0,413.0
U0006,54.T0.13-30-j26-2.17.R,30,372.0,423.0
U0008,7.T0.13-30-j26-2.13.H,30,378.0,433.0
U0009,55.T0.13-30-j26-2.17.R,30,392.0,443.0
U0003,8.T0.13-30-j26-2.13.H,30,398.0,453.0
U0005,56.T0.13-30-j26-2.17.R,30,412.0,463.0
U0007,9.T0.13-30-j26-2.13.H,30,418.0,473.0
U0004,57.T0.13-30-j26-2.17.R,30,432.0,483.0
U0006,10.T0.13-30-j26-2.13.H,30,438.0,493.0
U0008,58.T0.13-30-j26-2.17.R,30,452.0,503.0
U0009,11.T0.13-30-j26-2.13.H,30,458.0,513.0
U0003,59.T0.13-30-j26-2.17.R,30,472.0,523.0
U0005,12.T0.13-30-j26-2.13.H,30,478.0,533.0
U0007,60.T0.13-30-j26-2.17.R,30,492.0,543.0
U0004,13.T0.13-30-j26-2.13.H,30,498.0,553.0
U0006,61.T0.13-30-j26-2.17.R,30,512.0,563.0
U0008,14.T0.13-30-j26-2.13.H,30,518.0,573.0
U0009,62.T0.13-30-j26-2.18.R,30,532.0,549.0
U0003,15.T0.13-30-j26-2.13.H,30,538.0,593.0
U0005,63.T0.13-30-j26-2.17.R,30,552.0,602.0
U0007,64.T0.13-30-j26-2.18.R,30,572.0,589.0
U0009,16.T0.13-30-j26-2.13.H,30,579.0,630.0
U0004,65.T0.13-30-j26-2.17.R,30,592.0,642.0
U0006,66.T0.13-30-j26-2.18.R,30,612.0,629.0
U0008,17.T0.13-30-j26-2.13.H,30,619.0,670.0
U0007,67.T0.13-30-j26-2.17.R,30,633.0,682.0
U0003,18.T0.13-30-j26-2.13.H,30,659.0,710.0
U0005,68.T0.13-30-j26-2.17.R,30,673.0,722.0
U0006,19.T0.13-30-j26-2.13.H,30,699.0,750.0
U0009,69.T0.13-30-j26-2.17.R,30,713.0,762.0
U0004,20.T0.13-30-j26-2.13.H,30,738.0,793.0
U0008,70.T0.13-30-j26-2.17.R,30,753.0,802.0
U0007,21.T0.13-30-j26-2.12.H,30,756.0,773.0
U0003,22.T0.13-30-j26-2.13.H,30,778.0,833.0
U0005,71.T0.13-30-j26-2.17.R,30,793.0,842.0
U0006,23.T0.13-30-j26-2.12.H,30,796.0,813.0
U0009,24.T0.13-30-j26-2.13.H,30,798.0,853.0
U0007,72.T0.13-30-j26-2.17.R,30,812.0,863.0
U0004,25.T0.13-30-j26-2.13.H,30,818.0,873.0
U0008,73.T0.13-30-j26-2.17.R,30,832.0,883.0
U0006,26.T0.13-30-j26-2.13.H,30,838.0,893.0
U0003,74.T0.13-30-j26-2.17.R,30,852.0,903.0
U0005,27.T0.13-30-j26-2.13.H,30,858.0,913.0
U0009,75.T0.13-30-j26-2.17.R,30,872.0,923.0
U0007,28.T0.13-30-j26-2.13.H,30,878.0,933.0
U0004,76.T0.13-30-j26-2.17.R,30,892.0,943.0
U0008,29.T0.13-30-j26-2.13.H,30,898.0,953.0
U0006,77.T0.13-30-j26-2.17.R,30,912.0,963.0
U0003,30.T0.13-30-j26-2.13.H,30,918.0,973.0
U0005,78.T0.13-30-j26-2.17.R,30,932.0,983.0
U0009,31.T0.13-30-j26-2.13.H,30,938.0,993.0
U0007,79.T0.13-30-j26-2.17.R,30,952.0,1003.0
U0004,32.T0.13-30-j26-2.13.H,30,958.0,1013.0
U0008,80.T0.13-30-j26-2.17.R,30,972.0,1023.0
U0006,33.T0.13-30-j26-2.13.H,30,978.0,1033.0
U0003,81.T0.13-30-j26-2.17.R,30,992.0,1043.0
U0005,34.T0.13-30-j26-2.13.H,30,998.0,1053.0
U0009,82.T0.13-30-j26-2.17.R,30,1012.0,1063.0
U0007,35.T0.13-30-j26-2.13.H,30,1018.0,1073.0
U0004,83.T0.13-30-j26-2.17.R,30,1032.0,1083.0
U0008,36.T0.13-30-j26-2.13.H,30,1038.0,1093.0
U0006,84.T0.13-30-j26-2.17.R,30,1052.0,1103.0
U0003,37.T0.13-30-j26-2.13.H,30,1058.0,1113.0
U0005,85.T0.13-30-j26-2.17.R,30,1072.0,1123.0
U0009,38.T0.13-30-j26-2.13.H,30,1078.0,1133.0
U0007,86.T0.13-30-j26-2.17.R,30,1092.0,1143.0
U0004,39.T0.13-30-j26-2.13.H,30,1098.0,1153.0
U0008,87.T0.13-30-j26-2.17.R,30,1112.0,1163.0
U0006,40.T0.13-30-j26-2.15.H,30,1118.0,1173.0
U0003,88.T0.13-30-j26-2.17.R,30,1133.0,1182.0
U0005,41.T0.13-30-j26-2.15.H,30,1139.0,1190.0
U0009,89.T0.13-30-j26-2.17.R,30,1153.0,1202.0
U0007,90.T0.13-30-j26-2.17.R,30,1173.0,1222.0
U0004,42.T0.13-30-j26-2.15.H,30,1179.0,1230.0
U0008,91.T0.13-30-j26-2.17.R,30,1193.0,1242.0
U0006,92.T0.13-30-j26-2.19.R,30,1216.0,1260.0
U0003,43.T0.13-30-j26-2.15.H,30,1227.0,1270.0
U0005,93.T0.13-30-j26-2.19.R,30,1256.0,1300.0
U0009,44.T0.13-30-j26-2.15.H,30,1267.0,1310.0
U0007,94.T0.13-30-j26-2.19.R,30,1296.0,1340.0
U0004,45.T0.13-30-j26-2.15.H,30,1307.0,1350.0
U0008,95.T0.13-30-j26-2.19.R,30,1336.0,1380.0
U0006,46.T0.13-30-j26-2.15.H,30,1347.0,1390.0
U0003,96.T0.13-30-j26-2.19.R,30,1376.0,1420.0
U0005,47.T0.13-30-j26-2.15.H,30,1387.0,1430.0
U0009,97.T0.13-30-j26-2.19.R,30,1416.0,1460.0
U0007,48.T0.13-30-j26-2.15.H,30,1427.0,1470.0
U0004,98.T0.13-30-j26-2.19.R,30,1456.0,1500.0
U0008,99.T0.13-30-j26-2.20.R,30,1496.0,1510.0
U0010,1.T0.13-31-j26-1.1.H,31,286.0,288.0
U0011,61.T0.13-31-j26-1.5.R,31,288.0,328.0
U0010,2.T0.13-31-j26-1.6.H,31,300.0,326.0
U0012,3.T0.13-31-j26-1.7.H,31,313.0,366.0
U0013,4.T0.13-31-j26-1.1.H,31,326.0,328.0
U0014,62.T0.13-31-j26-1.5.R,31,328.0,368.0
U0015,63.T0.13-31-j26-1.17.R,31,329.0,388.0
U0010,5.T0.13-31-j26-1.7.H,31,333.0,386.0
U0011,6.T0.13-31-j26-1.7.H,31,353.0,406.0
U0013,64.T0.13-31-j26-1.22.R,31,362.0,408.0
U0016,65.T0.13-31-j26-1.17.R,31,369.0,428.0
U0012,7.T0.13-31-j26-1.7.H,31,373.0,426.0
U0014,66.T0.13-31-j26-1.17.R,31,389.0,448.0
U0010,8.T0.13-31-j26-1.7.H,31,393.0,446.0
U0015,67.T0.13-31-j26-1.17.R,31,409.0,468.0
U0011,68.T0.13-31-j26-1.25.R,31,412.0,430.0
U0017,9.T0.13-31-j26-1.7.H,31,413.0,466.0
U0013,10.T0.13-31-j26-1.8.H,31,428.0,433.0
U0018,69.T0.13-31-j26-1.17.R,31,429.0,488.0
U0012,11.T0.13-31-j26-1.7.H,31,433.0,486.0
U0016,12.T0.13-31-j26-1.8.H,31,438.0,443.0
U0011,13.T0.13-31-j26-1.8.H,31,448.0,453.0
U0013,70.T0.13-31-j26-1.17.R,31,449.0,508.0
U0016,14.T0.13-31-j26-1.7.H,31,453.0,506.0
U0010,15.T0.13-31-j26-1.8.H,31,458.0,463.0
U0014,16.T0.13-31-j26-1.8.H,31,468.0,473.0
U0011,71.T0.13-31-j26-1.17.R,31,469.0,528.0
U0010,17.T0.13-31-j26-1.9.H,31,473.0,499.0
U0017,18.T0.13-31-j26-1.8.H,31,478.0,483.0
U0015,19.T0.13-31-j26-1.8.H,31,488.0,493.0
U0014,72.T0.13-31-j26-1.17.R,31,489.0,548.0
U0017,20.T0.13-31-j26-1.10.H,31,493.0,539.0
U0012,21.T0.13-31-j26-1.8.H,31,498.0,503.0
U0018,22.T0.13-31-j26-1.8.H,31,508.0,513.0
U0015,23.T0.13-31-j26-1.9.H,31,513.0,539.0
U0010,24.T0.13-31-j26-1.8.H,31,518.0,523.0
U0012,73.T0.13-31-j26-1.17.R,31,521.0,577.0
U0016,25.T0.13-31-j26-1.8.H,31,528.0,533.0
U0013,26.T0.13-31-j26-1.3.H,31,533.0,573.0
U0018,27.T0.13-31-j26-1.3.H,31,564.0,607.0
U0010,74.T0.13-31-j26-1.5.R,31,578.0,617.0
U0011,28.T0.13-31-j26-1.3.H,31,604.0,647.0
U0016,75.T0.13-31-j26-1.5.R,31,618.0,657.0
U0015,29.T0.13-31-j26-1.3.H,31,644.0,687.0
U0017,76.T0.13-31-j26-1.5.R,31,658.0,697.0
U0014,30.T0.13-31-j26-1.7.H,31,684.0,740.0
U0013,77.T0.13-31-j26-1.5.R,31,698.0,737.0
U0012,78.T0.13-31-j26-1.17.R,31,721.0,777.0
U0018,31.T0.13-31-j26-1.7.H,31,724.0,780.0
U0010,79.T0.13-31-j26-1.17.R,31,761.0,817.0
U0011,32.T0.13-31-j26-1.7.H,31,764.0,820.0
U0016,33.T0.13-31-j26-1.6.H,31,769.0,795.0
U0015,80.T0.13-31-j26-1.17.R,31,791.0,847.0
U0017,34.T0.13-31-j26-1.7.H,31,793.0,846.0
U0013,81.T0.13-31-j26-1.26.R,31,795.0,796.0
U0014,35.T0.13-31-j26-1.6.H,31,810.0,836.0
U0012,36.T0.13-31-j26-1.7.H,31,813.0,866.0
U0018,82.T0.13-31-j26-1.17.R,31,829.0,888.0
U0016,37.T0.13-31-j26-1.7.H,31,833.0,886.0
U0013,83.T0.13-31-j26-1.26.R,31,836.0,837.0
U0010,84.T0.13-31-j26-1.27.R,31,841.0,868.0
U0011,85.T0.13-31-j26-1.17.R,31,849.0,908.0
U0014,38.T0.13-31-j26-1.7.H,31,853.0,906.0
U0013,86.T0.13-31-j26-1.17.R,31,869.0,928.0
U0017,39.T0.13-31-j26-1.7.H,31,873.0,926.0
U0015,87.T0.13-31-j26-1.17.R,31,889.0,948.0
U0012,40.T0.13-31-j26-1.7.H,31,893.0,946.0
U0010,88.T0.13-31-j26-1.17.R,31,909.0,968.0
U0016,41.T0.13-31-j26-1.7.H,31,913.0,966.0
U0018,89.T0.13-31-j26-1.17.R,31,929.0,988.0
U0014,42.T0.13-31-j26-1.7.H,31,933.0,986.0
U0011,90.T0.13-31-j26-1.17.R,31,949.0,1008.0
U0017,43.T0.13-31-j26-1.7.H,31,953.0,1006.0
U0013,91.T0.13-31-j26-1.17.R,31,969.0,1028.0
U0012,44.T0.13-31-j26-1.7.H,31,973.0,1026.0
U0015,92.T0.13-31-j26-1.17.R,31,989.0,1048.0
U0016,45.T0.13-31-j26-1.7.H,31,993.0,1046.0
U0010,93.T0.13-31-j26-1.17.R,31,1009.0,1068.0
U0014,46.T0.13-31-j26-1.7.H,31,1013.0,1066.0
U0018,94.T0.13-31-j26-1.17.R,31,1029.0,1088.0
U0017,47.T0.13-31-j26-1.7.H,31,1033.0,1086.0
U0011,95.T0.13-31-j26-1.17.R,31,1049.0,1108.0
U0012,48.T0.13-31-j26-1.7.H,31,1053.0,1106.0
U0013,96.T0.13-31-j26-1.17.R,31,1069.0,1128.0
U0016,49.T0.13-31-j26-1.7.H,31,1073.0,1126.0
U0015,97.T0.13-31-j26-1.17.R,31,1089.0,1148.0
U0014,50.T0.13-31-j26-1.7.H,31,1093.0,1146.0
U0010,98.T0.13-31-j26-1.17.R,31,1111.0,1167.0
U0017,51.T0.13-31-j26-1.3.H,31,1114.0,1157.0
U0018,99.T0.13-31-j26-1.17.R,31,1131.0,1187.0
U0012,52.T0.13-31-j26-1.3.H,31,1134.0,1177.0
U0011,100.T0.13-31-j26-1.17.R,31,1151.0,1207.0
U0016,53.T0.13-31-j26-1.3.H,31,1164.0,1207.0
U0013,101.T0.13-31-j26-1.4.R,31,1200.0,1208.0
U0014,54.T0.13-31-j26-1.9.H,31,1204.0,1230.0
U0015,102.T0.13-31-j26-1.4.R,31,1232.0,1240.0
U0017,55.T0.13-31-j26-1.2.H,31,1246.0,1257.0
U0010,103.T0.13-31-j26-1.4.R,31,1272.0,1280.0
U0012,56.T0.13-31-j26-1.2.H,31,1286.0,1297.0
U0018,104.T0.13-31-j26-1.4.R,31,1312.0,1320.0
U0011,57.T0.13-31-j26-1.2.H,31,1326.0,1337.0
U0016,105.T0.13-31-j26-1.4.R,31,1352.0,1360.0
U0013,58.T0.13-31-j26-1.2.H,31,1366.0,1377.0
U0014,106.T0.13-31-j26-1.4.R,31,1392.0,1400.0
U0015,59.T0.13-31-j26-1.2.H,31,1406.0,1417.0
U0017,107.T0.13-31-j26-1.4.R,31,1432.0,1440.0
U0010,60.T0.13-31-j26-1.2.H,31,1446.0,1457.0
U0012,108.T0.13-31-j26-1.4.R,31,1472.0,1480.0
U0019,1.T0.13-32-j26-2.1.H,32,309.0,316.0
U0020,40.T0.13-32-j26-2.3.R,32,316.0,324.0
U0019,2.T0.13-32-j26-2.1.H,32,329.0,336.0
U0020,41.T0.13-32-j26-2.3.R,32,336.0,344.0
U0019,3.T0.13-32-j26-2.1.H,32,345.0,352.0
U0020,42.T0.13-32-j26-2.3.R,32,359.0,367.0
U0019,4.T0.13-32-j26-2.1.H,32,369.0,376.0
U0020,43.T0.13-32-j26-2.3.R,32,376.0,384.0
U0019,5.T0.13-32-j26-2.1.H,32,389.0,396.0
U0020,44.T0.13-32-j26-2.3.R,32,396.0,404.0
U0019,6.T0.13-32-j26-2.1.H,32,409.0,416.0
U0020,45.T0.13-32-j26-2.3.R,32,416.0,424.0
U0019,7.T0.13-32-j26-2.1.H,32,429.0,436.0
U0020,46.T0.13-32-j26-2.3.R,32,436.0,444.0
U0019,8.T0.13-32-j26-2.1.H,32,449.0,456.0
U0020,47.T0.13-32-j26-2.3.R,32,456.0,464.0
U0019,9.T0.13-32-j26-2.2.H,32,469.0,472.0
U0021,10.T0.13-32-j26-2.1.H,32,469.0,476.0
U0020,48.T0.13-32-j26-2.3.R,32,476.0,484.0
U0019,11.T0.13-32-j26-2.2.H,32,479.0,482.0
U0021,12.T0.13-32-j26-2.2.H,32,485.0,488.0
U0019,13.T0.13-32-j26-2.1.H,32,489.0,496.0
U0020,49.T0.13-32-j26-2.3.R,32,496.0,504.0
U0021,14.T0.13-32-j26-2.1.H,32,509.0,516.0
U0019,50.T0.13-32-j26-2.3.R,32,516.0,524.0
U0020,15.T0.13-32-j26-2.1.H,32,529.0,536.0
U0021,51.T0.13-32-j26-2.3.R,32,536.0,544.0
U0019,52.T0.13-32-j26-2.4.R,32,705.0,709.0
U0020,16.T0.13-32-j26-2.1.H,32,729.0,736.0
U0021,53.T0.13-32-j26-2.3.R,32,736.0,744.0
U0019,17.T0.13-32-j26-2.1.H,32,749.0,756.0
U0020,54.T0.13-32-j26-2.3.R,32,756.0,764.0
U0021,18.T0.13-32-j26-2.1.H,32,769.0,776.0
U0019,55.T0.13-32-j26-2.3.R,32,776.0,784.0
U0020,19.T0.13-32-j26-2.1.H,32,789.0,796.0
U0021,56.T0.13-32-j26-2.3.R,32,796.0,804.0
U0019,57.T0.13-32-j26-2.4.R,32,805.0,809.0
U0020,20.T0.13-32-j26-2.1.H,32,809.0,816.0
U0021,58.T0.13-32-j26-2.3.R,32,816.0,824.0
U0019,21.T0.13-32-j26-2.1.H,32,825.0,832.0
U0020,59.T0.13-32-j26-2.3.R,32,839.0,847.0
U0021,22.T0.13-32-j26-2.1.H,32,849.0,856.0
U0019,60.T0.13-32-j26-2.3.R,32,856.0,864.0
U0020,23.T0.13-32-j26-2.1.H,32,869.0,876.0
U0021,61.T0.13-32-j26-2.3.R,32,876.0,884.0
U0019,24.T0.13-32-j26-2.1.H,32,889.0,896.0
U0020,62.T0.13-32-j26-2.3.R,32,896.0,904.0
U0021,25.T0.13-32-j26-2.1.H,32,909.0,916.0
U0019,63.T0.13-32-j26-2.3.R,32,916.0,924.0
U0020,26.T0.13-32-j26-2.1.H,32,929.0,936.0
U0021,64.T0.13-32-j26-2.3.R,32,936.0,944.0
U0019,27.T0.13-32-j26-2.1.H,32,949.0,956.0
U0020,65.T0.13-32-j26-2.3.R,32,956.0,964.0
U0021,28.T0.13-32-j26-2.1.H,32,969.0,976.0
U0019,66.T0.13-32-j26-2.3.R,32,976.0,984.0
U0020,29.T0.13-32-j26-2.1.H,32,989.0,996.0
U0021,67.T0.13-32-j26-2.3.R,32,996.0,1004.0
U0019,30.T0.13-32-j26-2.1.H,32,1009.0,1016.0
U0020,68.T0.13-32-j26-2.3.R,32,1016.0,1024.0
U0021,31.T0.13-32-j26-2.1.H,32,1029.0,1036.0
U0019,69.T0.13-32-j26-2.3.R,32,1036.0,1044.0
U0020,32.T0.13-32-j26-2.1.H,32,1049.0,1056.0
U0021,70.T0.13-32-j26-2.3.R,32,1056.0,1064.0
U0019,33.T0.13-32-j26-2.1.H,32,1069.0,1076.0
U0020,71.T0.13-32-j26-2.3.R,32,1076.0,1084.0
U0021,34.T0.13-32-j26-2.1.H,32,1089.0,1096.0
U0019,72.T0.13-32-j26-2.3.R,32,1096.0,1104.0
U0020,35.T0.13-32-j26-2.1.H,32,1209.0,1216.0
U0021,73.T0.13-32-j26-2.3.R,32,1216.0,1224.0
U0019,36.T0.13-32-j26-2.1.H,32,1229.0,1236.0
U0020,74.T0.13-32-j26-2.3.R,32,1236.0,1244.0
U0021,37.T0.13-32-j26-2.1.H,32,1291.0,1298.0
U0019,75.T0.13-32-j26-2.3.R,32,1298.0,1306.0
U0020,38.T0.13-32-j26-2.1.H,32,1311.0,1318.0
U0021,76.T0.13-32-j26-2.3.R,32,1319.0,1327.0
U0019,39.T0.13-32-j26-2.1.H,32,1331.0,1338.0
U0020,77.T0.13-32-j26-2.3.R,32,1338.0,1346.0
U0022,1.T0.13-34-j26-1.1.H,34,304.0,317.0
U0023,2.T0.13-34-j26-1.1.H,34,314.0,327.0
U0024,78.T0.13-34-j26-1.5.R,34,318.0,330.0
U0022,3.T0.13-34-j26-1.1.H,34,324.0,337.0
U0025,79.T0.13-34-j26-1.5.R,34,328.0,340.0
U0023,4.T0.13-34-j26-1.1.H,34,334.0,349.0
U0024,80.T0.13-34-j26-1.5.R,34,338.0,350.0
U0022,5.T0.13-34-j26-1.1.H,34,344.0,359.0
U0025,81.T0.13-34-j26-1.5.R,34,348.0,360.0
U0026,6.T0.13-34-j26-1.1.H,34,354.0,369.0
U0023,82.T0.13-34-j26-1.5.R,34,358.0,370.0
U0024,7.T0.13-34-j26-1.1.H,34,364.0,379.0
U0022,83.T0.13-34-j26-1.5.R,34,368.0,380.0
U0025,8.T0.13-34-j26-1.1.H,34,374.0,389.0
U0026,84.T0.13-34-j26-1.5.R,34,378.0,390.0
U0023,9.T0.13-34-j26-1.1.H,34,384.0,399.0
U0024,85.T0.13-34-j26-1.5.R,34,388.0,400.0
U0022,10.T0.13-34-j26-1.1.H,34,394.0,409.0
U0025,86.T0.13-34-j26-1.5.R,34,398.0,410.0
U0026,11.T0.13-34-j26-1.1.H,34,404.0,419.0
U0023,87.T0.13-34-j26-1.5.R,34,408.0,420.0
U0024,12.T0.13-34-j26-1.1.H,34,414.0,429.0
U0022,88.T0.13-34-j26-1.5.R,34,418.0,430.0
U0025,13.T0.13-34-j26-1.1.H,34,424.0,439.0
U0026,89.T0.13-34-j26-1.5.R,34,428.0,440.0
U0023,14.T0.13-34-j26-1.1.H,34,434.0,449.0
U0024,90.T0.13-34-j26-1.5.R,34,438.0,450.0
U0022,15.T0.13-34-j26-1.1.H,34,444.0,459.0
U0025,91.T0.13-34-j26-1.5.R,34,448.0,460.0
U0026,16.T0.13-34-j26-1.1.H,34,454.0,469.0
U0023,92.T0.13-34-j26-1.5.R,34,458.0,470.0
U0024,17.T0.13-34-j26-1.1.H,34,464.0,479.0
U0022,93.T0.13-34-j26-1.5.R,34,468.0,480.0
U0025,18.T0.13-34-j26-1.1.H,34,474.0,489.0
U0026,94.T0.13-34-j26-1.5.R,34,478.0,490.0
U0023,19.T0.13-34-j26-1.1.H,34,484.0,499.0
U0024,95.T0.13-34-j26-1.5.R,34,488.0,500.0
U0022,20.T0.13-34-j26-1.1.H,34,494.0,509.0
U0025,96.T0.13-34-j26-1.5.R,34,498.0,510.0
U0026,21.T0.13-34-j26-1.1.H,34,504.0,519.0
U0023,97.T0.13-34-j26-1.5.R,34,508.0,520.0
U0024,98.T0.13-34-j26-1.5.R,34,518.0,530.0
U0022,22.T0.13-34-j26-1.1.H,34,524.0,539.0
U0025,99.T0.13-34-j26-1.5.R,34,528.0,540.0
U0026,23.T0.13-34-j26-1.1.H,34,544.0,559.0
U0023,100.T0.13-34-j26-1.5.R,34,548.0,560.0
U0024,24.T0.13-34-j26-1.1.H,34,564.0,579.0
U0022,101.T0.13-34-j26-1.5.R,34,568.0,580.0
U0025,25.T0.13-34-j26-1.1.H,34,584.0,599.0
U0026,102.T0.13-34-j26-1.5.R,34,588.0,600.0
U0023,26.T0.13-34-j26-1.1.H,34,604.0,619.0
U0024,103.T0.13-34-j26-1.5.R,34,608.0,620.0
U0022,27.T0.13-34-j26-1.1.H,34,624.0,639.0
U0025,104.T0.13-34-j26-1.5.R,34,628.0,640.0
U0026,28.T0.13-34-j26-1.1.H,34,644.0,659.0
U0023,105.T0.13-34-j26-1.5.R,34,648.0,660.0
U0024,29.T0.13-34-j26-1.1.H,34,664.0,679.0
U0022,106.T0.13-34-j26-1.5.R,34,668.0,680.0
U0025,30.T0.13-34-j26-1.1.H,34,684.0,699.0
U0026,107.T0.13-34-j26-1.5.R,34,688.0,700.0
U0023,31.T0.13-34-j26-1.1.H,34,704.0,719.0
U0024,108.T0.13-34-j26-1.5.R,34,708.0,720.0
U0022,32.T0.13-34-j26-1.1.H,34,724.0,739.0
U0025,109.T0.13-34-j26-1.5.R,34,728.0,740.0
U0026,33.T0.13-34-j26-1.1.H,34,744.0,759.0
U0023,110.T0.13-34-j26-1.5.R,34,748.0,760.0
U0024,34.T0.13-34-j26-1.1.H,34,764.0,779.0
U0022,111.T0.13-34-j26-1.5.R,34,768.0,780.0
U0025,35.T0.13-34-j26-1.1.H,34,784.0,799.0
U0026,112.T0.13-34-j26-1.5.R,34,788.0,800.0
U0023,36.T0.13-34-j26-1.1.H,34,804.0,819.0
U0024,113.T0.13-34-j26-1.5.R,34,808.0,820.0
U0022,37.T0.13-34-j26-1.1.H,34,824.0,839.0
U0025,114.T0.13-34-j26-1.5.R,34,828.0,840.0
U0026,38.T0.13-34-j26-1.1.H,34,844.0,859.0
U0023,115.T0.13-34-j26-1.5.R,34,848.0,860.0
U0024,39.T0.13-34-j26-1.1.H,34,864.0,879.0
U0022,116.T0.13-34-j26-1.5.R,34,868.0,880.0
U0025,40.T0.13-34-j26-1.1.H,34,884.0,899.0
U0026,117.T0.13-34-j26-1.5.R,34,888.0,900.0
U0023,41.T0.13-34-j26-1.1.H,34,904.0,919.0
U0024,118.T0.13-34-j26-1.5.R,34,908.0,920.0
U0022,42.T0.13-34-j26-1.1.H,34,914.0,929.0
U0025,43.T0.13-34-j26-1.1.H,34,924.0,939.0
U0026,119.T0.13-34-j26-1.5.R,34,928.0,940.0
U0023,44.T0.13-34-j26-1.1.H,34,934.0,949.0
U0024,120.T0.13-34-j26-1.5.R,34,938.0,950.0
U0022,45.T0.13-34-j26-1.1.H,34,944.0,959.0
U0025,121.T0.13-34-j26-1.5.R,34,948.0,960.0
U0026,46.T0.13-34-j26-1.1.H,34,954.0,969.0
U0023,122.T0.13-34-j26-1.5.R,34,958.0,970.0
U0024,47.T0.13-34-j26-1.1.H,34,964.0,979.0
U0022,123.T0.13-34-j26-1.5.R,34,968.0,980.0
U0025,48.T0.13-34-j26-1.1.H,34,974.0,989.0
U0026,124.T0.13-34-j26-1.5.R,34,978.0,990.0
U0023,49.T0.13-34-j26-1.1.H,34,984.0,999.0
U0024,125.T0.13-34-j26-1.5.R,34,988.0,1000.0
U0022,50.T0.13-34-j26-1.1.H,34,994.0,1009.0
U0025,126.T0.13-34-j26-1.5.R,34,998.0,1010.0
U0026,51.T0.13-34-j26-1.1.H,34,1004.0,1019.0
U0023,127.T0.13-34-j26-1.5.R,34,1008.0,1020.0
U0024,52.T0.13-34-j26-1.1.H,34,1014.0,1029.0
U0022,128.T0.13-34-j26-1.5.R,34,1018.0,1030.0
U0025,53.T0.13-34-j26-1.1.H,34,1024.0,1039.0
U0026,129.T0.13-34-j26-1.5.R,34,1028.0,1040.0
U0023,54.T0.13-34-j26-1.1.H,34,1034.0,1049.0
U0024,130.T0.13-34-j26-1.5.R,34,1038.0,1050.0
U0022,55.T0.13-34-j26-1.1.H,34,1044.0,1059.0
U0025,131.T0.13-34-j26-1.5.R,34,1048.0,1060.0
U0026,56.T0.13-34-j26-1.1.H,34,1054.0,1069.0
U0023,132.T0.13-34-j26-1.5.R,34,1058.0,1070.0
U0024,57.T0.13-34-j26-1.1.H,34,1064.0,1079.0
U0022,133.T0.13-34-j26-1.5.R,34,1068.0,1080.0
U0025,58.T0.13-34-j26-1.1.H,34,1074.0,1089.0
U0026,134.T0.13-34-j26-1.5.R,34,1078.0,1090.0
U0023,59.T0.13-34-j26-1.1.H,34,1084.0,1099.0
U0024,135.T0.13-34-j26-1.5.R,34,1088.0,1100.0
U0022,60.T0.13-34-j26-1.1.H,34,1094.0,1109.0
U0025,136.T0.13-34-j26-1.5.R,34,1098.0,1110.0
U0026,61.T0.13-34-j26-1.1.H,34,1104.0,1119.0
U0023,137.T0.13-34-j26-1.5.R,34,1108.0,1120.0
U0024,138.T0.13-34-j26-1.5.R,34,1118.0,1130.0
U0022,62.T0.13-34-j26-1.1.H,34,1124.0,1139.0
U0025,139.T0.13-34-j26-1.5.R,34,1128.0,1140.0
U0026,63.T0.13-34-j26-1.1.H,34,1144.0,1159.0
U0023,140.T0.13-34-j26-1.5.R,34,1148.0,1160.0
U0024,64.T0.13-34-j26-1.1.H,34,1164.0,1179.0
U0022,141.T0.13-34-j26-1.5.R,34,1168.0,1180.0
U0025,65.T0.13-34-j26-1.1.H,34,1184.0,1199.0
U0026,142.T0.13-34-j26-1.5.R,34,1188.0,1200.0
U0023,66.T0.13-34-j26-1.1.H,34,1201.0,1214.0
U0024,143.T0.13-34-j26-1.5.R,34,1215.0,1225.0
U0022,67.T0.13-34-j26-1.1.H,34,1221.0,1234.0
U0025,144.T0.13-34-j26-1.5.R,34,1235.0,1245.0
U0026,68.T0.13-34-j26-1.1.H,34,1241.0,1254.0
U0023,145.T0.13-34-j26-1.5.R,34,1255.0,1265.0
U0024,69.T0.13-34-j26-1.1.H,34,1261.0,1274.0
U0022,146.T0.13-34-j26-1.5.R,34,1275.0,1285.0
U0025,70.T0.13-34-j26-1.1.H,34,1281.0,1294.0
U0026,147.T0.13-34-j26-1.5.R,34,1295.0,1305.0
U0023,71.T0.13-34-j26-1.1.H,34,1301.0,1314.0
U0024,148.T0.13-34-j26-1.5.R,34,1315.0,1325.0
U0022,72.T0.13-34-j26-1.1.H,34,1321.0,1334.0
U0025,149.T0.13-34-j26-1.5.R,34,1335.0,1345.0
U0026,73.T0.13-34-j26-1.1.H,34,1341.0,1354.0
U0023,150.T0.13-34-j26-1.5.R,34,1355.0,1365.0
U0024,74.T0.13-34-j26-1.1.H,34,1361.0,1374.0
U0022,151.T0.13-34-j26-1.5.R,34,1375.0,1385.0
U0025,75.T0.13-34-j26-1.1.H,34,1381.0,1394.0
U0026,152.T0.13-34-j26-1.5.R,34,1395.0,1405.0
U0023,76.T0.13-34-j26-1.1.H,34,1401.0,1414.0
U0024,153.T0.13-34-j26-1.5.R,34,1415.0,1425.0
U0022,77.T0.13-34-j26-1.1.H,34,1421.0,1434.0
U0025,154.T0.13-34-j26-1.5.R,34,1435.0,1445.0
U0027,1.T0.13-35-j26-1.1.H,35,272.0,293.0
U0028,2.T0.13-35-j26-1.2.H,35,282.0,310.0
U0029,3.T0.13-35-j26-1.3.H,35,291.0,329.0
U0030,100.T0.13-35-j26-1.4.R,35,291.0,324.0
U0027,4.T0.13-35-j26-1.3.H,35,301.0,339.0
U0031,5.T0.13-35-j26-1.3.H,35,311.0,349.0
U0032,101.T0.13-35-j26-1.4.R,35,311.0,344.0
U0028,6.T0.13-35-j26-1.3.H,35,321.0,359.0
U0030,7.T0.13-35-j26-1.3.H,35,331.0,369.0
U0033,102.T0.13-35-j26-1.4.R,35,331.0,364.0
U0029,8.T0.13-35-j26-1.3.H,35,341.0,379.0
U0027,9.T0.13-35-j26-1.3.H,35,351.0,389.0
U0032,103.T0.13-35-j26-1.4.R,35,351.0,384.0
U0031,10.T0.13-35-j26-1.3.H,35,361.0,399.0
U0034,104.T0.13-35-j26-1.4.R,35,361.0,401.0
U0028,105.T0.13-35-j26-1.4.R,35,371.0,411.0
U0033,11.T0.13-35-j26-1.3.H,35,371.0,409.0
U0030,106.T0.13-35-j26-1.4.R,35,381.0,421.0
U0035,12.T0.13-35-j26-1.3.H,35,381.0,419.0
U0029,107.T0.13-35-j26-1.4.R,35,391.0,431.0
U0032,13.T0.13-35-j26-1.3.H,35,391.0,429.0
U0027,108.T0.13-35-j26-1.4.R,35,401.0,441.0
U0036,14.T0.13-35-j26-1.3.H,35,401.0,439.0
U0031,109.T0.13-35-j26-1.4.R,35,411.0,451.0
U0034,15.T0.13-35-j26-1.3.H,35,411.0,449.0
U0033,110.T0.13-35-j26-1.4.R,35,421.0,461.0
U0028,16.T0.13-35-j26-1.3.H,35,421.0,459.0
U0035,111.T0.13-35-j26-1.4.R,35,431.0,471.0
U0030,17.T0.13-35-j26-1.3.H,35,431.0,469.0
U0032,18.T0.13-35-j26-1.3.H,35,441.0,479.0
U0029,112.T0.13-35-j26-1.4.R,35,441.0,481.0
U0036,19.T0.13-35-j26-1.3.H,35,451.0,489.0
U0027,113.T0.13-35-j26-1.4.R,35,451.0,491.0
U0034,20.T0.13-35-j26-1.3.H,35,461.0,499.0
U0031,114.T0.13-35-j26-1.4.R,35,461.0,501.0
U0028,115.T0.13-35-j26-1.4.R,35,471.0,511.0
U0033,21.T0.13-35-j26-1.3.H,35,471.0,509.0
U0030,22.T0.13-35-j26-1.3.H,35,481.0,519.0
U0035,116.T0.13-35-j26-1.4.R,35,481.0,521.0
U0032,23.T0.13-35-j26-1.3.H,35,491.0,529.0
U0029,117.T0.13-35-j26-1.4.R,35,491.0,531.0
U0036,24.T0.13-35-j26-1.3.H,35,501.0,539.0
U0027,118.T0.13-35-j26-1.4.R,35,501.0,541.0
U0034,25.T0.13-35-j26-1.3.H,35,511.0,549.0
U0031,119.T0.13-35-j26-1.4.R,35,511.0,551.0
U0033,26.T0.13-35-j26-1.3.H,35,521.0,559.0
U0028,120.T0.13-35-j26-1.4.R,35,521.0,561.0
U0030,121.T0.13-35-j26-1.4.R,35,531.0,571.0
U0035,27.T0.13-35-j26-1.3.H,35,531.0,569.0
U0032,28.T0.13-35-j26-1.3.H,35,541.0,579.0
U0029,122.T0.13-35-j26-1.4.R,35,541.0,581.0
U0036,29.T0.13-35-j26-1.3.H,35,551.0,589.0
U0027,123.T0.13-35-j26-1.4.R,35,551.0,591.0
U0034,30.T0.13-35-j26-1.3.H,35,561.0,599.0
U0031,124.T0.13-35-j26-1.4.R,35,561.0,601.0
U0033,125.T0.13-35-j26-1.4.R,35,571.0,611.0
U0028,31.T0.13-35-j26-1.3.H,35,571.0,609.0
U0035,126.T0.13-35-j26-1.4.R,35,581.0,621.0
U0030,32.T0.13-35-j26-1.3.H,35,581.0,619.0
U0032,127.T0.13-35-j26-1.4.R,35,591.0,631.0
U0029,33.T0.13-35-j26-1.3.H,35,591.0,629.0
U0036,128.T0.13-35-j26-1.4.R,35,601.0,641.0
U0027,34.T0.13-35-j26-1.3.H,35,601.0,639.0
U0034,35.T0.13-35-j26-1.3.H,35,611.0,649.0
U0031,129.T0.13-35-j26-1.4.R,35,611.0,651.0
U0028,36.T0.13-35-j26-1.3.H,35,621.0,659.0
U0033,130.T0.13-35-j26-1.4.R,35,621.0,661.0
U0030,37.T0.13-35-j26-1.3.H,35,631.0,669.0
U0035,131.T0.13-35-j26-1.4.R,35,631.0,671.0
U0029,132.T0.13-35-j26-1.4.R,35,641.0,681.0
U0032,38.T0.13-35-j26-1.3.H,35,641.0,679.0
U0027,39.T0.13-35-j26-1.3.H,35,651.0,689.0
U0036,133.T0.13-35-j26-1.4.R,35,651.0,691.0
U0034,40.T0.13-35-j26-1.3.H,35,661.0,699.0
U0031,134.T0.13-35-j26-1.4.R,35,661.0,701.0
U0028,41.T0.13-35-j26-1.3.H,35,671.0,709.0
U0033,135.T0.13-35-j26-1.4.R,35,671.0,711.0
U0030,42.T0.13-35-j26-1.3.H,35,681.0,719.0
U0035,136.T0.13-35-j26-1.4.R,35,681.0,721.0
U0032,137.T0.13-35-j26-1.4.R,35,691.0,731.0
U0029,43.T0.13-35-j26-1.3.H,35,691.0,729.0
U0027,44.T0.13-35-j26-1.3.H,35,701.0,739.0
U0036,138.T0.13-35-j26-1.4.R,35,701.0,741.0
U0034,139.T0.13-35-j26-1.4.R,35,711.0,751.0
U0031,45.T0.13-35-j26-1.3.H,35,711.0,749.0
U0028,140.T0.13-35-j26-1.4.R,35,721.0,761.0
U0033,46.T0.13-35-j26-1.3.H,35,721.0,759.0
U0030,141.T0.13-35-j26-1.4.R,35,731.0,771.0
U0035,47.T0.13-35-j26-1.3.H,35,731.0,769.0
U0029,48.T0.13-35-j26-1.3.H,35,741.0,779.0
U0032,142.T0.13-35-j26-1.4.R,35,741.0,781.0
U0027,143.T0.13-35-j26-1.4.R,35,751.0,791.0
U0036,49.T0.13-35-j26-1.3.H,35,751.0,789.0
U0031,50.T0.13-35-j26-1.3.H,35,761.0,799.0
U0034,144.T0.13-35-j26-1.4.R,35,761.0,801.0
U0033,51.T0.13-35-j26-1.3.H,35,771.0,809.0
U0028,145.T0.13-35-j26-1.4.R,35,771.0,811.0
U0035,52.T0.13-35-j26-1.3.H,35,781.0,819.0
U0030,146.T0.13-35-j26-1.4.R,35,781.0,821.0
U0029,147.T0.13-35-j26-1.4.R,35,791.0,831.0
U0032,53.T0.13-35-j26-1.3.H,35,791.0,829.0
U0036,148.T0.13-35-j26-1.4.R,35,801.0,841.0
U0027,54.T0.13-35-j26-1.3.H,35,801.0,839.0
U0031,55.T0.13-35-j26-1.3.H,35,811.0,849.0
U0034,149.T0.13-35-j26-1.4.R,35,811.0,851.0
U0033,56.T0.13-35-j26-1.3.H,35,821.0,859.0
U0028,150.T0.13-35-j26-1.4.R,35,821.0,861.0
U0035,151.T0.13-35-j26-1.4.R,35,831.0,871.0
U0030,57.T0.13-35-j26-1.3.H,35,831.0,869.0
U0032,58.T0.13-35-j26-1.3.H,35,841.0,879.0
U0029,152.T0.13-35-j26-1.4.R,35,841.0,881.0
U0027,153.T0.13-35-j26-1.4.R,35,851.0,891.0
U0036,59.T0.13-35-j26-1.3.H,35,851.0,889.0
U0031,60.T0.13-35-j26-1.3.H,35,861.0,899.0
U0034,154.T0.13-35-j26-1.4.R,35,861.0,901.0
U0033,155.T0.13-35-j26-1.4.R,35,871.0,911.0
U0028,61.T0.13-35-j26-1.3.H,35,871.0,909.0
U0030,62.T0.13-35-j26-1.3.H,35,881.0,919.0
U0035,156.T0.13-35-j26-1.4.R,35,881.0,921.0
U0032,63.T0.13-35-j26-1.3.H,35,891.0,929.0
U0029,157.T0.13-35-j26-1.4.R,35,891.0,931.0
U0036,64.T0.13-35-j26-1.3.H,35,901.0,939.0
U0027,158.T0.13-35-j26-1.4.R,35,901.0,941.0
U0031,159.T0.13-35-j26-1.4.R,35,911.0,951.0
U0034,65.T0.13-35-j26-1.3.H,35,911.0,949.0
U0028,160.T0.13-35-j26-1.4.R,35,921.0,961.0
U0033,66.T0.13-35-j26-1.3.H,35,921.0,959.0
U0030,67.T0.13-35-j26-1.3.H,35,931.0,969.0
U0035,161.T0.13-35-j26-1.4.R,35,931.0,971.0
U0032,68.T0.13-35-j26-1.3.H,35,941.0,979.0
U0029,162.T0.13-35-j26-1.4.R,35,941.0,981.0
U0036,69.T0.13-35-j26-1.3.H,35,951.0,989.0
U0027,163.T0.13-35-j26-1.4.R,35,951.0,991.0
U0034,164.T0.13-35-j26-1.4.R,35,961.0,1001.0
U0031,70.T0.13-35-j26-1.3.H,35,961.0,999.0
U0033,165.T0.13-35-j26-1.4.R,35,971.0,1011.0
U0028,71.T0.13-35-j26-1.3.H,35,971.0,1009.0
U0030,166.T0.13-35-j26-1.4.R,35,981.0,1021.0
U0035,72.T0.13-35-j26-1.3.H,35,981.0,1019.0
U0032,167.T0.13-35-j26-1.4.R,35,991.0,1031.0
U0029,73.T0.13-35-j26-1.3.H,35,991.0,1029.0
U0036,74.T0.13-35-j26-1.3.H,35,1001.0,1039.0
U0027,168.T0.13-35-j26-1.4.R,35,1001.0,1041.0
U0031,169.T0.13-35-j26-1.4.R,35,1011.0,1051.0
U0034,75.T0.13-35-j26-1.3.H,35,1011.0,1049.0
U0028,170.T0.13-35-j26-1.4.R,35,1021.0,1061.0
U0033,76.T0.13-35-j26-1.3.H,35,1021.0,1059.0
U0035,171.T0.13-35-j26-1.4.R,35,1031.0,1071.0
U0030,77.T0.13-35-j26-1.3.H,35,1031.0,1069.0
U0029,172.T0.13-35-j26-1.4.R,35,1041.0,1081.0
U0032,78.T0.13-35-j26-1.3.H,35,1041.0,1079.0
U0036,79.T0.13-35-j26-1.3.H,35,1051.0,1089.0
U0027,173.T0.13-35-j26-1.4.R,35,1051.0,1091.0
U0034,174.T0.13-35-j26-1.4.R,35,1061.0,1101.0
U0031,80.T0.13-35-j26-1.3.H,35,1061.0,1099.0
U0033,175.T0.13-35-j26-1.4.R,35,1071.0,1111.0
U0028,81.T0.13-35-j26-1.3.H,35,1076.0,1110.0
U0030,176.T0.13-35-j26-1.4.R,35,1081.0,1121.0
U0035,177.T0.13-35-j26-1.4.R,35,1091.0,1131.0
U0032,82.T0.13-35-j26-1.3.H,35,1096.0,1130.0
U0029,178.T0.13-35-j26-1.4.R,35,1101.0,1141.0
U0036,179.T0.13-35-j26-1.4.R,35,1111.0,1151.0
U0027,83.T0.13-35-j26-1.3.H,35,1116.0,1150.0
U0031,180.T0.13-35-j26-1.4.R,35,1121.0,1161.0
U0034,181.T0.13-35-j26-1.4.R,35,1131.0,1171.0
U0028,84.T0.13-35-j26-1.3.H,35,1136.0,1170.0
U0033,182.T0.13-35-j26-1.4.R,35,1151.0,1184.0
U0030,85.T0.13-35-j26-1.3.H,35,1156.0,1190.0
U0032,183.T0.13-35-j26-1.4.R,35,1171.0,1204.0
U0035,86.T0.13-35-j26-1.3.H,35,1176.0,1210.0
U0029,184.T0.13-35-j26-1.4.R,35,1191.0,1224.0
U0027,87.T0.13-35-j26-1.3.H,35,1196.0,1230.0
U0036,185.T0.13-35-j26-1.4.R,35,1211.0,1244.0
U0031,88.T0.13-35-j26-1.3.H,35,1212.0,1241.0
U0028,186.T0.13-35-j26-1.4.R,35,1231.0,1264.0
U0034,89.T0.13-35-j26-1.3.H,35,1232.0,1261.0
U0033,187.T0.13-35-j26-1.4.R,35,1248.0,1276.0
U0030,90.T0.13-35-j26-1.3.H,35,1252.0,1281.0
U0032,188.T0.13-35-j26-1.4.R,35,1268.0,1296.0
U0035,91.T0.13-35-j26-1.3.H,35,1272.0,1301.0
U0029,189.T0.13-35-j26-1.4.R,35,1288.0,1316.0
U0027,92.T0.13-35-j26-1.3.H,35,1292.0,1321.0
U0031,190.T0.13-35-j26-1.4.R,35,1308.0,1336.0
U0036,93.T0.13-35-j26-1.3.H,35,1312.0,1341.0
U0034,191.T0.13-35-j26-1.4.R,35,1328.0,1356.0
U0028,94.T0.13-35-j26-1.3.H,35,1332.0,1361.0
U0033,192.T0.13-35-j26-1.4.R,35,1348.0,1376.0
U0030,95.T0.13-35-j26-1.3.H,35,1352.0,1381.0
U0032,193.T0.13-35-j26-1.4.R,35,1368.0,1396.0
U0035,96.T0.13-35-j26-1.3.H,35,1372.0,1401.0
U0029,194.T0.13-35-j26-1.4.R,35,1388.0,1416.0
U0027,97.T0.13-35-j26-1.3.H,35,1392.0,1421.0
U0031,195.T0.13-35-j26-1.4.R,35,1408.0,1436.0
U0036,98.T0.13-35-j26-1.3.H,35,1412.0,1441.0
U0034,196.T0.13-35-j26-1.4.R,35,1428.0,1456.0
U0028,99.T0.13-35-j26-1.3.H,35,1432.0,1461.0
U0033,197.T0.13-35-j26-1.4.R,35,1448.0,1476.0
U0030,198.T0.13-35-j26-1.4.R,35,1468.0,1496.0
U0037,104.T0.13-36-j26-7.11.R,36,317.0,342.0
U0038,1.T0.13-36-j26-7.9.H,36,322.0,348.0
U0039,105.T0.13-36-j26-7.11.R,36,337.0,362.0
U0040,2.T0.13-36-j26-7.9.H,36,342.0,368.0
U0037,106.T0.13-36-j26-7.11.R,36,357.0,382.0
U0038,3.T0.13-36-j26-7.9.H,36,362.0,388.0
U0041,107.T0.13-36-j26-7.11.R,36,367.0,392.0
U0039,4.T0.13-36-j26-7.9.H,36,372.0,398.0
U0040,108.T0.13-36-j26-7.11.R,36,377.0,402.0
U0042,5.T0.13-36-j26-7.9.H,36,382.0,408.0
U0043,109.T0.13-36-j26-7.11.R,36,387.0,412.0
U0037,6.T0.13-36-j26-7.9.H,36,392.0,418.0
U0038,110.T0.13-36-j26-7.11.R,36,397.0,422.0
U0041,7.T0.13-36-j26-7.9.H,36,402.0,428.0
U0039,111.T0.13-36-j26-7.11.R,36,407.0,432.0
U0040,8.T0.13-36-j26-7.9.H,36,412.0,438.0
U0042,112.T0.13-36-j26-7.11.R,36,417.0,442.0
U0043,9.T0.13-36-j26-7.9.H,36,422.0,448.0
U0037,113.T0.13-36-j26-7.11.R,36,427.0,452.0
U0038,10.T0.13-36-j26-7.9.H,36,432.0,458.0
U0041,114.T0.13-36-j26-7.11.R,36,437.0,462.0
U0039,115.T0.13-36-j26-7.12.R,36,439.0,449.0
U0044,11.T0.13-36-j26-7.9.H,36,442.0,468.0
U0040,116.T0.13-36-j26-7.11.R,36,447.0,472.0
U0042,117.T0.13-36-j26-7.13.R,36,449.0,471.0
U0045,12.T0.13-36-j26-7.9.H,36,452.0,478.0
U0043,118.T0.13-36-j26-7.11.R,36,457.0,482.0
U0039,13.T0.13-36-j26-7.10.H,36,459.0,466.0
U0037,14.T0.13-36-j26-7.9.H,36,462.0,488.0
U0038,119.T0.13-36-j26-7.11.R,36,467.0,492.0
U0041,120.T0.13-36-j26-7.14.R,36,472.0,480.0
U0039,15.T0.13-36-j26-7.9.H,36,472.0,498.0
U0044,121.T0.13-36-j26-7.11.R,36,477.0,502.0
U0042,16.T0.13-36-j26-7.9.H,36,482.0,508.0
U0040,122.T0.13-36-j26-7.1.R,36,487.0,512.0
U0045,17.T0.13-36-j26-7.9.H,36,492.0,518.0
U0041,123.T0.13-36-j26-7.11.R,36,497.0,522.0
U0043,18.T0.13-36-j26-7.9.H,36,502.0,528.0
U0037,124.T0.13-36-j26-7.1.R,36,507.0,532.0
U0038,19.T0.13-36-j26-7.9.H,36,512.0,538.0
U0039,125.T0.13-36-j26-7.11.R,36,517.0,542.0
U0044,20.T0.13-36-j26-7.9.H,36,522.0,548.0
U0042,126.T0.13-36-j26-7.1.R,36,527.0,552.0
U0040,21.T0.13-36-j26-7.9.H,36,532.0,558.0
U0045,127.T0.13-36-j26-7.1.R,36,537.0,562.0
U0041,22.T0.13-36-j26-7.9.H,36,542.0,568.0
U0043,128.T0.13-36-j26-7.1.R,36,547.0,572.0
U0037,23.T0.13-36-j26-7.9.H,36,552.0,578.0
U0038,129.T0.13-36-j26-7.1.R,36,557.0,582.0
U0039,24.T0.13-36-j26-7.9.H,36,562.0,588.0
U0044,130.T0.13-36-j26-7.1.R,36,567.0,592.0
U0042,25.T0.13-36-j26-7.9.H,36,572.0,598.0
U0040,131.T0.13-36-j26-7.1.R,36,577.0,602.0
U0045,26.T0.13-36-j26-7.9.H,36,582.0,608.0
U0041,132.T0.13-36-j26-7.1.R,36,587.0,612.0
U0043,27.T0.13-36-j26-7.9.H,36,592.0,618.0
U0037,133.T0.13-36-j26-7.1.R,36,597.0,622.0
U0038,28.T0.13-36-j26-7.9.H,36,602.0,628.0
U0039,134.T0.13-36-j26-7.1.R,36,607.0,632.0
U0044,29.T0.13-36-j26-7.9.H,36,612.0,638.0
U0042,135.T0.13-36-j26-7.1.R,36,617.0,642.0
U0040,30.T0.13-36-j26-7.9.H,36,622.0,648.0
U0045,136.T0.13-36-j26-7.1.R,36,627.0,652.0
U0041,31.T0.13-36-j26-7.9.H,36,632.0,658.0
U0043,137.T0.13-36-j26-7.1.R,36,637.0,662.0
U0037,32.T0.13-36-j26-7.9.H,36,642.0,668.0
U0038,138.T0.13-36-j26-7.1.R,36,647.0,672.0
U0039,33.T0.13-36-j26-7.9.H,36,652.0,678.0
U0044,139.T0.13-36-j26-7.1.R,36,657.0,682.0
U0042,34.T0.13-36-j26-7.9.H,36,662.0,688.0
U0040,140.T0.13-36-j26-7.1.R,36,667.0,692.0
U0045,35.T0.13-36-j26-7.9.H,36,672.0,698.0
U0041,141.T0.13-36-j26-7.1.R,36,677.0,702.0
U0043,36.T0.13-36-j26-7.9.H,36,682.0,708.0
U0037,142.T0.13-36-j26-7.1.R,36,687.0,712.0
U0038,37.T0.13-36-j26-7.9.H,36,692.0,718.0
U0039,143.T0.13-36-j26-7.1.R,36,697.0,722.0
U0044,38.T0.13-36-j26-7.9.H,36,702.0,728.0
U0042,144.T0.13-36-j26-7.1.R,36,707.0,732.0
U0040,39.T0.13-36-j26-7.9.H,36,712.0,738.0
U0045,145.T0.13-36-j26-7.1.R,36,717.0,742.0
U0041,40.T0.13-36-j26-7.9.H,36,722.0,748.0
U0043,146.T0.13-36-j26-7.1.R,36,727.0,752.0
U0037,41.T0.13-36-j26-7.9.H,36,732.0,758.0
U0038,147.T0.13-36-j26-7.1.R,36,737.0,762.0
U0039,42.T0.13-36-j26-7.9.H,36,742.0,768.0
U0044,148.T0.13-36-j26-7.1.R,36,747.0,772.0
U0042,43.T0.13-36-j26-7.9.H,36,752.0,778.0
U0040,149.T0.13-36-j26-7.1.R,36,757.0,782.0
U0045,44.T0.13-36-j26-7.9.H,36,762.0,788.0
U0041,150.T0.13-36-j26-7.1.R,36,767.0,792.0
U0043,45.T0.13-36-j26-7.9.H,36,772.0,798.0
U0037,151.T0.13-36-j26-7.1.R,36,777.0,802.0
U0038,46.T0.13-36-j26-7.9.H,36,782.0,808.0
U0039,152.T0.13-36-j26-7.11.R,36,784.0,809.0
U0044,47.T0.13-36-j26-7.9.H,36,787.0,813.0
U0042,153.T0.13-36-j26-7.1.R,36,787.0,812.0
U0040,48.T0.13-36-j26-7.9.H,36,792.0,818.0
U0045,154.T0.13-36-j26-7.1.R,36,797.0,822.0
U0041,49.T0.13-36-j26-7.9.H,36,802.0,828.0
U0043,155.T0.13-36-j26-7.1.R,36,807.0,832.0
U0037,50.T0.13-36-j26-7.9.H,36,812.0,838.0
U0038,156.T0.13-36-j26-7.1.R,36,817.0,842.0
U0039,51.T0.13-36-j26-7.9.H,36,822.0,848.0
U0042,157.T0.13-36-j26-7.1.R,36,827.0,852.0
U0044,52.T0.13-36-j26-7.9.H,36,832.0,858.0
U0040,158.T0.13-36-j26-7.1.R,36,837.0,862.0
U0045,53.T0.13-36-j26-7.9.H,36,842.0,868.0
U0041,159.T0.13-36-j26-7.1.R,36,847.0,872.0
U0043,54.T0.13-36-j26-7.9.H,36,852.0,878.0
U0037,160.T0.13-36-j26-7.1.R,36,857.0,882.0
U0038,55.T0.13-36-j26-7.9.H,36,862.0,888.0
U0039,161.T0.13-36-j26-7.1.R,36,867.0,892.0
U0042,56.T0.13-36-j26-7.9.H,36,872.0,898.0
U0044,162.T0.13-36-j26-7.1.R,36,877.0,902.0
U0040,57.T0.13-36-j26-7.9.H,36,882.0,908.0
U0045,163.T0.13-36-j26-7.11.R,36,887.0,912.0
U0041,58.T0.13-36-j26-7.9.H,36,892.0,918.0
U0043,164.T0.13-36-j26-7.11.R,36,897.0,922.0
U0037,59.T0.13-36-j26-7.9.H,36,902.0,928.0
U0038,165.T0.13-36-j26-7.11.R,36,907.0,932.0
U0039,60.T0.13-36-j26-7.9.H,36,912.0,938.0
U0042,166.T0.13-36-j26-7.11.R,36,917.0,942.0
U0044,61.T0.13-36-j26-7.9.H,36,922.0,948.0
U0040,167.T0.13-36-j26-7.11.R,36,927.0,952.0
U0045,62.T0.13-36-j26-7.9.H,36,932.0,958.0
U0041,168.T0.13-36-j26-7.11.R,36,937.0,962.0
U0043,63.T0.13-36-j26-7.9.H,36,942.0,968.0
U0037,169.T0.13-36-j26-7.11.R,36,947.0,972.0
U0038,64.T0.13-36-j26-7.9.H,36,952.0,978.0
U0039,170.T0.13-36-j26-7.11.R,36,957.0,982.0
U0042,65.T0.13-36-j26-7.9.H,36,962.0,988.0
U0044,171.T0.13-36-j26-7.11.R,36,967.0,992.0
U0040,66.T0.13-36-j26-7.9.H,36,972.0,998.0
U0045,172.T0.13-36-j26-7.11.R,36,977.0,1002.0
U0041,67.T0.13-36-j26-7.9.H,36,982.0,1008.0
U0043,173.T0.13-36-j26-7.11.R,36,987.0,1012.0
U0037,68.T0.13-36-j26-7.9.H,36,992.0,1018.0
U0038,174.T0.13-36-j26-7.11.R,36,997.0,1022.0
U0039,69.T0.13-36-j26-7.9.H,36,1002.0,1028.0
U0042,175.T0.13-36-j26-7.11.R,36,1007.0,1032.0
U0044,70.T0.13-36-j26-7.9.H,36,1012.0,1038.0
U0040,176.T0.13-36-j26-7.11.R,36,1017.0,1042.0
U0045,71.T0.13-36-j26-7.9.H,36,1022.0,1048.0
U0041,177.T0.13-36-j26-7.11.R,36,1027.0,1052.0
U0043,72.T0.13-36-j26-7.9.H,36,1032.0,1058.0
U0037,178.T0.13-36-j26-7.11.R,36,1037.0,1062.0
U0038,73.T0.13-36-j26-7.9.H,36,1042.0,1068.0
U0039,179.T0.13-36-j26-7.11.R,36,1047.0,1072.0
U0042,74.T0.13-36-j26-7.9.H,36,1052.0,1078.0
U0044,180.T0.13-36-j26-7.11.R,36,1057.0,1082.0
U0040,75.T0.13-36-j26-7.9.H,36,1062.0,1088.0
U0045,181.T0.13-36-j26-7.11.R,36,1067.0,1092.0
U0041,76.T0.13-36-j26-7.9.H,36,1072.0,1098.0
U0043,182.T0.13-36-j26-7.11.R,36,1077.0,1102.0
U0037,77.T0.13-36-j26-7.9.H,36,1082.0,1108.0
U0038,183.T0.13-36-j26-7.1.R,36,1087.0,1112.0
U0039,78.T0.13-36-j26-7.9.H,36,1092.0,1118.0
U0042,184.T0.13-36-j26-7.11.R,36,1097.0,1122.0
U0044,79.T0.13-36-j26-7.9.H,36,1102.0,1128.0
U0040,185.T0.13-36-j26-7.1.R,36,1107.0,1132.0
U0045,80.T0.13-36-j26-7.9.H,36,1112.0,1138.0
U0041,186.T0.13-36-j26-7.1.R,36,1117.0,1142.0
U0043,81.T0.13-36-j26-7.9.H,36,1122.0,1148.0
U0037,187.T0.13-36-j26-7.1.R,36,1127.0,1152.0
U0038,82.T0.13-36-j26-7.9.H,36,1132.0,1158.0
U0039,188.T0.13-36-j26-7.1.R,36,1137.0,1162.0
U0042,83.T0.13-36-j26-7.9.H,36,1142.0,1168.0
U0044,189.T0.13-36-j26-7.1.R,36,1147.0,1172.0
U0040,84.T0.13-36-j26-7.9.H,36,1152.0,1178.0
U0045,190.T0.13-36-j26-7.1.R,36,1157.0,1182.0
U0041,85.T0.13-36-j26-7.9.H,36,1162.0,1188.0
U0043,191.T0.13-36-j26-7.11.R,36,1167.0,1192.0
U0037,86.T0.13-36-j26-7.9.H,36,1172.0,1198.0
U0038,192.T0.13-36-j26-7.1.R,36,1177.0,1202.0
U0039,87.T0.13-36-j26-7.9.H,36,1182.0,1208.0
U0042,88.T0.13-36-j26-7.9.H,36,1192.0,1218.0
U0044,193.T0.13-36-j26-7.11.R,36,1198.0,1220.0
U0040,89.T0.13-36-j26-7.9.H,36,1202.0,1228.0
U0045,90.T0.13-36-j26-7.9.H,36,1212.0,1238.0
U0041,194.T0.13-36-j26-7.11.R,36,1218.0,1240.0
U0043,91.T0.13-36-j26-7.9.H,36,1227.0,1249.0
U0037,195.T0.13-36-j26-7.11.R,36,1238.0,1260.0
U0038,92.T0.13-36-j26-7.9.H,36,1247.0,1269.0
U0039,196.T0.13-36-j26-7.11.R,36,1258.0,1280.0
U0042,93.T0.13-36-j26-7.9.H,36,1267.0,1289.0
U0044,197.T0.13-36-j26-7.11.R,36,1278.0,1300.0
U0040,94.T0.13-36-j26-7.9.H,36,1287.0,1309.0
U0045,198.T0.13-36-j26-7.11.R,36,1298.0,1320.0
U0041,95.T0.13-36-j26-7.9.H,36,1307.0,1329.0
U0043,199.T0.13-36-j26-7.11.R,36,1318.0,1340.0
U0037,96.T0.13-36-j26-7.9.H,36,1327.0,1349.0
U0038,200.T0.13-36-j26-7.11.R,36,1338.0,1360.0
U0039,97.T0.13-36-j26-7.9.H,36,1347.0,1369.0
U0042,201.T0.13-36-j26-7.11.R,36,1358.0,1380.0
U0044,98.T0.13-36-j26-7.9.H,36,1367.0,1389.0
U0040,202.T0.13-36-j26-7.11.R,36,1378.0,1400.0
U0045,99.T0.13-36-j26-7.9.H,36,1387.0,1409.0
U0041,203.T0.13-36-j26-7.11.R,36,1398.0,1420.0
U0043,100.T0.13-36-j26-7.9.H,36,1407.0,1429.0
U0037,204.T0.13-36-j26-7.15.R,36,1418.0,1440.0
U0038,101.T0.13-36-j26-7.9.H,36,1427.0,1449.0
U0039,205.T0.13-36-j26-7.15.R,36,1438.0,1460.0
U0042,102.T0.13-36-j26-7.9.H,36,1447.0,1469.0
U0044,206.T0.13-36-j26-7.15.R,36,1458.0,1480.0
U0040,103.T0.13-36-j26-7.9.H,36,1467.0,1489.0
U0046,47.T0.13-37-j26-1.2.R,37,287.0,325.0
U0047,1.T0.13-37-j26-1.5.H,37,300.0,307.0
U0048,48.T0.13-37-j26-1.3.R,37,302.0,345.0
U0047,2.T0.13-37-j26-1.5.H,37,320.0,327.0
U0049,49.T0.13-37-j26-1.3.R,37,322.0,365.0
U0050,3.T0.13-37-j26-1.1.H,37,322.0,367.0
U0046,4.T0.13-37-j26-1.5.H,37,340.0,347.0
U0047,5.T0.13-37-j26-1.1.H,37,342.0,387.0
U0051,50.T0.13-37-j26-1.3.R,37,342.0,385.0
U0048,6.T0.13-37-j26-1.1.H,37,362.0,407.0
U0046,51.T0.13-37-j26-1.3.R,37,362.0,405.0
U0049,52.T0.13-37-j26-1.3.R,37,382.0,425.0
U0050,7.T0.13-37-j26-1.1.H,37,382.0,427.0
U0051,53.T0.13-37-j26-1.3.R,37,402.0,445.0
U0047,8.T0.13-37-j26-1.1.H,37,402.0,447.0
U0046,9.T0.13-37-j26-1.1.H,37,422.0,467.0
U0048,54.T0.13-37-j26-1.3.R,37,422.0,465.0
U0049,10.T0.13-37-j26-1.1.H,37,442.0,487.0
U0050,56.T0.13-37-j26-1.3.R,37,442.0,485.0
U0052,55.T0.13-37-j26-1.6.R,37,442.0,462.0
U0051,11.T0.13-37-j26-1.1.H,37,462.0,507.0
U0047,57.T0.13-37-j26-1.3.R,37,462.0,505.0
U0052,12.T0.13-37-j26-1.1.H,37,482.0,527.0
U0048,58.T0.13-37-j26-1.3.R,37,482.0,525.0
U0046,13.T0.13-37-j26-1.1.H,37,502.0,547.0
U0050,14.T0.13-37-j26-1.1.H,37,522.0,567.0
U0049,59.T0.13-37-j26-1.3.R,37,522.0,565.0
U0047,15.T0.13-37-j26-1.1.H,37,562.0,607.0
U0051,60.T0.13-37-j26-1.3.R,37,562.0,605.0
U0048,16.T0.13-37-j26-1.1.H,37,602.0,647.0
U0052,61.T0.13-37-j26-1.3.R,37,602.0,645.0
U0046,17.T0.13-37-j26-1.1.H,37,642.0,687.0
U0049,62.T0.13-37-j26-1.3.R,37,642.0,685.0
U0050,63.T0.13-37-j26-1.3.R,37,682.0,725.0
U0051,18.T0.13-37-j26-1.1.H,37,682.0,727.0
U0047,64.T0.13-37-j26-1.3.R,37,722.0,765.0
U0052,19.T0.13-37-j26-1.1.H,37,722.0,767.0
U0048,65.T0.13-37-j26-1.3.R,37,742.0,785.0
U0049,20.T0.13-37-j26-1.1.H,37,762.0,807.0
U0046,66.T0.13-37-j26-1.3.R,37,762.0,805.0
U0050,21.T0.13-37-j26-1.1.H,37,782.0,827.0
U0051,67.T0.13-37-j26-1.3.R,37,782.0,825.0
U0047,22.T0.13-37-j26-1.1.H,37,802.0,847.0
U0052,68.T0.13-37-j26-1.3.R,37,802.0,845.0
U0048,23.T0.13-37-j26-1.1.H,37,822.0,867.0
U0046,69.T0.13-37-j26-1.3.R,37,822.0,865.0
U0049,70.T0.13-37-j26-1.3.R,37,842.0,885.0
U0051,24.T0.13-37-j26-1.1.H,37,842.0,887.0
U0050,25.T0.13-37-j26-1.1.H,37,862.0,907.0
U0052,71.T0.13-37-j26-1.3.R,37,862.0,905.0
U0047,72.T0.13-37-j26-1.3.R,37,882.0,925.0
U0046,26.T0.13-37-j26-1.1.H,37,882.0,927.0
U0048,73.T0.13-37-j26-1.3.R,37,902.0,945.0
U0049,27.T0.13-37-j26-1.1.H,37,902.0,947.0
U0051,28.T0.13-37-j26-1.1.H,37,922.0,967.0
U0052,74.T0.13-37-j26-1.3.R,37,922.0,965.0
U0050,75.T0.13-37-j26-1.7.R,37,935.0,968.0
U0047,29.T0.13-37-j26-1.1.H,37,942.0,987.0
U0046,76.T0.13-37-j26-1.3.R,37,942.0,985.0
U0048,77.T0.13-37-j26-1.3.R,37,962.0,1005.0
U0049,30.T0.13-37-j26-1.1.H,37,962.0,1007.0
U0052,31.T0.13-37-j26-1.1.H,37,982.0,1027.0
U0051,78.T0.13-37-j26-1.3.R,37,982.0,1025.0
U0050,32.T0.13-37-j26-1.1.H,37,1002.0,1047.0
U0046,79.T0.13-37-j26-1.3.R,37,1002.0,1045.0
U0047,80.T0.13-37-j26-1.3.R,37,1022.0,1065.0
U0048,33.T0.13-37-j26-1.1.H,37,1022.0,1067.0
U0049,34.T0.13-37-j26-1.1.H,37,1042.0,1087.0
U0051,81.T0.13-37-j26-1.3.R,37,1042.0,1085.0
U0052,82.T0.13-37-j26-1.3.R,37,1062.0,1105.0
U0046,35.T0.13-37-j26-1.1.H,37,1062.0,1107.0
U0050,83.T0.13-37-j26-1.3.R,37,1082.0,1125.0
U0047,36.T0.13-37-j26-1.1.H,37,1082.0,1127.0
U0048,37.T0.13-37-j26-1.1.H,37,1102.0,1147.0
U0051,84.T0.13-37-j26-1.3.R,37,1122.0,1165.0
U0049,38.T0.13-37-j26-1.1.H,37,1122.0,1167.0
U0052,39.T0.13-37-j26-1.1.H,37,1162.0,1207.0
U0046,85.T0.13-37-j26-1.3.R,37,1162.0,1205.0
U0050,86.T0.13-37-j26-1.3.R,37,1202.0,1245.0
U0047,40.T0.13-37-j26-1.1.H,37,1202.0,1247.0
U0048,41.T0.13-37-j26-1.1.H,37,1238.0,1277.0
U0051,87.T0.13-37-j26-1.3.R,37,1250.0,1287.0
U0049,42.T0.13-37-j26-1.1.H,37,1278.0,1317.0
U0046,88.T0.13-37-j26-1.3.R,37,1290.0,1327.0
U0052,43.T0.13-37-j26-1.1.H,37,1318.0,1357.0
U0050,89.T0.13-37-j26-1.3.R,37,1330.0,1367.0
U0047,44.T0.13-37-j26-1.1.H,37,1358.0,1397.0
U0048,90.T0.13-37-j26-1.3.R,37,1370.0,1407.0
U0051,45.T0.13-37-j26-1.1.H,37,1398.0,1437.0
U0049,91.T0.13-37-j26-1.3.R,37,1410.0,1447.0
U0046,46.T0.13-37-j26-1.1.H,37,1438.0,1477.0
U0052,92.T0.13-37-j26-1.4.R,37,1450.0,1461.0
U0053,89.T0.13-38-j26-1.7.R,38,297.0,325.0
U0054,1.T0.13-38-j26-1.1.H,38,302.0,330.0
U0055,90.T0.13-38-j26-1.7.R,38,317.0,345.0
U0056,2.T0.13-38-j26-1.1.H,38,322.0,350.0
U0057,91.T0.13-38-j26-1.5.R,38,324.0,335.0
U0053,3.T0.13-38-j26-1.2.H,38,332.0,343.0
U0054,92.T0.13-38-j26-1.7.R,38,337.0,365.0
U0057,4.T0.13-38-j26-1.1.H,38,342.0,370.0
U0058,93.T0.13-38-j26-1.5.R,38,344.0,355.0
U0053,5.T0.13-38-j26-1.2.H,38,352.0,363.0
U0055,94.T0.13-38-j26-1.7.R,38,357.0,385.0
U0056,6.T0.13-38-j26-1.1.H,38,362.0,390.0
U0058,95.T0.13-38-j26-1.5.R,38,364.0,375.0
U0053,7.T0.13-38-j26-1.2.H,38,372.0,383.0
U0054,96.T0.13-38-j26-1.7.R,38,377.0,405.0
U0057,8.T0.13-38-j26-1.1.H,38,382.0,410.0
U0058,97.T0.13-38-j26-1.5.R,38,384.0,395.0
U0053,9.T0.13-38-j26-1.2.H,38,392.0,403.0
U0055,98.T0.13-38-j26-1.7.R,38,397.0,425.0
U0056,10.T0.13-38-j26-1.1.H,38,402.0,430.0
U0058,99.T0.13-38-j26-1.5.R,38,404.0,415.0
U0053,11.T0.13-38-j26-1.2.H,38,412.0,423.0
U0054,100.T0.13-38-j26-1.7.R,38,417.0,445.0
U0057,12.T0.13-38-j26-1.1.H,38,422.0,450.0
U0058,101.T0.13-38-j26-1.5.R,38,424.0,435.0
U0053,13.T0.13-38-j26-1.2.H,38,432.0,443.0
U0055,102.T0.13-38-j26-1.7.R,38,437.0,465.0
U0056,14.T0.13-38-j26-1.1.H,38,442.0,470.0
U0058,103.T0.13-38-j26-1.5.R,38,444.0,455.0
U0053,15.T0.13-38-j26-1.2.H,38,452.0,463.0
U0054,104.T0.13-38-j26-1.7.R,38,457.0,485.0
U0057,16.T0.13-38-j26-1.1.H,38,462.0,490.0
U0058,105.T0.13-38-j26-1.5.R,38,464.0,475.0
U0053,17.T0.13-38-j26-1.2.H,38,472.0,483.0
U0055,106.T0.13-38-j26-1.7.R,38,477.0,505.0
U0056,18.T0.13-38-j26-1.3.H,38,482.0,510.0
U0058,107.T0.13-38-j26-1.5.R,38,484.0,495.0
U0053,19.T0.13-38-j26-1.2.H,38,492.0,503.0
U0054,108.T0.13-38-j26-1.7.R,38,497.0,525.0
U0057,20.T0.13-38-j26-1.1.H,38,502.0,530.0
U0058,109.T0.13-38-j26-1.5.R,38,504.0,515.0
U0053,21.T0.13-38-j26-1.2.H,38,512.0,523.0
U0055,110.T0.13-38-j26-1.7.R,38,517.0,545.0
U0056,22.T0.13-38-j26-1.3.H,38,522.0,550.0
U0058,111.T0.13-38-j26-1.5.R,38,524.0,535.0
U0053,112.T0.13-38-j26-1.7.R,38,537.0,564.0
U0054,23.T0.13-38-j26-1.1.H,38,542.0,570.0
U0057,113.T0.13-38-j26-1.7.R,38,557.0,584.0
U0058,24.T0.13-38-j26-1.3.H,38,562.0,590.0
U0055,114.T0.13-38-j26-1.7.R,38,577.0,604.0
U0056,25.T0.13-38-j26-1.1.H,38,582.0,610.0
U0053,115.T0.13-38-j26-1.7.R,38,597.0,624.0
U0054,26.T0.13-38-j26-1.3.H,38,602.0,630.0
U0057,116.T0.13-38-j26-1.7.R,38,617.0,644.0
U0058,27.T0.13-38-j26-1.1.H,38,622.0,650.0
U0055,117.T0.13-38-j26-1.7.R,38,637.0,664.0
U0056,28.T0.13-38-j26-1.3.H,38,642.0,670.0
U0053,118.T0.13-38-j26-1.7.R,38,657.0,684.0
U0054,29.T0.13-38-j26-1.1.H,38,662.0,690.0
U0057,119.T0.13-38-j26-1.7.R,38,677.0,704.0
U0058,30.T0.13-38-j26-1.3.H,38,682.0,710.0
U0055,120.T0.13-38-j26-1.5.R,38,683.0,694.0
U0056,31.T0.13-38-j26-1.2.H,38,692.0,703.0
U0053,121.T0.13-38-j26-1.7.R,38,697.0,724.0
U0054,32.T0.13-38-j26-1.1.H,38,702.0,730.0
U0055,122.T0.13-38-j26-1.5.R,38,703.0,714.0
U0056,33.T0.13-38-j26-1.2.H,38,712.0,723.0
U0057,123.T0.13-38-j26-1.7.R,38,717.0,744.0
U0058,34.T0.13-38-j26-1.3.H,38,722.0,750.0
U0055,124.T0.13-38-j26-1.5.R,38,723.0,734.0
U0056,35.T0.13-38-j26-1.2.H,38,732.0,743.0
U0053,125.T0.13-38-j26-1.7.R,38,737.0,764.0
U0054,36.T0.13-38-j26-1.1.H,38,742.0,770.0
U0055,126.T0.13-38-j26-1.5.R,38,743.0,754.0
U0056,37.T0.13-38-j26-1.2.H,38,752.0,763.0
U0057,127.T0.13-38-j26-1.7.R,38,757.0,784.0
U0058,38.T0.13-38-j26-1.3.H,38,762.0,790.0
U0055,128.T0.13-38-j26-1.5.R,38,763.0,774.0
U0056,39.T0.13-38-j26-1.2.H,38,772.0,783.0
U0053,129.T0.13-38-j26-1.7.R,38,777.0,804.0
U0054,40.T0.13-38-j26-1.1.H,38,782.0,810.0
U0055,130.T0.13-38-j26-1.5.R,38,783.0,794.0
U0056,41.T0.13-38-j26-1.2.H,38,792.0,803.0
U0057,131.T0.13-38-j26-1.7.R,38,797.0,824.0
U0058,42.T0.13-38-j26-1.3.H,38,802.0,830.0
U0055,132.T0.13-38-j26-1.5.R,38,803.0,814.0
U0056,43.T0.13-38-j26-1.2.H,38,812.0,823.0
U0053,133.T0.13-38-j26-1.7.R,38,817.0,844.0
U0054,44.T0.13-38-j26-1.1.H,38,822.0,850.0
U0055,134.T0.13-38-j26-1.5.R,38,823.0,834.0
U0056,45.T0.13-38-j26-1.2.H,38,832.0,843.0
U0057,135.T0.13-38-j26-1.7.R,38,837.0,864.0
U0058,46.T0.13-38-j26-1.3.H,38,842.0,870.0
U0055,136.T0.13-38-j26-1.5.R,38,843.0,854.0
U0056,47.T0.13-38-j26-1.2.H,38,852.0,863.0
U0053,137.T0.13-38-j26-1.7.R,38,857.0,884.0
U0054,48.T0.13-38-j26-1.1.H,38,862.0,890.0
U0055,138.T0.13-38-j26-1.5.R,38,863.0,874.0
U0056,49.T0.13-38-j26-1.2.H,38,872.0,883.0
U0057,139.T0.13-38-j26-1.7.R,38,877.0,905.0
U0058,50.T0.13-38-j26-1.1.H,38,882.0,910.0
U0055,140.T0.13-38-j26-1.5.R,38,884.0,895.0
U0056,51.T0.13-38-j26-1.2.H,38,892.0,903.0
U0053,141.T0.13-38-j26-1.7.R,38,897.0,925.0
U0054,52.T0.13-38-j26-1.1.H,38,902.0,930.0
U0055,142.T0.13-38-j26-1.5.R,38,904.0,915.0
U0056,53.T0.13-38-j26-1.2.H,38,912.0,923.0
U0057,143.T0.13-38-j26-1.7.R,38,917.0,945.0
U0058,54.T0.13-38-j26-1.1.H,38,922.0,950.0
U0055,144.T0.13-38-j26-1.5.R,38,924.0,935.0
U0056,55.T0.13-38-j26-1.2.H,38,932.0,943.0
U0053,145.T0.13-38-j26-1.7.R,38,937.0,965.0
U0054,56.T0.13-38-j26-1.1.H,38,942.0,970.0
U0055,146.T0.13-38-j26-1.5.R,38,944.0,955.0
U0056,57.T0.13-38-j26-1.2.H,38,952.0,963.0
U0057,147.T0.13-38-j26-1.7.R,38,957.0,985.0
U0058,58.T0.13-38-j26-1.1.H,38,962.0,990.0
U0055,148.T0.13-38-j26-1.5.R,38,964.0,975.0
U0056,59.T0.13-38-j26-1.2.H,38,972.0,983.0
U0053,149.T0.13-38-j26-1.7.R,38,977.0,1005.0
U0054,60.T0.13-38-j26-1.1.H,38,982.0,1010.0
U0055,150.T0.13-38-j26-1.5.R,38,984.0,995.0
U0056,61.T0.13-38-j26-1.2.H,38,992.0,1003.0
U0057,151.T0.13-38-j26-1.7.R,38,997.0,1025.0
U0058,62.T0.13-38-j26-1.1.H,38,1002.0,1030.0
U0055,152.T0.13-38-j26-1.5.R,38,1004.0,1015.0
U0056,63.T0.13-38-j26-1.2.H,38,1012.0,1023.0
U0053,153.T0.13-38-j26-1.7.R,38,1017.0,1045.0
U0054,64.T0.13-38-j26-1.1.H,38,1022.0,1050.0
U0055,154.T0.13-38-j26-1.5.R,38,1024.0,1035.0
U0056,65.T0.13-38-j26-1.2.H,38,1032.0,1043.0
U0057,155.T0.13-38-j26-1.7.R,38,1037.0,1065.0
U0058,66.T0.13-38-j26-1.1.H,38,1042.0,1070.0
U0055,156.T0.13-38-j26-1.5.R,38,1044.0,1055.0
U0056,67.T0.13-38-j26-1.2.H,38,1052.0,1063.0
U0053,157.T0.13-38-j26-1.7.R,38,1057.0,1085.0
U0054,68.T0.13-38-j26-1.1.H,38,1062.0,1090.0
U0055,158.T0.13-38-j26-1.5.R,38,1064.0,1075.0
U0056,69.T0.13-38-j26-1.2.H,38,1072.0,1083.0
U0057,159.T0.13-38-j26-1.7.R,38,1077.0,1105.0
U0058,70.T0.13-38-j26-1.3.H,38,1082.0,1110.0
U0055,160.T0.13-38-j26-1.5.R,38,1084.0,1095.0
U0056,161.T0.13-38-j26-1.7.R,38,1097.0,1124.0
U0053,71.T0.13-38-j26-1.1.H,38,1102.0,1130.0
U0054,162.T0.13-38-j26-1.7.R,38,1117.0,1144.0
U0055,72.T0.13-38-j26-1.3.H,38,1122.0,1150.0
U0057,163.T0.13-38-j26-1.7.R,38,1137.0,1164.0
U0058,73.T0.13-38-j26-1.1.H,38,1142.0,1170.0
U0056,164.T0.13-38-j26-1.7.R,38,1157.0,1184.0
U0053,74.T0.13-38-j26-1.3.H,38,1162.0,1190.0
U0054,165.T0.13-38-j26-1.7.R,38,1177.0,1204.0
U0055,75.T0.13-38-j26-1.1.H,38,1182.0,1210.0
U0057,166.T0.13-38-j26-1.7.R,38,1197.0,1224.0
U0058,76.T0.13-38-j26-1.3.H,38,1202.0,1230.0
U0056,167.T0.13-38-j26-1.7.R,38,1217.0,1244.0
U0053,77.T0.13-38-j26-1.1.H,38,1225.0,1248.0
U0054,168.T0.13-38-j26-1.7.R,38,1239.0,1262.0
U0055,78.T0.13-38-j26-1.4.H,38,1245.0,1253.0
U0057,79.T0.13-38-j26-1.1.H,38,1265.0,1288.0
U0058,169.T0.13-38-j26-1.5.R,38,1274.0,1282.0
U0056,170.T0.13-38-j26-1.7.R,38,1279.0,1302.0
U0053,80.T0.13-38-j26-1.4.H,38,1285.0,1293.0
U0055,81.T0.13-38-j26-1.1.H,38,1305.0,1328.0
U0054,171.T0.13-38-j26-1.5.R,38,1314.0,1322.0
U0058,172.T0.13-38-j26-1.7.R,38,1319.0,1342.0
U0057,82.T0.13-38-j26-1.4.H,38,1325.0,1333.0
U0053,83.T0.13-38-j26-1.1.H,38,1345.0,1368.0
U0056,173.T0.13-38-j26-1.5.R,38,1354.0,1362.0
U0054,174.T0.13-38-j26-1.7.R,38,1359.0,1382.0
U0055,84.T0.13-38-j26-1.4.H,38,1365.0,1373.0
U0057,85.T0.13-38-j26-1.1.H,38,1385.0,1408.0
U0058,175.T0.13-38-j26-1.5.R,38,1394.0,1402.0
U0056,176.T0.13-38-j26-1.7.R,38,1399.0,1422.0
U0053,86.T0.13-38-j26-1.4.H,38,1405.0,1413.0
U0055,87.T0.13-38-j26-1.1.H,38,1425.0,1448.0
U0054,177.T0.13-38-j26-1.7.R,38,1439.0,1462.0
U0058,88.T0.13-38-j26-1.1.H,38,1465.0,1488.0
U0059,64.T0.13-40-j26-1.8.R,40,280.0,298.0
U0060,65.T0.13-40-j26-1.9.R,40,301.0,318.0
U0059,2.T0.13-40-j26-1.3.H,40,306.0,328.0
U0061,66.T0.13-40-j26-1.8.R,40,320.0,338.0
U0060,3.T0.13-40-j26-1.4.H,40,326.0,350.0
U0062,68.T0.13-40-j26-1.10.R,40,332.0,358.0
U0059,4.T0.13-40-j26-1.5.H,40,346.0,360.0
U0061,69.T0.13-40-j26-1.11.R,40,355.0,398.0
U0060,70.T0.13-40-j26-1.8.R,40,360.0,378.0
U0062,6.T0.13-40-j26-1.4.H,40,366.0,390.0
U0059,71.T0.13-40-j26-1.10.R,40,383.0,416.0
U0060,7.T0.13-40-j26-1.4.H,40,386.0,410.0
U0062,72.T0.13-40-j26-1.12.R,40,404.0,430.0
U0061,74.T0.13-40-j26-1.8.R,40,405.0,426.0
U0063,8.T0.13-40-j26-1.5.H,40,406.0,420.0
U0064,75.T0.13-40-j26-1.11.R,40,413.0,456.0
U0060,9.T0.13-40-j26-1.4.H,40,416.0,440.0
U0059,76.T0.13-40-j26-1.8.R,40,425.0,446.0
U0063,10.T0.13-40-j26-1.5.H,40,426.0,440.0
U0061,11.T0.13-40-j26-1.3.H,40,436.0,458.0
U0062,77.T0.13-40-j26-1.13.R,40,444.0,476.0
U0065,78.T0.13-40-j26-1.8.R,40,445.0,466.0
U0060,12.T0.13-40-j26-1.5.H,40,446.0,460.0
U0063,13.T0.13-40-j26-1.4.H,40,456.0,480.0
U0059,79.T0.13-40-j26-1.10.R,40,463.0,496.0
U0064,80.T0.13-40-j26-1.8.R,40,465.0,486.0
U0061,14.T0.13-40-j26-1.5.H,40,466.0,480.0
U0060,15.T0.13-40-j26-1.3.H,40,476.0,498.0
U0065,81.T0.13-40-j26-1.8.R,40,485.0,506.0
U0062,16.T0.13-40-j26-1.5.H,40,486.0,500.0
U0061,82.T0.13-40-j26-1.13.R,40,486.0,518.0
U0063,17.T0.13-40-j26-1.4.H,40,496.0,520.0
U0064,83.T0.13-40-j26-1.10.R,40,505.0,538.0
U0059,18.T0.13-40-j26-1.5.H,40,506.0,520.0
U0060,84.T0.13-40-j26-1.13.R,40,526.0,558.0
U0062,19.T0.13-40-j26-1.5.H,40,526.0,540.0
U0065,20.T0.13-40-j26-1.5.H,40,546.0,560.0
U0061,85.T0.13-40-j26-1.8.R,40,560.0,578.0
U0059,21.T0.13-40-j26-1.5.H,40,566.0,580.0
U0063,86.T0.13-40-j26-1.8.R,40,580.0,598.0
U0064,22.T0.13-40-j26-1.5.H,40,586.0,600.0
U0062,87.T0.13-40-j26-1.8.R,40,600.0,618.0
U0060,23.T0.13-40-j26-1.5.H,40,606.0,620.0
U0065,88.T0.13-40-j26-1.8.R,40,620.0,638.0
U0061,24.T0.13-40-j26-1.5.H,40,626.0,640.0
U0059,89.T0.13-40-j26-1.8.R,40,640.0,658.0
U0063,25.T0.13-40-j26-1.5.H,40,646.0,660.0
U0064,90.T0.13-40-j26-1.8.R,40,660.0,678.0
U0062,26.T0.13-40-j26-1.5.H,40,666.0,680.0
U0060,91.T0.13-40-j26-1.8.R,40,680.0,698.0
U0065,27.T0.13-40-j26-1.5.H,40,686.0,700.0
U0061,92.T0.13-40-j26-1.8.R,40,700.0,718.0
U0059,28.T0.13-40-j26-1.3.H,40,706.0,728.0
U0063,93.T0.13-40-j26-1.8.R,40,720.0,738.0
U0064,29.T0.13-40-j26-1.4.H,40,726.0,750.0
U0062,94.T0.13-40-j26-1.10.R,40,732.0,758.0
U0060,30.T0.13-40-j26-1.3.H,40,746.0,768.0
U0065,95.T0.13-40-j26-1.13.R,40,751.0,778.0
U0061,31.T0.13-40-j26-1.4.H,40,766.0,790.0
U0059,96.T0.13-40-j26-1.10.R,40,772.0,798.0
U0063,32.T0.13-40-j26-1.6.H,40,786.0,811.0
U0064,97.T0.13-40-j26-1.13.R,40,791.0,818.0
U0062,33.T0.13-40-j26-1.4.H,40,806.0,830.0
U0060,34.T0.13-40-j26-1.7.H,40,807.0,815.0
U0065,98.T0.13-40-j26-1.13.R,40,811.0,838.0
U0061,35.T0.13-40-j26-1.4.H,40,826.0,850.0
U0059,99.T0.13-40-j26-1.13.R,40,831.0,858.0
U0063,36.T0.13-40-j26-1.5.H,40,846.0,862.0
U0060,100.T0.13-40-j26-1.13.R,40,851.0,878.0
U0064,37.T0.13-40-j26-1.5.H,40,866.0,882.0
U0062,101.T0.13-40-j26-1.8.R,40,877.0,898.0
U0065,38.T0.13-40-j26-1.5.H,40,886.0,902.0
U0061,102.T0.13-40-j26-1.8.R,40,897.0,918.0
U0059,39.T0.13-40-j26-1.5.H,40,906.0,922.0
U0063,103.T0.13-40-j26-1.8.R,40,917.0,938.0
U0060,40.T0.13-40-j26-1.5.H,40,926.0,942.0
U0064,104.T0.13-40-j26-1.8.R,40,937.0,958.0
U0062,41.T0.13-40-j26-1.4.H,40,946.0,973.0
U0065,105.T0.13-40-j26-1.8.R,40,957.0,978.0
U0061,42.T0.13-40-j26-1.3.H,40,966.0,990.0
U0059,106.T0.13-40-j26-1.9.R,40,978.0,998.0
U0063,107.T0.13-40-j26-1.13.R,40,986.0,1018.0
U0060,43.T0.13-40-j26-1.4.H,40,986.0,1013.0
U0064,108.T0.13-40-j26-1.10.R,40,1005.0,1038.0
U0062,44.T0.13-40-j26-1.3.H,40,1006.0,1030.0
U0065,109.T0.13-40-j26-1.13.R,40,1026.0,1058.0
U0061,45.T0.13-40-j26-1.4.H,40,1026.0,1053.0
U0059,110.T0.13-40-j26-1.10.R,40,1045.0,1078.0
U0060,46.T0.13-40-j26-1.3.H,40,1046.0,1070.0
U0063,111.T0.13-40-j26-1.13.R,40,1066.0,1098.0
U0062,47.T0.13-40-j26-1.4.H,40,1066.0,1093.0
U0064,112.T0.13-40-j26-1.10.R,40,1085.0,1118.0
U0061,48.T0.13-40-j26-1.5.H,40,1086.0,1102.0
U0065,113.T0.13-40-j26-1.14.R,40,1096.0,1101.0
U0060,49.T0.13-40-j26-1.5.H,40,1106.0,1122.0
U0059,114.T0.13-40-j26-1.8.R,40,1120.0,1138.0
U0062,50.T0.13-40-j26-1.5.H,40,1126.0,1140.0
U0063,115.T0.13-40-j26-1.8.R,40,1140.0,1158.0
U0065,51.T0.13-40-j26-1.5.H,40,1146.0,1160.0
U0061,116.T0.13-40-j26-1.8.R,40,1160.0,1178.0
U0064,52.T0.13-40-j26-1.5.H,40,1166.0,1180.0
U0060,117.T0.13-40-j26-1.8.R,40,1180.0,1198.0
U0059,53.T0.13-40-j26-1.5.H,40,1186.0,1200.0
U0062,118.T0.13-40-j26-1.8.R,40,1200.0,1218.0
U0063,54.T0.13-40-j26-1.5.H,40,1206.0,1220.0
U0065,119.T0.13-40-j26-1.8.R,40,1220.0,1238.0
U0061,55.T0.13-40-j26-1.5.H,40,1226.0,1240.0
U0064,120.T0.13-40-j26-1.8.R,40,1240.0,1258.0
U0060,56.T0.13-40-j26-1.5.H,40,1246.0,1260.0
U0059,57.T0.13-40-j26-1.5.H,40,1266.0,1280.0
U0062,121.T0.13-40-j26-1.8.R,40,1268.0,1285.0
U0063,58.T0.13-40-j26-1.5.H,40,1294.0,1307.0
U0065,122.T0.13-40-j26-1.8.R,40,1308.0,1325.0
U0061,59.T0.13-40-j26-1.5.H,40,1334.0,1347.0
U0064,123.T0.13-40-j26-1.8.R,40,1348.0,1365.0
U0060,60.T0.13-40-j26-1.5.H,40,1374.0,1387.0
U0059,124.T0.13-40-j26-1.8.R,40,1388.0,1405.0
U0062,61.T0.13-40-j26-1.5.H,40,1414.0,1427.0
U0063,125.T0.13-40-j26-1.8.R,40,1428.0,1445.0
U0065,62.T0.13-40-j26-1.5.H,40,1454.0,1467.0
U0061,126.T0.13-40-j26-1.8.R,40,1468.0,1485.0
U0066,1.T0.13-43-j26-2.4.H,43,276.0,280.0
U0067,97.T0.13-43-j26-2.6.R,43,281.0,294.0
U0066,2.T0.13-43-j26-2.4.H,43,296.0,300.0
U0067,98.T0.13-43-j26-2.6.R,43,301.0,314.0
U0068,3.T0.13-43-j26-2.5.H,43,303.0,320.0
U0066,99.T0.13-43-j26-2.6.R,43,321.0,334.0
U0067,4.T0.13-43-j26-2.5.H,43,323.0,340.0
U0068,100.T0.13-43-j26-2.6.R,43,341.0,354.0
U0066,5.T0.13-43-j26-2.5.H,43,343.0,360.0
U0067,101.T0.13-43-j26-2.6.R,43,361.0,374.0
U0068,6.T0.13-43-j26-2.5.H,43,363.0,380.0
U0066,7.T0.13-43-j26-2.4.H,43,371.0,375.0
U0069,102.T0.13-43-j26-2.6.R,43,376.0,389.0
U0070,8.T0.13-43-j26-2.5.H,43,378.0,395.0
U0067,103.T0.13-43-j26-2.6.R,43,386.0,399.0
U0066,9.T0.13-43-j26-2.5.H,43,388.0,405.0
U0068,104.T0.13-43-j26-2.6.R,43,396.0,409.0
U0069,10.T0.13-43-j26-2.5.H,43,398.0,415.0
U0070,105.T0.13-43-j26-2.6.R,43,406.0,419.0
U0067,11.T0.13-43-j26-2.5.H,43,408.0,425.0
U0066,106.T0.13-43-j26-2.6.R,43,416.0,429.0
U0068,12.T0.13-43-j26-2.5.H,43,418.0,435.0
U0069,107.T0.13-43-j26-2.6.R,43,426.0,439.0
U0070,13.T0.13-43-j26-2.5.H,43,428.0,445.0
U0067,108.T0.13-43-j26-2.6.R,43,436.0,449.0
U0066,14.T0.13-43-j26-2.5.H,43,438.0,455.0
U0068,109.T0.13-43-j26-2.6.R,43,446.0,459.0
U0069,15.T0.13-43-j26-2.5.H,43,448.0,465.0
U0070,110.T0.13-43-j26-2.6.R,43,456.0,469.0
U0067,16.T0.13-43-j26-2.5.H,43,458.0,475.0
U0066,111.T0.13-43-j26-2.6.R,43,466.0,479.0
U0068,17.T0.13-43-j26-2.5.H,43,468.0,485.0
U0069,112.T0.13-43-j26-2.6.R,43,476.0,489.0
U0070,18.T0.13-43-j26-2.5.H,43,478.0,495.0
U0067,113.T0.13-43-j26-2.6.R,43,486.0,499.0
U0066,19.T0.13-43-j26-2.5.H,43,488.0,505.0
U0068,114.T0.13-43-j26-2.6.R,43,496.0,509.0
U0069,20.T0.13-43-j26-2.5.H,43,498.0,515.0
U0070,115.T0.13-43-j26-2.6.R,43,506.0,519.0
U0067,21.T0.13-43-j26-2.5.H,43,508.0,525.0
U0066,116.T0.13-43-j26-2.6.R,43,516.0,529.0
U0068,22.T0.13-43-j26-2.5.H,43,518.0,535.0
U0069,117.T0.13-43-j26-2.6.R,43,526.0,539.0
U0070,23.T0.13-43-j26-2.5.H,43,528.0,545.0
U0067,118.T0.13-43-j26-2.6.R,43,536.0,549.0
U0066,24.T0.13-43-j26-2.5.H,43,538.0,555.0
U0068,119.T0.13-43-j26-2.6.R,43,546.0,559.0
U0069,25.T0.13-43-j26-2.5.H,43,548.0,565.0
U0070,120.T0.13-43-j26-2.6.R,43,556.0,569.0
U0067,26.T0.13-43-j26-2.5.H,43,563.0,580.0
U0066,121.T0.13-43-j26-2.6.R,43,566.0,579.0
U0068,27.T0.13-43-j26-2.4.H,43,571.0,575.0
U0069,122.T0.13-43-j26-2.6.R,43,576.0,589.0
U0070,28.T0.13-43-j26-2.5.H,43,583.0,600.0
U0068,123.T0.13-43-j26-2.6.R,43,586.0,599.0
U0066,124.T0.13-43-j26-2.6.R,43,601.0,614.0
U0067,29.T0.13-43-j26-2.5.H,43,603.0,620.0
U0069,125.T0.13-43-j26-2.6.R,43,621.0,634.0
U0068,30.T0.13-43-j26-2.5.H,43,623.0,640.0
U0070,126.T0.13-43-j26-2.6.R,43,641.0,654.0
U0066,31.T0.13-43-j26-2.5.H,43,643.0,660.0
U0067,127.T0.13-43-j26-2.6.R,43,661.0,674.0
U0069,32.T0.13-43-j26-2.5.H,43,663.0,680.0
U0068,128.T0.13-43-j26-2.6.R,43,681.0,694.0
U0070,33.T0.13-43-j26-2.5.H,43,683.0,700.0
U0066,34.T0.13-43-j26-2.5.H,43,698.0,715.0
U0067,129.T0.13-43-j26-2.6.R,43,701.0,714.0
U0069,35.T0.13-43-j26-2.5.H,43,708.0,725.0
U0068,130.T0.13-43-j26-2.6.R,43,716.0,729.0
U0070,36.T0.13-43-j26-2.5.H,43,718.0,735.0
U0067,131.T0.13-43-j26-2.6.R,43,726.0,739.0
U0066,37.T0.13-43-j26-2.5.H,43,728.0,745.0
U0069,132.T0.13-43-j26-2.6.R,43,736.0,749.0
U0068,38.T0.13-43-j26-2.5.H,43,738.0,755.0
U0070,133.T0.13-43-j26-2.6.R,43,746.0,759.0
U0067,39.T0.13-43-j26-2.5.H,43,748.0,765.0
U0066,134.T0.13-43-j26-2.6.R,43,756.0,769.0
U0069,40.T0.13-43-j26-2.5.H,43,758.0,775.0
U0068,135.T0.13-43-j26-2.6.R,43,766.0,779.0
U0070,41.T0.13-43-j26-2.5.H,43,768.0,785.0
U0067,136.T0.13-43-j26-2.6.R,43,776.0,789.0
U0066,42.T0.13-43-j26-2.5.H,43,778.0,795.0
U0069,137.T0.13-43-j26-2.6.R,43,786.0,799.0
U0068,43.T0.13-43-j26-2.5.H,43,788.0,805.0
U0070,138.T0.13-43-j26-2.6.R,43,796.0,809.0
U0067,44.T0.13-43-j26-2.5.H,43,798.0,815.0
U0066,139.T0.13-43-j26-2.6.R,43,806.0,819.0
U0069,45.T0.13-43-j26-2.5.H,43,808.0,825.0
U0068,140.T0.13-43-j26-2.6.R,43,816.0,829.0
U0070,46.T0.13-43-j26-2.5.H,43,818.0,835.0
U0067,141.T0.13-43-j26-2.6.R,43,826.0,839.0
U0066,47.T0.13-43-j26-2.5.H,43,828.0,845.0
U0069,142.T0.13-43-j26-2.6.R,43,836.0,849.0
U0068,48.T0.13-43-j26-2.5.H,43,838.0,855.0
U0070,143.T0.13-43-j26-2.6.R,43,846.0,859.0
U0067,49.T0.13-43-j26-2.5.H,43,848.0,865.0
U0066,144.T0.13-43-j26-2.6.R,43,856.0,869.0
U0069,50.T0.13-43-j26-2.5.H,43,858.0,875.0
U0068,145.T0.13-43-j26-2.6.R,43,866.0,879.0
U0070,51.T0.13-43-j26-2.5.H,43,868.0,885.0
U0067,146.T0.13-43-j26-2.6.R,43,876.0,889.0
U0066,52.T0.13-43-j26-2.5.H,43,878.0,895.0
U0069,147.T0.13-43-j26-2.6.R,43,886.0,899.0
U0068,53.T0.13-43-j26-2.5.H,43,888.0,905.0
U0070,148.T0.13-43-j26-2.6.R,43,896.0,909.0
U0067,54.T0.13-43-j26-2.5.H,43,898.0,915.0
U0066,149.T0.13-43-j26-2.6.R,43,906.0,919.0
U0069,55.T0.13-43-j26-2.5.H,43,908.0,925.0
U0068,150.T0.13-43-j26-2.6.R,43,916.0,929.0
U0070,56.T0.13-43-j26-2.5.H,43,918.0,935.0
U0067,151.T0.13-43-j26-2.6.R,43,926.0,939.0
U0066,57.T0.13-43-j26-2.5.H,43,928.0,945.0
U0069,152.T0.13-43-j26-2.6.R,43,936.0,949.0
U0068,58.T0.13-43-j26-2.5.H,43,938.0,955.0
U0070,153.T0.13-43-j26-2.6.R,43,946.0,959.0
U0067,59.T0.13-43-j26-2.5.H,43,948.0,965.0
U0066,154.T0.13-43-j26-2.6.R,43,956.0,969.0
U0069,60.T0.13-43-j26-2.5.H,43,958.0,975.0
U0068,155.T0.13-43-j26-2.6.R,43,966.0,979.0
U0070,61.T0.13-43-j26-2.5.H,43,968.0,985.0
U0067,156.T0.13-43-j26-2.6.R,43,976.0,989.0
U0066,62.T0.13-43-j26-2.5.H,43,978.0,995.0
U0069,157.T0.13-43-j26-2.6.R,43,986.0,999.0
U0068,63.T0.13-43-j26-2.5.H,43,988.0,1005.0
U0070,158.T0.13-43-j26-2.6.R,43,996.0,1009.0
U0067,64.T0.13-43-j26-2.5.H,43,998.0,1015.0
U0066,159.T0.13-43-j26-2.6.R,43,1006.0,1019.0
U0069,65.T0.13-43-j26-2.5.H,43,1008.0,1025.0
U0068,160.T0.13-43-j26-2.6.R,43,1016.0,1029.0
U0070,66.T0.13-43-j26-2.5.H,43,1018.0,1035.0
U0067,161.T0.13-43-j26-2.6.R,43,1026.0,1039.0
U0066,67.T0.13-43-j26-2.5.H,43,1028.0,1045.0
U0069,162.T0.13-43-j26-2.6.R,43,1036.0,1049.0
U0068,68.T0.13-43-j26-2.5.H,43,1038.0,1055.0
U0070,163.T0.13-43-j26-2.6.R,43,1046.0,1059.0
U0067,69.T0.13-43-j26-2.5.H,43,1048.0,1065.0
U0066,164.T0.13-43-j26-2.6.R,43,1056.0,1069.0
U0069,70.T0.13-43-j26-2.5.H,43,1058.0,1075.0
U0068,165.T0.13-43-j26-2.6.R,43,1066.0,1079.0
U0070,71.T0.13-43-j26-2.5.H,43,1068.0,1085.0
U0067,166.T0.13-43-j26-2.6.R,43,1076.0,1089.0
U0066,72.T0.13-43-j26-2.5.H,43,1078.0,1095.0
U0069,167.T0.13-43-j26-2.6.R,43,1086.0,1099.0
U0068,73.T0.13-43-j26-2.5.H,43,1088.0,1105.0
U0070,168.T0.13-43-j26-2.6.R,43,1096.0,1109.0
U0067,74.T0.13-43-j26-2.5.H,43,1098.0,1115.0
U0066,169.T0.13-43-j26-2.6.R,43,1106.0,1119.0
U0069,75.T0.13-43-j26-2.5.H,43,1108.0,1125.0
U0068,170.T0.13-43-j26-2.6.R,43,1116.0,1129.0
U0070,76.T0.13-43-j26-2.5.H,43,1118.0,1135.0
U0067,171.T0.13-43-j26-2.6.R,43,1126.0,1139.0
U0066,77.T0.13-43-j26-2.5.H,43,1128.0,1145.0
U0069,172.T0.13-43-j26-2.6.R,43,1136.0,1149.0
U0068,78.T0.13-43-j26-2.5.H,43,1138.0,1155.0
U0070,173.T0.13-43-j26-2.6.R,43,1146.0,1159.0
U0067,79.T0.13-43-j26-2.5.H,43,1148.0,1165.0
U0066,174.T0.13-43-j26-2.6.R,43,1161.0,1174.0
U0069,80.T0.13-43-j26-2.5.H,43,1163.0,1180.0
U0068,175.T0.13-43-j26-2.6.R,43,1181.0,1194.0
U0070,81.T0.13-43-j26-2.5.H,43,1183.0,1200.0
U0067,176.T0.13-43-j26-2.6.R,43,1201.0,1214.0
U0066,82.T0.13-43-j26-2.5.H,43,1203.0,1220.0
U0069,177.T0.13-43-j26-2.6.R,43,1221.0,1234.0
U0068,83.T0.13-43-j26-2.5.H,43,1223.0,1240.0
U0070,178.T0.13-43-j26-2.6.R,43,1241.0,1254.0
U0067,84.T0.13-43-j26-2.5.H,43,1243.0,1260.0
U0066,179.T0.13-43-j26-2.6.R,43,1261.0,1274.0
U0069,85.T0.13-43-j26-2.5.H,43,1265.0,1280.0
U0068,180.T0.13-43-j26-2.6.R,43,1281.0,1294.0
U0070,86.T0.13-43-j26-2.5.H,43,1285.0,1300.0
U0067,181.T0.13-43-j26-2.6.R,43,1301.0,1314.0
U0066,87.T0.13-43-j26-2.5.H,43,1305.0,1320.0
U0069,182.T0.13-43-j26-2.6.R,43,1321.0,1334.0
U0068,88.T0.13-43-j26-2.5.H,43,1325.0,1340.0
U0070,183.T0.13-43-j26-2.6.R,43,1341.0,1354.0
U0067,89.T0.13-43-j26-2.5.H,43,1345.0,1360.0
U0066,184.T0.13-43-j26-2.6.R,43,1361.0,1374.0
U0069,90.T0.13-43-j26-2.5.H,43,1365.0,1380.0
U0068,185.T0.13-43-j26-2.6.R,43,1381.0,1394.0
U0070,91.T0.13-43-j26-2.5.H,43,1385.0,1400.0
U0067,186.T0.13-43-j26-2.6.R,43,1401.0,1414.0
U0066,92.T0.13-43-j26-2.5.H,43,1405.0,1420.0
U0069,187.T0.13-43-j26-2.6.R,43,1421.0,1434.0
U0068,93.T0.13-43-j26-2.5.H,43,1425.0,1440.0
U0070,188.T0.13-43-j26-2.6.R,43,1441.0,1454.0
U0067,94.T0.13-43-j26-2.5.H,43,1445.0,1460.0
U0066,189.T0.13-43-j26-2.6.R,43,1461.0,1474.0
U0069,95.T0.13-43-j26-2.5.H,43,1465.0,1480.0
U0068,191.T0.13-43-j26-2.6.R,43,1481.0,1494.0
U0070,96.T0.13-43-j26-2.5.H,43,1485.0,1500.0
U0071,87.T0.13-44-j26-2.3.R,44,295.0,324.0
U0072,1.T0.13-44-j26-2.1.H,44,313.0,344.0
U0073,88.T0.13-44-j26-2.3.R,44,315.0,344.0
U0071,2.T0.13-44-j26-2.1.H,44,333.0,364.0
U0074,89.T0.13-44-j26-2.3.R,44,335.0,364.0
U0072,3.T0.13-44-j26-2.1.H,44,353.0,384.0
U0073,90.T0.13-44-j26-2.3.R,44,355.0,384.0
U0071,4.T0.13-44-j26-2.1.H,44,373.0,404.0
U0074,91.T0.13-44-j26-2.3.R,44,375.0,404.0
U0075,92.T0.13-44-j26-2.4.R,44,376.0,394.0
U0076,5.T0.13-44-j26-2.2.H,44,383.0,403.0
U0072,6.T0.13-44-j26-2.1.H,44,393.0,424.0
U0073,93.T0.13-44-j26-2.3.R,44,395.0,424.0
U0077,94.T0.13-44-j26-2.4.R,44,396.0,414.0
U0075,7.T0.13-44-j26-2.2.H,44,403.0,423.0
U0076,8.T0.13-44-j26-2.1.H,44,413.0,444.0
U0071,95.T0.13-44-j26-2.3.R,44,415.0,444.0
U0074,96.T0.13-44-j26-2.4.R,44,416.0,434.0
U0077,9.T0.13-44-j26-2.2.H,44,423.0,443.0
U0075,10.T0.13-44-j26-2.1.H,44,433.0,464.0
U0072,97.T0.13-44-j26-2.3.R,44,435.0,464.0
U0073,98.T0.13-44-j26-2.4.R,44,436.0,454.0
U0074,11.T0.13-44-j26-2.2.H,44,443.0,463.0
U0077,12.T0.13-44-j26-2.1.H,44,453.0,484.0
U0071,99.T0.13-44-j26-2.3.R,44,455.0,484.0
U0076,100.T0.13-44-j26-2.4.R,44,456.0,474.0
U0073,13.T0.13-44-j26-2.2.H,44,463.0,483.0
U0074,14.T0.13-44-j26-2.1.H,44,473.0,504.0
U0072,101.T0.13-44-j26-2.3.R,44,475.0,504.0
U0075,102.T0.13-44-j26-2.4.R,44,476.0,494.0
U0076,15.T0.13-44-j26-2.2.H,44,483.0,503.0
U0073,16.T0.13-44-j26-2.1.H,44,493.0,524.0
U0071,103.T0.13-44-j26-2.3.R,44,495.0,524.0
U0077,104.T0.13-44-j26-2.4.R,44,496.0,514.0
U0075,17.T0.13-44-j26-2.2.H,44,503.0,523.0
U0076,18.T0.13-44-j26-2.1.H,44,513.0,544.0
U0072,105.T0.13-44-j26-2.3.R,44,515.0,544.0
U0074,106.T0.13-44-j26-2.4.R,44,516.0,534.0
U0077,19.T0.13-44-j26-2.2.H,44,523.0,543.0
U0075,20.T0.13-44-j26-2.1.H,44,533.0,564.0
U0071,107.T0.13-44-j26-2.3.R,44,535.0,564.0
U0073,108.T0.13-44-j26-2.4.R,44,536.0,554.0
U0074,21.T0.13-44-j26-2.2.H,44,543.0,563.0
U0077,22.T0.13-44-j26-2.1.H,44,553.0,584.0
U0072,109.T0.13-44-j26-2.3.R,44,555.0,584.0
U0076,110.T0.13-44-j26-2.4.R,44,556.0,574.0
U0073,23.T0.13-44-j26-2.1.H,44,573.0,604.0
U0074,111.T0.13-44-j26-2.3.R,44,575.0,604.0
U0071,112.T0.13-44-j26-2.4.R,44,576.0,594.0
U0075,24.T0.13-44-j26-2.1.H,44,593.0,624.0
U0076,113.T0.13-44-j26-2.3.R,44,595.0,624.0
U0072,25.T0.13-44-j26-2.1.H,44,613.0,644.0
U0077,114.T0.13-44-j26-2.3.R,44,615.0,644.0
U0071,26.T0.13-44-j26-2.1.H,44,633.0,664.0
U0073,115.T0.13-44-j26-2.3.R,44,635.0,664.0
U0074,27.T0.13-44-j26-2.1.H,44,653.0,684.0
U0075,116.T0.13-44-j26-2.3.R,44,655.0,684.0
U0076,28.T0.13-44-j26-2.1.H,44,673.0,704.0
U0072,117.T0.13-44-j26-2.3.R,44,675.0,704.0
U0077,29.T0.13-44-j26-2.1.H,44,693.0,724.0
U0071,118.T0.13-44-j26-2.3.R,44,695.0,724.0
U0073,30.T0.13-44-j26-2.2.H,44,703.0,723.0
U0074,31.T0.13-44-j26-2.1.H,44,713.0,744.0
U0075,119.T0.13-44-j26-2.3.R,44,715.0,744.0
U0072,120.T0.13-44-j26-2.4.R,44,716.0,734.0
U0076,32.T0.13-44-j26-2.2.H,44,723.0,743.0
U0073,33.T0.13-44-j26-2.1.H,44,733.0,764.0
U0071,121.T0.13-44-j26-2.3.R,44,735.0,764.0
U0077,122.T0.13-44-j26-2.4.R,44,736.0,754.0
U0072,34.T0.13-44-j26-2.2.H,44,743.0,763.0
U0076,35.T0.13-44-j26-2.1.H,44,753.0,784.0
U0074,123.T0.13-44-j26-2.3.R,44,755.0,784.0
U0075,124.T0.13-44-j26-2.4.R,44,756.0,774.0
U0077,36.T0.13-44-j26-2.2.H,44,763.0,783.0
U0072,37.T0.13-44-j26-2.1.H,44,773.0,804.0
U0071,125.T0.13-44-j26-2.3.R,44,775.0,804.0
U0073,126.T0.13-44-j26-2.4.R,44,776.0,794.0
U0075,38.T0.13-44-j26-2.2.H,44,783.0,803.0
U0077,39.T0.13-44-j26-2.1.H,44,793.0,824.0
U0074,127.T0.13-44-j26-2.3.R,44,795.0,824.0
U0076,128.T0.13-44-j26-2.4.R,44,796.0,814.0
U0073,40.T0.13-44-j26-2.2.H,44,803.0,823.0
U0075,41.T0.13-44-j26-2.1.H,44,813.0,844.0
U0071,129.T0.13-44-j26-2.3.R,44,815.0,844.0
U0072,130.T0.13-44-j26-2.4.R,44,816.0,834.0
U0076,42.T0.13-44-j26-2.2.H,44,823.0,843.0
U0073,43.T0.13-44-j26-2.1.H,44,833.0,864.0
U0074,131.T0.13-44-j26-2.3.R,44,835.0,864.0
U0077,132.T0.13-44-j26-2.4.R,44,836.0,854.0
U0072,44.T0.13-44-j26-2.2.H,44,843.0,863.0
U0076,45.T0.13-44-j26-2.1.H,44,853.0,884.0
U0071,133.T0.13-44-j26-2.3.R,44,855.0,884.0
U0075,134.T0.13-44-j26-2.4.R,44,856.0,874.0
U0077,46.T0.13-44-j26-2.2.H,44,863.0,883.0
U0072,47.T0.13-44-j26-2.1.H,44,873.0,904.0
U0073,135.T0.13-44-j26-2.3.R,44,875.0,904.0
U0074,136.T0.13-44-j26-2.4.R,44,876.0,894.0
U0075,48.T0.13-44-j26-2.2.H,44,883.0,903.0
U0077,49.T0.13-44-j26-2.1.H,44,893.0,924.0
U0071,137.T0.13-44-j26-2.3.R,44,895.0,924.0
U0076,138.T0.13-44-j26-2.4.R,44,896.0,914.0
U0074,50.T0.13-44-j26-2.2.H,44,903.0,923.0
U0075,51.T0.13-44-j26-2.1.H,44,913.0,944.0
U0072,139.T0.13-44-j26-2.3.R,44,915.0,944.0
U0073,140.T0.13-44-j26-2.4.R,44,916.0,934.0
U0076,52.T0.13-44-j26-2.2.H,44,923.0,943.0
U0074,53.T0.13-44-j26-2.1.H,44,933.0,964.0
U0071,141.T0.13-44-j26-2.3.R,44,935.0,964.0
U0077,142.T0.13-44-j26-2.4.R,44,936.0,954.0
U0073,54.T0.13-44-j26-2.2.H,44,943.0,963.0
U0076,55.T0.13-44-j26-2.1.H,44,953.0,984.0
U0072,143.T0.13-44-j26-2.3.R,44,955.0,984.0
U0075,144.T0.13-44-j26-2.4.R,44,956.0,974.0
U0077,56.T0.13-44-j26-2.2.H,44,963.0,983.0
U0073,57.T0.13-44-j26-2.1.H,44,973.0,1004.0
U0071,145.T0.13-44-j26-2.3.R,44,975.0,1004.0
U0074,146.T0.13-44-j26-2.4.R,44,976.0,994.0
U0075,58.T0.13-44-j26-2.2.H,44,983.0,1003.0
U0077,59.T0.13-44-j26-2.1.H,44,993.0,1024.0
U0072,147.T0.13-44-j26-2.3.R,44,995.0,1024.0
U0076,148.T0.13-44-j26-2.4.R,44,996.0,1014.0
U0074,60.T0.13-44-j26-2.2.H,44,1003.0,1023.0
U0075,61.T0.13-44-j26-2.1.H,44,1013.0,1044.0
U0071,149.T0.13-44-j26-2.3.R,44,1015.0,1044.0
U0073,150.T0.13-44-j26-2.4.R,44,1016.0,1034.0
U0076,62.T0.13-44-j26-2.2.H,44,1023.0,1043.0
U0074,63.T0.13-44-j26-2.1.H,44,1033.0,1064.0
U0072,151.T0.13-44-j26-2.3.R,44,1035.0,1064.0
U0077,152.T0.13-44-j26-2.4.R,44,1036.0,1054.0
U0073,64.T0.13-44-j26-2.2.H,44,1043.0,1063.0
U0076,65.T0.13-44-j26-2.1.H,44,1053.0,1084.0
U0071,153.T0.13-44-j26-2.3.R,44,1055.0,1084.0
U0075,154.T0.13-44-j26-2.4.R,44,1056.0,1074.0
U0077,66.T0.13-44-j26-2.2.H,44,1063.0,1083.0
U0073,67.T0.13-44-j26-2.1.H,44,1073.0,1104.0
U0072,155.T0.13-44-j26-2.3.R,44,1075.0,1104.0
U0074,156.T0.13-44-j26-2.4.R,44,1076.0,1094.0
U0075,68.T0.13-44-j26-2.2.H,44,1083.0,1103.0
U0077,69.T0.13-44-j26-2.1.H,44,1093.0,1124.0
U0071,157.T0.13-44-j26-2.3.R,44,1095.0,1124.0
U0076,158.T0.13-44-j26-2.4.R,44,1096.0,1114.0
U0074,70.T0.13-44-j26-2.2.H,44,1103.0,1123.0
U0075,71.T0.13-44-j26-2.1.H,44,1113.0,1144.0
U0072,159.T0.13-44-j26-2.3.R,44,1115.0,1144.0
U0073,160.T0.13-44-j26-2.4.R,44,1116.0,1134.0
U0076,72.T0.13-44-j26-2.2.H,44,1123.0,1143.0
U0074,73.T0.13-44-j26-2.1.H,44,1133.0,1164.0
U0071,161.T0.13-44-j26-2.3.R,44,1135.0,1164.0
U0077,162.T0.13-44-j26-2.4.R,44,1136.0,1154.0
U0073,74.T0.13-44-j26-2.2.H,44,1143.0,1163.0
U0076,75.T0.13-44-j26-2.1.H,44,1153.0,1184.0
U0072,163.T0.13-44-j26-2.3.R,44,1155.0,1184.0
U0075,76.T0.13-44-j26-2.1.H,44,1173.0,1204.0
U0077,164.T0.13-44-j26-2.3.R,44,1175.0,1204.0
U0073,77.T0.13-44-j26-2.1.H,44,1193.0,1224.0
U0071,165.T0.13-44-j26-2.3.R,44,1195.0,1224.0
U0074,78.T0.13-44-j26-2.1.H,44,1213.0,1244.0
U0072,166.T0.13-44-j26-2.3.R,44,1215.0,1244.0
U0076,79.T0.13-44-j26-2.1.H,44,1233.0,1264.0
U0075,167.T0.13-44-j26-2.3.R,44,1235.0,1264.0
U0077,80.T0.13-44-j26-2.1.H,44,1253.0,1284.0
U0071,168.T0.13-44-j26-2.3.R,44,1255.0,1284.0
U0073,81.T0.13-44-j26-2.1.H,44,1275.0,1302.0
U0072,169.T0.13-44-j26-2.3.R,44,1277.0,1304.0
U0074,82.T0.13-44-j26-2.1.H,44,1315.0,1342.0
U0075,170.T0.13-44-j26-2.3.R,44,1317.0,1344.0
U0076,83.T0.13-44-j26-2.1.H,44,1355.0,1382.0
U0071,171.T0.13-44-j26-2.3.R,44,1357.0,1384.0
U0077,84.T0.13-44-j26-2.1.H,44,1395.0,1422.0
U0073,172.T0.13-44-j26-2.3.R,44,1397.0,1424.0
U0072,85.T0.13-44-j26-2.1.H,44,1435.0,1462.0
U0074,173.T0.13-44-j26-2.3.R,44,1437.0,1464.0
U0075,86.T0.13-44-j26-2.2.H,44,1475.0,1493.0
U0078,1.T0.13-45-j26-2.6.H,45,272.0,332.0
U0079,55.T0.13-45-j26-2.9.R,45,281.0,328.0
U0080,2.T0.13-45-j26-2.6.H,45,292.0,352.0
U0081,56.T0.13-45-j26-2.9.R,45,301.0,348.0
U0082,3.T0.13-45-j26-2.6.H,45,312.0,372.0
U0083,57.T0.13-45-j26-2.10.R,45,313.0,368.0
U0084,4.T0.13-45-j26-2.6.H,45,332.0,392.0
U0085,58.T0.13-45-j26-2.10.R,45,333.0,388.0
U0079,5.T0.13-45-j26-2.6.H,45,352.0,412.0
U0078,59.T0.13-45-j26-2.10.R,45,353.0,408.0
U0081,6.T0.13-45-j26-2.6.H,45,372.0,432.0
U0080,60.T0.13-45-j26-2.10.R,45,373.0,428.0
U0083,7.T0.13-45-j26-2.6.H,45,392.0,452.0
U0082,61.T0.13-45-j26-2.10.R,45,393.0,448.0
U0085,8.T0.13-45-j26-2.6.H,45,412.0,472.0
U0084,62.T0.13-45-j26-2.10.R,45,413.0,468.0
U0078,63.T0.13-45-j26-2.10.R,45,423.0,478.0
U0079,9.T0.13-45-j26-2.6.H,45,432.0,492.0
U0086,64.T0.13-45-j26-2.10.R,45,433.0,488.0
U0080,10.T0.13-45-j26-2.7.H,45,438.0,461.0
U0081,11.T0.13-45-j26-2.6.H,45,452.0,512.0
U0087,65.T0.13-45-j26-2.10.R,45,453.0,508.0
U0082,12.T0.13-45-j26-2.6.H,45,472.0,532.0
U0083,66.T0.13-45-j26-2.10.R,45,473.0,528.0
U0080,13.T0.13-45-j26-2.6.H,45,492.0,552.0
U0084,67.T0.13-45-j26-2.10.R,45,493.0,548.0
U0085,14.T0.13-45-j26-2.6.H,45,512.0,572.0
U0078,68.T0.13-45-j26-2.10.R,45,513.0,568.0
U0086,15.T0.13-45-j26-2.6.H,45,532.0,592.0
U0079,69.T0.13-45-j26-2.10.R,45,533.0,588.0
U0087,16.T0.13-45-j26-2.6.H,45,552.0,612.0
U0081,70.T0.13-45-j26-2.10.R,45,553.0,608.0
U0083,17.T0.13-45-j26-2.6.H,45,572.0,632.0
U0082,71.T0.13-45-j26-2.10.R,45,573.0,628.0
U0084,18.T0.13-45-j26-2.6.H,45,592.0,652.0
U0080,72.T0.13-45-j26-2.10.R,45,593.0,648.0
U0078,19.T0.13-45-j26-2.6.H,45,612.0,672.0
U0085,73.T0.13-45-j26-2.10.R,45,613.0,668.0
U0079,20.T0.13-45-j26-2.6.H,45,632.0,692.0
U0086,74.T0.13-45-j26-2.10.R,45,633.0,688.0
U0081,21.T0.13-45-j26-2.6.H,45,652.0,712.0
U0087,75.T0.13-45-j26-2.10.R,45,653.0,708.0
U0082,22.T0.13-45-j26-2.6.H,45,672.0,732.0
U0083,76.T0.13-45-j26-2.10.R,45,673.0,728.0
U0080,23.T0.13-45-j26-2.6.H,45,692.0,752.0
U0084,77.T0.13-45-j26-2.10.R,45,693.0,748.0
U0085,24.T0.13-45-j26-2.6.H,45,712.0,772.0
U0078,78.T0.13-45-j26-2.10.R,45,713.0,768.0
U0086,25.T0.13-45-j26-2.6.H,45,732.0,792.0
U0079,79.T0.13-45-j26-2.10.R,45,733.0,788.0
U0087,26.T0.13-45-j26-2.6.H,45,752.0,812.0
U0081,80.T0.13-45-j26-2.10.R,45,753.0,808.0
U0083,27.T0.13-45-j26-2.6.H,45,772.0,832.0
U0082,81.T0.13-45-j26-2.10.R,45,773.0,828.0
U0084,28.T0.13-45-j26-2.6.H,45,792.0,852.0
U0080,82.T0.13-45-j26-2.10.R,45,793.0,848.0
U0078,29.T0.13-45-j26-2.6.H,45,812.0,872.0
U0085,83.T0.13-45-j26-2.10.R,45,813.0,868.0
U0079,84.T0.13-45-j26-2.10.R,45,823.0,878.0
U0086,30.T0.13-45-j26-2.6.H,45,832.0,892.0
U0081,85.T0.13-45-j26-2.10.R,45,833.0,888.0
U0087,31.T0.13-45-j26-2.6.H,45,852.0,912.0
U0082,86.T0.13-45-j26-2.10.R,45,853.0,908.0
U0083,32.T0.13-45-j26-2.6.H,45,872.0,932.0
U0080,87.T0.13-45-j26-2.10.R,45,873.0,928.0
U0084,33.T0.13-45-j26-2.6.H,45,892.0,952.0
U0085,88.T0.13-45-j26-2.10.R,45,893.0,948.0
U0078,34.T0.13-45-j26-2.6.H,45,912.0,972.0
U0079,89.T0.13-45-j26-2.10.R,45,913.0,968.0
U0081,35.T0.13-45-j26-2.6.H,45,932.0,992.0
U0086,90.T0.13-45-j26-2.10.R,45,933.0,988.0
U0082,36.T0.13-45-j26-2.6.H,45,952.0,1012.0
U0087,91.T0.13-45-j26-2.10.R,45,953.0,1008.0
U0080,37.T0.13-45-j26-2.6.H,45,972.0,1032.0
U0083,92.T0.13-45-j26-2.10.R,45,973.0,1028.0
U0085,38.T0.13-45-j26-2.6.H,45,992.0,1052.0
U0084,93.T0.13-45-j26-2.10.R,45,993.0,1048.0
U0079,39.T0.13-45-j26-2.6.H,45,1012.0,1072.0
U0078,94.T0.13-45-j26-2.10.R,45,1013.0,1068.0
U0086,40.T0.13-45-j26-2.6.H,45,1032.0,1092.0
U0081,95.T0.13-45-j26-2.10.R,45,1033.0,1088.0
U0087,41.T0.13-45-j26-2.6.H,45,1052.0,1112.0
U0082,96.T0.13-45-j26-2.10.R,45,1053.0,1108.0
U0083,42.T0.13-45-j26-2.6.H,45,1072.0,1132.0
U0080,97.T0.13-45-j26-2.10.R,45,1073.0,1128.0
U0084,43.T0.13-45-j26-2.6.H,45,1092.0,1152.0
U0085,98.T0.13-45-j26-2.10.R,45,1093.0,1148.0
U0078,44.T0.13-45-j26-2.6.H,45,1112.0,1172.0
U0079,99.T0.13-45-j26-2.10.R,45,1113.0,1168.0
U0081,45.T0.13-45-j26-2.6.H,45,1132.0,1192.0
U0086,100.T0.13-45-j26-2.10.R,45,1133.0,1188.0
U0082,46.T0.13-45-j26-2.6.H,45,1152.0,1212.0
U0087,101.T0.13-45-j26-2.10.R,45,1153.0,1208.0
U0080,47.T0.13-45-j26-2.6.H,45,1172.0,1232.0
U0083,102.T0.13-45-j26-2.10.R,45,1173.0,1228.0
U0085,48.T0.13-45-j26-2.6.H,45,1192.0,1252.0
U0084,103.T0.13-45-j26-2.10.R,45,1193.0,1248.0
U0079,49.T0.13-45-j26-2.1.H,45,1212.0,1266.0
U0078,104.T0.13-45-j26-2.10.R,45,1213.0,1268.0
U0086,50.T0.13-45-j26-2.6.H,45,1242.0,1298.0
U0081,105.T0.13-45-j26-2.10.R,45,1246.0,1304.0
U0087,51.T0.13-45-j26-2.6.H,45,1282.0,1338.0
U0082,106.T0.13-45-j26-2.10.R,45,1286.0,1344.0
U0083,52.T0.13-45-j26-2.6.H,45,1322.0,1378.0
U0080,107.T0.13-45-j26-2.10.R,45,1326.0,1384.0
U0084,53.T0.13-45-j26-2.6.H,45,1362.0,1418.0
U0085,108.T0.13-45-j26-2.10.R,45,1366.0,1424.0
U0079,54.T0.13-45-j26-2.6.H,45,1402.0,1458.0
U0078,109.T0.13-45-j26-2.10.R,45,1406.0,1464.0
U0086,110.T0.13-45-j26-2.10.R,45,1446.0,1504.0
U0088,54.T0.13-46-j26-1.6.R,46,281.0,300.0
U0089,1.T0.13-46-j26-1.5.H,46,297.0,322.0
U0090,55.T0.13-46-j26-1.6.R,46,301.0,320.0
U0091,56.T0.13-46-j26-1.2.R,46,305.0,340.0
U0088,2.T0.13-46-j26-1.4.H,46,307.0,342.0
U0092,57.T0.13-46-j26-1.2.R,46,325.0,360.0
U0090,3.T0.13-46-j26-1.4.H,46,327.0,362.0
U0089,58.T0.13-46-j26-1.2.R,46,345.0,380.0
U0091,4.T0.13-46-j26-1.4.H,46,347.0,382.0
U0088,59.T0.13-46-j26-1.2.R,46,365.0,400.0
U0092,5.T0.13-46-j26-1.4.H,46,367.0,402.0
U0090,60.T0.13-46-j26-1.2.R,46,385.0,420.0
U0089,6.T0.13-46-j26-1.4.H,46,387.0,422.0
U0091,61.T0.13-46-j26-1.2.R,46,405.0,440.0
U0088,7.T0.13-46-j26-1.4.H,46,407.0,442.0
U0092,62.T0.13-46-j26-1.2.R,46,425.0,460.0
U0090,8.T0.13-46-j26-1.4.H,46,427.0,462.0
U0089,63.T0.13-46-j26-1.2.R,46,445.0,480.0
U0091,9.T0.13-46-j26-1.4.H,46,447.0,482.0
U0088,64.T0.13-46-j26-1.6.R,46,451.0,470.0
U0093,65.T0.13-46-j26-1.2.R,46,465.0,500.0
U0092,10.T0.13-46-j26-1.4.H,46,467.0,502.0
U0090,66.T0.13-46-j26-1.2.R,46,485.0,520.0
U0088,11.T0.13-46-j26-1.4.H,46,487.0,522.0
U0089,67.T0.13-46-j26-1.2.R,46,505.0,535.0
U0091,12.T0.13-46-j26-1.4.H,46,507.0,542.0
U0093,68.T0.13-46-j26-1.2.R,46,525.0,555.0
U0092,13.T0.13-46-j26-1.4.H,46,532.0,562.0
U0090,69.T0.13-46-j26-1.2.R,46,545.0,575.0
U0088,14.T0.13-46-j26-1.4.H,46,552.0,582.0
U0089,70.T0.13-46-j26-1.2.R,46,565.0,595.0
U0091,15.T0.13-46-j26-1.4.H,46,572.0,602.0
U0093,71.T0.13-46-j26-1.2.R,46,585.0,615.0
U0092,16.T0.13-46-j26-1.4.H,46,592.0,622.0
U0090,72.T0.13-46-j26-1.2.R,46,605.0,635.0
U0088,17.T0.13-46-j26-1.4.H,46,612.0,642.0
U0089,73.T0.13-46-j26-1.2.R,46,625.0,655.0
U0091,18.T0.13-46-j26-1.4.H,46,632.0,662.0
U0093,74.T0.13-46-j26-1.2.R,46,645.0,675.0
U0092,19.T0.13-46-j26-1.4.H,46,652.0,682.0
U0090,75.T0.13-46-j26-1.2.R,46,665.0,695.0
U0088,20.T0.13-46-j26-1.4.H,46,672.0,702.0
U0089,76.T0.13-46-j26-1.2.R,46,685.0,715.0
U0091,21.T0.13-46-j26-1.4.H,46,692.0,722.0
U0093,77.T0.13-46-j26-1.2.R,46,705.0,735.0
U0092,22.T0.13-46-j26-1.4.H,46,712.0,742.0
U0090,78.T0.13-46-j26-1.2.R,46,725.0,755.0
U0088,23.T0.13-46-j26-1.4.H,46,732.0,762.0
U0089,79.T0.13-46-j26-1.2.R,46,745.0,780.0
U0091,24.T0.13-46-j26-1.4.H,46,752.0,782.0
U0093,80.T0.13-46-j26-1.2.R,46,765.0,800.0
U0092,25.T0.13-46-j26-1.4.H,46,772.0,802.0
U0090,81.T0.13-46-j26-1.2.R,46,785.0,820.0
U0088,26.T0.13-46-j26-1.4.H,46,787.0,822.0
U0089,82.T0.13-46-j26-1.2.R,46,805.0,840.0
U0091,27.T0.13-46-j26-1.4.H,46,807.0,842.0
U0093,83.T0.13-46-j26-1.2.R,46,825.0,860.0
U0092,28.T0.13-46-j26-1.4.H,46,827.0,862.0
U0090,84.T0.13-46-j26-1.2.R,46,845.0,880.0
U0088,29.T0.13-46-j26-1.4.H,46,847.0,882.0
U0089,85.T0.13-46-j26-1.2.R,46,865.0,900.0
U0091,30.T0.13-46-j26-1.4.H,46,867.0,902.0
U0093,86.T0.13-46-j26-1.2.R,46,885.0,920.0
U0092,31.T0.13-46-j26-1.4.H,46,887.0,922.0
U0090,87.T0.13-46-j26-1.2.R,46,905.0,940.0
U0088,32.T0.13-46-j26-1.4.H,46,907.0,942.0
U0089,88.T0.13-46-j26-1.2.R,46,925.0,960.0
U0091,33.T0.13-46-j26-1.4.H,46,927.0,962.0
U0093,89.T0.13-46-j26-1.2.R,46,945.0,980.0
U0092,34.T0.13-46-j26-1.4.H,46,947.0,982.0
U0090,90.T0.13-46-j26-1.2.R,46,965.0,1000.0
U0088,35.T0.13-46-j26-1.4.H,46,967.0,1002.0
U0089,91.T0.13-46-j26-1.2.R,46,985.0,1020.0
U0091,36.T0.13-46-j26-1.4.H,46,987.0,1022.0
U0093,92.T0.13-46-j26-1.2.R,46,1005.0,1040.0
U0092,37.T0.13-46-j26-1.4.H,46,1007.0,1042.0
U0090,93.T0.13-46-j26-1.2.R,46,1025.0,1060.0
U0088,38.T0.13-46-j26-1.4.H,46,1027.0,1062.0
U0089,94.T0.13-46-j26-1.2.R,46,1045.0,1080.0
U0091,39.T0.13-46-j26-1.4.H,46,1047.0,1082.0
U0093,95.T0.13-46-j26-1.2.R,46,1065.0,1100.0
U0092,40.T0.13-46-j26-1.4.H,46,1067.0,1102.0
U0090,96.T0.13-46-j26-1.2.R,46,1085.0,1120.0
U0088,41.T0.13-46-j26-1.4.H,46,1087.0,1122.0
U0089,97.T0.13-46-j26-1.2.R,46,1105.0,1135.0
U0091,42.T0.13-46-j26-1.4.H,46,1107.0,1142.0
U0093,98.T0.13-46-j26-1.2.R,46,1125.0,1155.0
U0092,43.T0.13-46-j26-1.4.H,46,1132.0,1162.0
U0090,99.T0.13-46-j26-1.2.R,46,1145.0,1175.0
U0088,44.T0.13-46-j26-1.4.H,46,1152.0,1182.0
U0089,100.T0.13-46-j26-1.2.R,46,1165.0,1195.0
U0091,45.T0.13-46-j26-1.4.H,46,1172.0,1202.0
U0093,101.T0.13-46-j26-1.2.R,46,1185.0,1215.0
U0092,46.T0.13-46-j26-1.4.H,46,1192.0,1222.0
U0090,102.T0.13-46-j26-1.2.R,46,1205.0,1235.0
U0088,47.T0.13-46-j26-1.4.H,46,1212.0,1242.0
U0089,103.T0.13-46-j26-1.7.R,46,1225.0,1236.0
U0091,104.T0.13-46-j26-1.2.R,46,1247.0,1277.0
U0093,48.T0.13-46-j26-1.4.H,46,1248.0,1278.0
U0092,105.T0.13-46-j26-1.2.R,46,1287.0,1317.0
U0090,49.T0.13-46-j26-1.4.H,46,1288.0,1318.0
U0089,106.T0.13-46-j26-1.2.R,46,1327.0,1357.0
U0088,50.T0.13-46-j26-1.4.H,46,1328.0,1358.0
U0091,107.T0.13-46-j26-1.2.R,46,1367.0,1397.0
U0093,51.T0.13-46-j26-1.4.H,46,1368.0,1398.0
U0092,108.T0.13-46-j26-1.2.R,46,1407.0,1437.0
U0090,52.T0.13-46-j26-1.4.H,46,1408.0,1438.0
U0089,109.T0.13-46-j26-1.7.R,46,1447.0,1458.0
U0088,53.T0.13-46-j26-1.4.H,46,1448.0,1478.0
U0094,1.T0.13-47-j26-1.4.H,47,314.0,316.0
U0095,49.T0.13-47-j26-1.1.R,47,316.0,335.0
U0094,2.T0.13-47-j26-1.5.H,47,332.0,352.0
U0096,3.T0.13-47-j26-1.4.H,47,334.0,336.0
U0097,50.T0.13-47-j26-1.1.R,47,336.0,355.0
U0095,4.T0.13-47-j26-1.5.H,47,352.0,372.0
U0096,51.T0.13-47-j26-1.1.R,47,356.0,375.0
U0094,5.T0.13-47-j26-1.5.H,47,372.0,392.0
U0097,52.T0.13-47-j26-1.1.R,47,376.0,395.0
U0095,6.T0.13-47-j26-1.5.H,47,392.0,412.0
U0096,53.T0.13-47-j26-1.1.R,47,396.0,415.0
U0094,7.T0.13-47-j26-1.5.H,47,412.0,432.0
U0097,54.T0.13-47-j26-1.1.R,47,416.0,435.0
U0095,8.T0.13-47-j26-1.5.H,47,432.0,452.0
U0096,55.T0.13-47-j26-1.1.R,47,436.0,455.0
U0094,9.T0.13-47-j26-1.4.H,47,442.0,444.0
U0097,56.T0.13-47-j26-1.2.R,47,444.0,461.0
U0094,10.T0.13-47-j26-1.5.H,47,452.0,472.0
U0098,57.T0.13-47-j26-1.1.R,47,456.0,475.0
U0095,11.T0.13-47-j26-1.5.H,47,472.0,492.0
U0096,58.T0.13-47-j26-1.1.R,47,476.0,495.0
U0097,59.T0.13-47-j26-1.3.R,47,477.0,479.0
U0094,12.T0.13-47-j26-1.5.H,47,492.0,512.0
U0098,60.T0.13-47-j26-1.1.R,47,496.0,515.0
U0097,13.T0.13-47-j26-1.5.H,47,512.0,532.0
U0095,61.T0.13-47-j26-1.1.R,47,526.0,545.0
U0096,62.T0.13-47-j26-1.3.R,47,532.0,534.0
U0094,14.T0.13-47-j26-1.5.H,47,542.0,562.0
U0098,63.T0.13-47-j26-1.1.R,47,566.0,585.0
U0097,15.T0.13-47-j26-1.5.H,47,582.0,602.0
U0096,64.T0.13-47-j26-1.1.R,47,606.0,625.0
U0095,16.T0.13-47-j26-1.5.H,47,622.0,642.0
U0094,65.T0.13-47-j26-1.1.R,47,646.0,665.0
U0098,17.T0.13-47-j26-1.5.H,47,662.0,682.0
U0097,66.T0.13-47-j26-1.1.R,47,686.0,705.0
U0096,18.T0.13-47-j26-1.5.H,47,702.0,722.0
U0095,67.T0.13-47-j26-1.1.R,47,726.0,745.0
U0094,19.T0.13-47-j26-1.5.H,47,742.0,762.0
U0098,20.T0.13-47-j26-1.4.H,47,754.0,756.0
U0097,68.T0.13-47-j26-1.1.R,47,756.0,775.0
U0096,69.T0.13-47-j26-1.1.R,47,776.0,795.0
U0095,21.T0.13-47-j26-1.5.H,47,780.0,800.0
U0098,22.T0.13-47-j26-1.5.H,47,792.0,812.0
U0094,23.T0.13-47-j26-1.4.H,47,794.0,796.0
U0097,70.T0.13-47-j26-1.1.R,47,796.0,815.0
U0096,24.T0.13-47-j26-1.5.H,47,812.0,832.0
U0094,71.T0.13-47-j26-1.1.R,47,816.0,835.0
U0095,25.T0.13-47-j26-1.5.H,47,832.0,852.0
U0098,72.T0.13-47-j26-1.1.R,47,836.0,855.0
U0097,26.T0.13-47-j26-1.5.H,47,852.0,872.0
U0096,73.T0.13-47-j26-1.1.R,47,856.0,875.0
U0094,27.T0.13-47-j26-1.5.H,47,872.0,892.0
U0095,74.T0.13-47-j26-1.1.R,47,876.0,895.0
U0098,28.T0.13-47-j26-1.5.H,47,892.0,912.0
U0097,75.T0.13-47-j26-1.1.R,47,896.0,915.0
U0096,29.T0.13-47-j26-1.5.H,47,912.0,932.0
U0094,76.T0.13-47-j26-1.1.R,47,916.0,935.0
U0095,30.T0.13-47-j26-1.5.H,47,932.0,952.0
U0098,77.T0.13-47-j26-1.1.R,47,936.0,955.0
U0097,31.T0.13-47-j26-1.5.H,47,952.0,972.0
U0096,78.T0.13-47-j26-1.1.R,47,956.0,975.0
U0094,32.T0.13-47-j26-1.5.H,47,972.0,992.0
U0095,79.T0.13-47-j26-1.1.R,47,976.0,995.0
U0098,33.T0.13-47-j26-1.5.H,47,992.0,1012.0
U0097,80.T0.13-47-j26-1.1.R,47,996.0,1015.0
U0096,34.T0.13-47-j26-1.5.H,47,1012.0,1032.0
U0094,81.T0.13-47-j26-1.1.R,47,1016.0,1035.0
U0095,35.T0.13-47-j26-1.5.H,47,1032.0,1052.0
U0098,82.T0.13-47-j26-1.1.R,47,1036.0,1055.0
U0097,36.T0.13-47-j26-1.5.H,47,1052.0,1072.0
U0096,83.T0.13-47-j26-1.1.R,47,1056.0,1075.0
U0094,37.T0.13-47-j26-1.5.H,47,1072.0,1092.0
U0095,84.T0.13-47-j26-1.1.R,47,1076.0,1095.0
U0098,38.T0.13-47-j26-1.5.H,47,1092.0,1112.0
U0097,85.T0.13-47-j26-1.1.R,47,1096.0,1115.0
U0096,39.T0.13-47-j26-1.5.H,47,1112.0,1132.0
U0094,86.T0.13-47-j26-1.1.R,47,1126.0,1145.0
U0095,87.T0.13-47-j26-1.3.R,47,1132.0,1134.0
U0098,40.T0.13-47-j26-1.5.H,47,1142.0,1162.0
U0097,88.T0.13-47-j26-1.1.R,47,1166.0,1185.0
U0096,41.T0.13-47-j26-1.5.H,47,1182.0,1202.0
U0095,89.T0.13-47-j26-1.1.R,47,1206.0,1225.0
U0094,42.T0.13-47-j26-1.5.H,47,1222.0,1242.0
U0098,90.T0.13-47-j26-1.1.R,47,1246.0,1265.0
U0097,43.T0.13-47-j26-1.5.H,47,1258.0,1274.0
U0096,91.T0.13-47-j26-1.1.R,47,1290.0,1307.0
U0095,44.T0.13-47-j26-1.5.H,47,1298.0,1314.0
U0094,92.T0.13-47-j26-1.1.R,47,1330.0,1347.0
U0098,45.T0.13-47-j26-1.5.H,47,1338.0,1354.0
U0097,93.T0.13-47-j26-1.1.R,47,1370.0,1387.0
U0096,46.T0.13-47-j26-1.5.H,47,1378.0,1394.0
U0095,94.T0.13-47-j26-1.1.R,47,1410.0,1427.0
U0094,47.T0.13-47-j26-1.5.H,47,1418.0,1434.0
U0098,95.T0.13-47-j26-1.1.R,47,1450.0,1467.0
U0097,48.T0.13-47-j26-1.6.H,47,1458.0,1472.0
U0099,1.T0.13-49-j26-1.1.H,49,381.0,388.0
U0100,14.T0.13-49-j26-1.2.R,49,393.0,401.0
U0099,2.T0.13-49-j26-1.1.H,49,401.0,408.0
U0100,15.T0.13-49-j26-1.2.R,49,413.0,421.0
U0099,3.T0.13-49-j26-1.1.H,49,421.0,428.0
U0100,16.T0.13-49-j26-1.2.R,49,433.0,441.0
U0099,4.T0.13-49-j26-1.1.H,49,441.0,448.0
U0100,17.T0.13-49-j26-1.2.R,49,453.0,461.0
U0099,5.T0.13-49-j26-1.1.H,49,461.0,468.0
U0100,18.T0.13-49-j26-1.2.R,49,473.0,481.0
U0099,6.T0.13-49-j26-1.1.H,49,481.0,488.0
U0100,19.T0.13-49-j26-1.2.R,49,493.0,501.0
U0099,7.T0.13-49-j26-1.1.H,49,903.0,910.0
U0100,20.T0.13-49-j26-1.2.R,49,915.0,923.0
U0099,8.T0.13-49-j26-1.1.H,49,923.0,930.0
U0100,21.T0.13-49-j26-1.2.R,49,935.0,943.0
U0099,9.T0.13-49-j26-1.1.H,49,943.0,950.0
U0100,22.T0.13-49-j26-1.2.R,49,955.0,963.0
U0099,10.T0.13-49-j26-1.1.H,49,963.0,970.0
U0100,23.T0.13-49-j26-1.2.R,49,975.0,983.0
U0099,11.T0.13-49-j26-1.1.H,49,983.0,990.0
U0100,24.T0.13-49-j26-1.2.R,49,995.0,1003.0
U0099,12.T0.13-49-j26-1.1.H,49,1003.0,1010.0
U0100,25.T0.13-49-j26-1.2.R,49,1015.0,1023.0
U0099,13.T0.13-49-j26-1.1.H,49,1023.0,1030.0
U0100,26.T0.13-49-j26-1.2.R,49,1035.0,1043.0
U0101,1.T0.13-50-j26-1.1.H,50,335.0,355.0
U0102,28.T0.13-50-j26-1.4.R,50,350.0,362.0
U0103,29.T0.13-50-j26-1.5.R,50,360.0,382.0
U0101,2.T0.13-50-j26-1.2.H,50,365.0,379.0
U0102,30.T0.13-50-j26-1.4.R,50,380.0,392.0
U0101,3.T0.13-50-j26-1.1.H,50,385.0,405.0
U0103,4.T0.13-50-j26-1.2.H,50,395.0,409.0
U0102,31.T0.13-50-j26-1.5.R,50,410.0,432.0
U0101,5.T0.13-50-j26-1.2.H,50,435.0,449.0
U0103,32.T0.13-50-j26-1.4.R,50,450.0,462.0
U0102,6.T0.13-50-j26-1.2.H,50,465.0,479.0
U0101,33.T0.13-50-j26-1.4.R,50,480.0,492.0
U0103,7.T0.13-50-j26-1.2.H,50,505.0,519.0
U0102,34.T0.13-50-j26-1.4.R,50,520.0,532.0
U0101,8.T0.13-50-j26-1.1.H,50,535.0,555.0
U0103,35.T0.13-50-j26-1.5.R,50,562.0,584.0
U0102,9.T0.13-50-j26-1.2.H,50,705.0,719.0
U0101,36.T0.13-50-j26-1.4.R,50,720.0,732.0
U0103,10.T0.13-50-j26-1.2.H,50,745.0,759.0
U0102,37.T0.13-50-j26-1.4.R,50,760.0,772.0
U0101,11.T0.13-50-j26-1.1.H,50,775.0,795.0
U0103,38.T0.13-50-j26-1.5.R,50,800.0,822.0
U0102,12.T0.13-50-j26-1.2.H,50,825.0,839.0
U0101,39.T0.13-50-j26-1.4.R,50,840.0,852.0
U0103,13.T0.13-50-j26-1.2.H,50,865.0,879.0
U0102,40.T0.13-50-j26-1.4.R,50,880.0,892.0
U0101,14.T0.13-50-j26-1.2.H,50,905.0,919.0
U0103,41.T0.13-50-j26-1.4.R,50,920.0,932.0
U0102,15.T0.13-50-j26-1.1.H,50,935.0,955.0
U0101,42.T0.13-50-j26-1.5.R,50,960.0,982.0
U0103,16.T0.13-50-j26-1.2.H,50,985.0,999.0
U0102,43.T0.13-50-j26-1.4.R,50,1000.0,1012.0
U0101,17.T0.13-50-j26-1.2.H,50,1025.0,1039.0
U0103,44.T0.13-50-j26-1.4.R,50,1040.0,1052.0
U0102,18.T0.13-50-j26-1.1.H,50,1055.0,1075.0
U0101,45.T0.13-50-j26-1.5.R,50,1080.0,1102.0
U0103,19.T0.13-50-j26-1.2.H,50,1105.0,1119.0
U0102,46.T0.13-50-j26-1.4.R,50,1120.0,1132.0
U0101,20.T0.13-50-j26-1.2.H,50,1145.0,1159.0
U0103,47.T0.13-50-j26-1.4.R,50,1160.0,1172.0
U0102,21.T0.13-50-j26-1.2.H,50,1185.0,1199.0
U0101,48.T0.13-50-j26-1.4.R,50,1200.0,1212.0
U0103,22.T0.13-50-j26-1.2.H,50,1225.0,1239.0
U0102,49.T0.13-50-j26-1.4.R,50,1240.0,1252.0
U0101,23.T0.13-50-j26-1.2.H,50,1267.0,1279.0
U0103,50.T0.13-50-j26-1.4.R,50,1280.0,1291.0
U0102,24.T0.13-50-j26-1.2.H,50,1307.0,1319.0
U0101,51.T0.13-50-j26-1.4.R,50,1320.0,1331.0
U0103,25.T0.13-50-j26-1.2.H,50,1347.0,1359.0
U0102,52.T0.13-50-j26-1.4.R,50,1360.0,1371.0
U0101,26.T0.13-50-j26-1.2.H,50,1387.0,1399.0
U0103,53.T0.13-50-j26-1.4.R,50,1400.0,1411.0
U0102,27.T0.13-50-j26-1.2.H,50,1427.0,1439.0
U0101,54.T0.13-50-j26-1.4.R,50,1440.0,1451.0
U0104,98.T0.13-51-j26-1.7.R,51,258.0,289.0
U0105,99.T0.13-51-j26-1.7.R,51,278.0,309.0
U0104,100.T0.13-51-j26-1.7.R,51,298.0,329.0
U0105,1.T0.13-51-j26-1.4.H,51,317.0,347.0
U0106,101.T0.13-51-j26-1.7.R,51,318.0,349.0
U0104,2.T0.13-51-j26-1.4.H,51,337.0,367.0
U0107,102.T0.13-51-j26-1.7.R,51,338.0,372.0
U0108,104.T0.13-51-j26-1.7.R,51,348.0,382.0
U0105,3.T0.13-51-j26-1.4.H,51,357.0,387.0
U0106,105.T0.13-51-j26-1.7.R,51,358.0,392.0
U0109,106.T0.13-51-j26-1.7.R,51,368.0,402.0
U0104,4.T0.13-51-j26-1.4.H,51,377.0,409.0
U0107,108.T0.13-51-j26-1.7.R,51,378.0,412.0
U0110,6.T0.13-51-j26-1.4.H,51,387.0,419.0
U0108,109.T0.13-51-j26-1.7.R,51,388.0,422.0
U0105,7.T0.13-51-j26-1.4.H,51,397.0,429.0
U0106,110.T0.13-51-j26-1.7.R,51,398.0,432.0
U0111,111.T0.13-51-j26-1.10.R,51,400.0,427.0
U0112,112.T0.13-51-j26-1.9.R,51,403.0,443.0
U0109,113.T0.13-51-j26-1.7.R,51,408.0,442.0
U0104,115.T0.13-51-j26-1.9.R,51,418.0,458.0
U0107,116.T0.13-51-j26-1.11.R,51,420.0,453.0
U0113,117.T0.13-51-j26-1.9.R,51,423.0,463.0
U0110,10.T0.13-51-j26-1.4.H,51,427.0,459.0
U0108,119.T0.13-51-j26-1.12.R,51,430.0,468.0
U0111,11.T0.13-51-j26-1.4.H,51,437.0,469.0
U0105,120.T0.13-51-j26-1.7.R,51,438.0,472.0
U0106,12.T0.13-51-j26-1.4.H,51,447.0,479.0
U0109,121.T0.13-51-j26-1.7.R,51,448.0,482.0
U0112,13.T0.13-51-j26-1.4.H,51,457.0,489.0
U0114,123.T0.13-51-j26-1.7.R,51,458.0,492.0
U0107,15.T0.13-51-j26-1.4.H,51,467.0,499.0
U0104,124.T0.13-51-j26-1.7.R,51,468.0,502.0
U0110,16.T0.13-51-j26-1.4.H,51,477.0,509.0
U0113,125.T0.13-51-j26-1.7.R,51,478.0,512.0
U0108,18.T0.13-51-j26-1.4.H,51,487.0,519.0
U0111,126.T0.13-51-j26-1.7.R,51,488.0,522.0
U0105,19.T0.13-51-j26-1.4.H,51,497.0,529.0
U0106,127.T0.13-51-j26-1.7.R,51,498.0,532.0
U0109,129.T0.13-51-j26-1.7.R,51,508.0,542.0
U0112,21.T0.13-51-j26-1.4.H,51,517.0,549.0
U0114,130.T0.13-51-j26-1.7.R,51,518.0,552.0
U0107,132.T0.13-51-j26-1.7.R,51,528.0,562.0
U0104,22.T0.13-51-j26-1.4.H,51,537.0,567.0
U0110,133.T0.13-51-j26-1.7.R,51,538.0,572.0
U0113,23.T0.13-51-j26-1.4.H,51,557.0,587.0
U0108,135.T0.13-51-j26-1.7.R,51,561.0,592.0
U0111,24.T0.13-51-j26-1.4.H,51,577.0,607.0
U0105,136.T0.13-51-j26-1.7.R,51,581.0,612.0
U0106,25.T0.13-51-j26-1.4.H,51,597.0,627.0
U0109,137.T0.13-51-j26-1.7.R,51,601.0,632.0
U0112,26.T0.13-51-j26-1.4.H,51,617.0,647.0
U0114,138.T0.13-51-j26-1.7.R,51,621.0,652.0
U0107,27.T0.13-51-j26-1.4.H,51,637.0,667.0
U0104,139.T0.13-51-j26-1.7.R,51,641.0,672.0
U0110,28.T0.13-51-j26-1.4.H,51,657.0,687.0
U0113,140.T0.13-51-j26-1.7.R,51,661.0,692.0
U0108,29.T0.13-51-j26-1.4.H,51,677.0,707.0
U0111,141.T0.13-51-j26-1.7.R,51,681.0,712.0
U0105,30.T0.13-51-j26-1.4.H,51,697.0,727.0
U0106,142.T0.13-51-j26-1.7.R,51,701.0,732.0
U0109,31.T0.13-51-j26-1.4.H,51,717.0,747.0
U0112,143.T0.13-51-j26-1.7.R,51,721.0,752.0
U0114,32.T0.13-51-j26-1.4.H,51,727.0,757.0
U0107,33.T0.13-51-j26-1.4.H,51,737.0,767.0
U0104,144.T0.13-51-j26-1.7.R,51,741.0,772.0
U0110,34.T0.13-51-j26-1.4.H,51,747.0,777.0
U0113,35.T0.13-51-j26-1.4.H,51,757.0,787.0
U0108,145.T0.13-51-j26-1.7.R,51,761.0,792.0
U0111,36.T0.13-51-j26-1.4.H,51,767.0,797.0
U0105,146.T0.13-51-j26-1.7.R,51,771.0,802.0
U0106,37.T0.13-51-j26-1.4.H,51,777.0,807.0
U0109,147.T0.13-51-j26-1.7.R,51,781.0,812.0
U0112,38.T0.13-51-j26-1.4.H,51,787.0,817.0
U0114,39.T0.13-51-j26-1.8.H,51,790.0,826.0
U0107,148.T0.13-51-j26-1.7.R,51,791.0,822.0
U0104,40.T0.13-51-j26-1.4.H,51,797.0,827.0
U0110,149.T0.13-51-j26-1.7.R,51,801.0,832.0
U0113,42.T0.13-51-j26-1.4.H,51,807.0,837.0
U0108,150.T0.13-51-j26-1.7.R,51,811.0,842.0
U0111,43.T0.13-51-j26-1.4.H,51,817.0,847.0
U0105,44.T0.13-51-j26-1.4.H,51,827.0,857.0
U0106,45.T0.13-51-j26-1.4.H,51,837.0,867.0
U0109,153.T0.13-51-j26-1.7.R,51,838.0,872.0
U0112,46.T0.13-51-j26-1.4.H,51,847.0,879.0
U0107,155.T0.13-51-j26-1.7.R,51,848.0,882.0
U0114,47.T0.13-51-j26-1.4.H,51,857.0,889.0
U0104,156.T0.13-51-j26-1.7.R,51,858.0,892.0
U0110,48.T0.13-51-j26-1.4.H,51,867.0,899.0
U0113,157.T0.13-51-j26-1.7.R,51,868.0,902.0
U0108,50.T0.13-51-j26-1.4.H,51,877.0,909.0
U0111,158.T0.13-51-j26-1.7.R,51,878.0,912.0
U0105,52.T0.13-51-j26-1.4.H,51,887.0,919.0
U0106,159.T0.13-51-j26-1.7.R,51,888.0,922.0
U0109,53.T0.13-51-j26-1.4.H,51,897.0,929.0
U0112,160.T0.13-51-j26-1.7.R,51,898.0,932.0
U0107,54.T0.13-51-j26-1.4.H,51,907.0,939.0
U0114,161.T0.13-51-j26-1.7.R,51,908.0,942.0
U0104,55.T0.13-51-j26-1.4.H,51,917.0,949.0
U0110,162.T0.13-51-j26-1.7.R,51,918.0,952.0
U0113,56.T0.13-51-j26-1.4.H,51,927.0,959.0
U0108,164.T0.13-51-j26-1.7.R,51,928.0,962.0
U0111,57.T0.13-51-j26-1.4.H,51,937.0,969.0
U0105,165.T0.13-51-j26-1.7.R,51,938.0,972.0
U0106,58.T0.13-51-j26-1.4.H,51,947.0,979.0
U0109,166.T0.13-51-j26-1.7.R,51,948.0,982.0
U0112,59.T0.13-51-j26-1.4.H,51,957.0,989.0
U0107,167.T0.13-51-j26-1.7.R,51,958.0,992.0
U0114,61.T0.13-51-j26-1.4.H,51,967.0,999.0
U0104,168.T0.13-51-j26-1.7.R,51,968.0,1002.0
U0110,62.T0.13-51-j26-1.4.H,51,977.0,1009.0
U0113,169.T0.13-51-j26-1.7.R,51,978.0,1012.0
U0108,63.T0.13-51-j26-1.4.H,51,987.0,1019.0
U0111,170.T0.13-51-j26-1.7.R,51,988.0,1022.0
U0105,64.T0.13-51-j26-1.4.H,51,997.0,1029.0
U0106,171.T0.13-51-j26-1.7.R,51,998.0,1032.0
U0109,65.T0.13-51-j26-1.4.H,51,1007.0,1039.0
U0112,173.T0.13-51-j26-1.7.R,51,1008.0,1042.0
U0107,66.T0.13-51-j26-1.4.H,51,1017.0,1049.0
U0114,174.T0.13-51-j26-1.7.R,51,1018.0,1052.0
U0104,67.T0.13-51-j26-1.4.H,51,1027.0,1059.0
U0110,175.T0.13-51-j26-1.7.R,51,1028.0,1062.0
U0113,68.T0.13-51-j26-1.4.H,51,1037.0,1069.0
U0108,176.T0.13-51-j26-1.7.R,51,1038.0,1072.0
U0111,70.T0.13-51-j26-1.4.H,51,1047.0,1079.0
U0105,177.T0.13-51-j26-1.7.R,51,1048.0,1082.0
U0106,71.T0.13-51-j26-1.4.H,51,1057.0,1089.0
U0109,178.T0.13-51-j26-1.7.R,51,1058.0,1092.0
U0112,72.T0.13-51-j26-1.4.H,51,1067.0,1099.0
U0107,179.T0.13-51-j26-1.7.R,51,1068.0,1102.0
U0114,73.T0.13-51-j26-1.4.H,51,1077.0,1109.0
U0104,180.T0.13-51-j26-1.7.R,51,1078.0,1112.0
U0110,74.T0.13-51-j26-1.4.H,51,1087.0,1119.0
U0113,182.T0.13-51-j26-1.7.R,51,1088.0,1122.0
U0108,75.T0.13-51-j26-1.4.H,51,1097.0,1129.0
U0111,183.T0.13-51-j26-1.7.R,51,1101.0,1132.0
U0105,76.T0.13-51-j26-1.4.H,51,1107.0,1139.0
U0106,77.T0.13-51-j26-1.4.H,51,1117.0,1149.0
U0109,184.T0.13-51-j26-1.7.R,51,1121.0,1152.0
U0112,79.T0.13-51-j26-1.4.H,51,1127.0,1159.0
U0107,80.T0.13-51-j26-1.4.H,51,1137.0,1169.0
U0114,185.T0.13-51-j26-1.7.R,51,1141.0,1172.0
U0104,81.T0.13-51-j26-1.4.H,51,1157.0,1187.0
U0110,186.T0.13-51-j26-1.7.R,51,1161.0,1192.0
U0113,82.T0.13-51-j26-1.4.H,51,1177.0,1207.0
U0108,187.T0.13-51-j26-1.7.R,51,1181.0,1212.0
U0111,83.T0.13-51-j26-1.4.H,51,1197.0,1227.0
U0105,188.T0.13-51-j26-1.7.R,51,1201.0,1232.0
U0106,84.T0.13-51-j26-1.4.H,51,1212.0,1242.0
U0109,189.T0.13-51-j26-1.7.R,51,1224.0,1255.0
U0112,85.T0.13-51-j26-1.2.H,51,1228.0,1248.0
U0107,86.T0.13-51-j26-1.3.H,51,1248.0,1276.0
U0114,190.T0.13-51-j26-1.7.R,51,1250.0,1277.0
U0104,87.T0.13-51-j26-1.2.H,51,1268.0,1288.0
U0110,191.T0.13-51-j26-1.6.R,51,1280.0,1298.0
U0113,88.T0.13-51-j26-1.3.H,51,1288.0,1316.0
U0108,192.T0.13-51-j26-1.5.R,51,1292.0,1318.0
U0111,89.T0.13-51-j26-1.2.H,51,1308.0,1328.0
U0105,193.T0.13-51-j26-1.6.R,51,1320.0,1338.0
U0106,90.T0.13-51-j26-1.3.H,51,1328.0,1356.0
U0112,194.T0.13-51-j26-1.5.R,51,1332.0,1358.0
U0109,91.T0.13-51-j26-1.2.H,51,1348.0,1368.0
U0107,195.T0.13-51-j26-1.6.R,51,1360.0,1378.0
U0114,92.T0.13-51-j26-1.3.H,51,1368.0,1396.0
U0104,196.T0.13-51-j26-1.5.R,51,1372.0,1398.0
U0110,93.T0.13-51-j26-1.2.H,51,1388.0,1408.0
U0113,197.T0.13-51-j26-1.6.R,51,1400.0,1418.0
U0108,94.T0.13-51-j26-1.3.H,51,1408.0,1436.0
U0111,198.T0.13-51-j26-1.5.R,51,1412.0,1438.0
U0105,95.T0.13-51-j26-1.2.H,51,1428.0,1448.0
U0106,199.T0.13-51-j26-1.6.R,51,1440.0,1458.0
U0112,96.T0.13-51-j26-1.3.H,51,1448.0,1476.0
U0109,200.T0.13-51-j26-1.5.R,51,1452.0,1478.0
U0107,97.T0.13-51-j26-1.1.H,51,1468.0,1490.0
U0115,59.T0.13-52-j26-1.1.R,52,295.0,321.0
U0116,1.T0.13-52-j26-1.5.H,52,305.0,330.0
U0117,60.T0.13-52-j26-1.1.R,52,315.0,341.0
U0118,2.T0.13-52-j26-1.5.H,52,325.0,350.0
U0115,61.T0.13-52-j26-1.1.R,52,335.0,361.0
U0116,3.T0.13-52-j26-1.5.H,52,345.0,370.0
U0117,62.T0.13-52-j26-1.1.R,52,357.0,383.0
U0118,4.T0.13-52-j26-1.5.H,52,365.0,390.0
U0115,63.T0.13-52-j26-1.1.R,52,377.0,403.0
U0116,5.T0.13-52-j26-1.5.H,52,385.0,410.0
U0117,64.T0.13-52-j26-1.1.R,52,397.0,423.0
U0118,6.T0.13-52-j26-1.5.H,52,405.0,430.0
U0115,66.T0.13-52-j26-1.6.R,52,417.0,443.0
U0116,7.T0.13-52-j26-1.5.H,52,425.0,450.0
U0117,67.T0.13-52-j26-1.1.R,52,437.0,463.0
U0118,8.T0.13-52-j26-1.5.H,52,445.0,470.0
U0115,68.T0.13-52-j26-1.1.R,52,457.0,483.0
U0116,9.T0.13-52-j26-1.5.H,52,465.0,490.0
U0117,69.T0.13-52-j26-1.1.R,52,477.0,503.0
U0118,10.T0.13-52-j26-1.5.H,52,485.0,510.0
U0115,70.T0.13-52-j26-1.1.R,52,497.0,523.0
U0116,11.T0.13-52-j26-1.5.H,52,505.0,530.0
U0117,71.T0.13-52-j26-1.1.R,52,515.0,541.0
U0118,12.T0.13-52-j26-1.5.H,52,525.0,550.0
U0115,72.T0.13-52-j26-1.1.R,52,535.0,561.0
U0116,13.T0.13-52-j26-1.5.H,52,545.0,570.0
U0117,73.T0.13-52-j26-1.1.R,52,555.0,581.0
U0118,14.T0.13-52-j26-1.5.H,52,565.0,590.0
U0115,74.T0.13-52-j26-1.1.R,52,575.0,601.0
U0116,15.T0.13-52-j26-1.5.H,52,585.0,610.0
U0117,75.T0.13-52-j26-1.1.R,52,595.0,621.0
U0118,16.T0.13-52-j26-1.5.H,52,605.0,630.0
U0115,76.T0.13-52-j26-1.1.R,52,615.0,641.0
U0116,17.T0.13-52-j26-1.5.H,52,625.0,650.0
U0117,77.T0.13-52-j26-1.1.R,52,635.0,661.0
U0118,18.T0.13-52-j26-1.5.H,52,645.0,670.0
U0115,78.T0.13-52-j26-1.1.R,52,655.0,681.0
U0116,19.T0.13-52-j26-1.5.H,52,665.0,690.0
U0117,79.T0.13-52-j26-1.1.R,52,675.0,701.0
U0118,20.T0.13-52-j26-1.5.H,52,685.0,710.0
U0115,80.T0.13-52-j26-1.1.R,52,695.0,721.0
U0116,21.T0.13-52-j26-1.5.H,52,705.0,730.0
U0117,81.T0.13-52-j26-1.1.R,52,715.0,741.0
U0118,22.T0.13-52-j26-1.5.H,52,725.0,750.0
U0115,82.T0.13-52-j26-1.1.R,52,735.0,761.0
U0116,23.T0.13-52-j26-1.5.H,52,745.0,770.0
U0117,83.T0.13-52-j26-1.1.R,52,755.0,781.0
U0118,24.T0.13-52-j26-1.5.H,52,765.0,790.0
U0115,84.T0.13-52-j26-1.1.R,52,775.0,801.0
U0116,25.T0.13-52-j26-1.5.H,52,785.0,810.0
U0117,85.T0.13-52-j26-1.1.R,52,795.0,821.0
U0118,86.T0.13-52-j26-1.1.R,52,815.0,841.0
U0115,27.T0.13-52-j26-1.5.H,52,825.0,850.0
U0116,88.T0.13-52-j26-1.1.R,52,837.0,863.0
U0117,28.T0.13-52-j26-1.5.H,52,845.0,870.0
U0118,89.T0.13-52-j26-1.1.R,52,857.0,883.0
U0115,29.T0.13-52-j26-1.5.H,52,865.0,890.0
U0116,90.T0.13-52-j26-1.1.R,52,877.0,903.0
U0117,30.T0.13-52-j26-1.5.H,52,885.0,910.0
U0118,91.T0.13-52-j26-1.1.R,52,897.0,923.0
U0115,31.T0.13-52-j26-1.5.H,52,905.0,930.0
U0116,92.T0.13-52-j26-1.1.R,52,917.0,943.0
U0117,32.T0.13-52-j26-1.5.H,52,925.0,950.0
U0118,93.T0.13-52-j26-1.1.R,52,937.0,963.0
U0115,33.T0.13-52-j26-1.5.H,52,945.0,970.0
U0116,94.T0.13-52-j26-1.1.R,52,957.0,983.0
U0117,34.T0.13-52-j26-1.5.H,52,965.0,990.0
U0118,95.T0.13-52-j26-1.1.R,52,977.0,1003.0
U0115,35.T0.13-52-j26-1.5.H,52,985.0,1010.0
U0116,96.T0.13-52-j26-1.1.R,52,997.0,1023.0
U0117,36.T0.13-52-j26-1.5.H,52,1005.0,1030.0
U0118,97.T0.13-52-j26-1.1.R,52,1017.0,1043.0
U0115,37.T0.13-52-j26-1.5.H,52,1025.0,1050.0
U0116,98.T0.13-52-j26-1.1.R,52,1037.0,1063.0
U0117,38.T0.13-52-j26-1.5.H,52,1045.0,1070.0
U0118,99.T0.13-52-j26-1.1.R,52,1057.0,1083.0
U0115,39.T0.13-52-j26-1.5.H,52,1065.0,1090.0
U0116,100.T0.13-52-j26-1.1.R,52,1077.0,1103.0
U0117,40.T0.13-52-j26-1.5.H,52,1085.0,1110.0
U0118,101.T0.13-52-j26-1.1.R,52,1095.0,1121.0
U0115,41.T0.13-52-j26-1.5.H,52,1105.0,1130.0
U0116,102.T0.13-52-j26-1.1.R,52,1115.0,1141.0
U0117,42.T0.13-52-j26-1.5.H,52,1125.0,1150.0
U0118,103.T0.13-52-j26-1.1.R,52,1135.0,1161.0
U0115,43.T0.13-52-j26-1.5.H,52,1145.0,1170.0
U0116,104.T0.13-52-j26-1.1.R,52,1155.0,1181.0
U0117,44.T0.13-52-j26-1.5.H,52,1165.0,1190.0
U0118,105.T0.13-52-j26-1.1.R,52,1175.0,1201.0
U0115,45.T0.13-52-j26-1.5.H,52,1185.0,1210.0
U0116,106.T0.13-52-j26-1.1.R,52,1195.0,1221.0
U0117,46.T0.13-52-j26-1.5.H,52,1205.0,1230.0
U0118,107.T0.13-52-j26-1.1.R,52,1215.0,1241.0
U0115,47.T0.13-52-j26-1.5.H,52,1225.0,1250.0
U0116,108.T0.13-52-j26-1.6.R,52,1247.0,1271.0
U0117,109.T0.13-52-j26-1.7.R,52,1248.0,1261.0
U0118,110.T0.13-52-j26-1.8.R,52,1250.0,1252.0
U0119,48.T0.13-52-j26-1.5.H,52,1255.0,1278.0
U0115,49.T0.13-52-j26-1.4.H,52,1265.0,1278.0
U0118,111.T0.13-52-j26-1.6.R,52,1287.0,1311.0
U0117,112.T0.13-52-j26-1.9.R,52,1288.0,1301.0
U0116,50.T0.13-52-j26-1.5.H,52,1296.0,1319.0
U0115,51.T0.13-52-j26-1.4.H,52,1306.0,1319.0
U0119,114.T0.13-52-j26-1.6.R,52,1327.0,1351.0
U0117,113.T0.13-52-j26-1.10.R,52,1327.0,1331.0
U0118,115.T0.13-52-j26-1.9.R,52,1328.0,1341.0
U0115,52.T0.13-52-j26-1.5.H,52,1336.0,1359.0
U0116,53.T0.13-52-j26-1.4.H,52,1346.0,1359.0
U0117,116.T0.13-52-j26-1.6.R,52,1367.0,1391.0
U0118,117.T0.13-52-j26-1.9.R,52,1368.0,1381.0
U0119,54.T0.13-52-j26-1.5.H,52,1376.0,1399.0
U0115,55.T0.13-52-j26-1.4.H,52,1386.0,1399.0
U0116,118.T0.13-52-j26-1.6.R,52,1407.0,1431.0
U0118,119.T0.13-52-j26-1.9.R,52,1408.0,1421.0
U0117,56.T0.13-52-j26-1.5.H,52,1416.0,1439.0
U0115,57.T0.13-52-j26-1.4.H,52,1426.0,1439.0
U0119,120.T0.13-52-j26-1.8.R,52,1439.0,1441.0
U0118,121.T0.13-52-j26-1.9.R,52,1448.0,1461.0
U0116,58.T0.13-52-j26-1.5.H,52,1456.0,1479.0
U0115,122.T0.13-52-j26-1.8.R,52,1479.0,1481.0
U0120,67.T0.13-53-j26-1.11.R,53,284.0,316.0
U0121,68.T0.13-53-j26-1.12.R,53,314.0,336.0
U0120,69.T0.13-53-j26-1.11.R,53,324.0,356.0
U0122,1.T0.13-53-j26-1.2.H,53,329.0,359.0
U0121,70.T0.13-53-j26-1.11.R,53,344.0,380.0
U0123,2.T0.13-53-j26-1.2.H,53,349.0,379.0
U0120,71.T0.13-53-j26-1.11.R,53,364.0,400.0
U0122,4.T0.13-53-j26-1.2.H,53,367.0,401.0
U0124,73.T0.13-53-j26-1.11.R,53,384.0,420.0
U0123,5.T0.13-53-j26-1.2.H,53,387.0,421.0
U0121,74.T0.13-53-j26-1.11.R,53,404.0,440.0
U0120,6.T0.13-53-j26-1.2.H,53,407.0,441.0
U0122,76.T0.13-53-j26-1.12.R,53,413.0,438.0
U0125,75.T0.13-53-j26-1.4.R,53,418.0,430.0
U0126,78.T0.13-53-j26-1.11.R,53,424.0,460.0
U0124,8.T0.13-53-j26-1.1.H,53,427.0,451.0
U0123,79.T0.13-53-j26-1.11.R,53,444.0,480.0
U0125,9.T0.13-53-j26-1.2.H,53,447.0,481.0
U0122,80.T0.13-53-j26-1.11.R,53,464.0,500.0
U0121,11.T0.13-53-j26-1.1.H,53,467.0,491.0
U0120,12.T0.13-53-j26-1.1.H,53,487.0,511.0
U0124,83.T0.13-53-j26-1.12.R,53,495.0,520.0
U0126,84.T0.13-53-j26-1.11.R,53,504.0,540.0
U0123,13.T0.13-53-j26-1.2.H,53,507.0,541.0
U0125,16.T0.13-53-j26-1.1.H,53,529.0,550.0
U0121,85.T0.13-53-j26-1.12.R,53,534.0,556.0
U0122,17.T0.13-53-j26-1.1.H,53,549.0,570.0
U0120,87.T0.13-53-j26-1.12.R,53,554.0,576.0
U0124,88.T0.13-53-j26-1.11.R,53,564.0,596.0
U0126,18.T0.13-53-j26-1.2.H,53,569.0,599.0
U0123,20.T0.13-53-j26-1.1.H,53,589.0,610.0
U0125,90.T0.13-53-j26-1.12.R,53,594.0,616.0
U0121,21.T0.13-53-j26-1.1.H,53,609.0,630.0
U0122,92.T0.13-53-j26-1.12.R,53,614.0,636.0
U0120,93.T0.13-53-j26-1.11.R,53,624.0,656.0
U0124,23.T0.13-53-j26-1.2.H,53,629.0,659.0
U0126,25.T0.13-53-j26-1.1.H,53,649.0,670.0
U0123,94.T0.13-53-j26-1.12.R,53,654.0,676.0
U0125,26.T0.13-53-j26-1.1.H,53,669.0,690.0
U0121,97.T0.13-53-j26-1.12.R,53,674.0,696.0
U0122,98.T0.13-53-j26-1.11.R,53,684.0,716.0
U0120,27.T0.13-53-j26-1.2.H,53,689.0,719.0
U0124,30.T0.13-53-j26-1.1.H,53,709.0,730.0
U0126,99.T0.13-53-j26-1.12.R,53,714.0,736.0
U0123,31.T0.13-53-j26-1.1.H,53,729.0,750.0
U0125,101.T0.13-53-j26-1.12.R,53,734.0,756.0
U0121,102.T0.13-53-j26-1.11.R,53,744.0,776.0
U0122,32.T0.13-53-j26-1.2.H,53,749.0,779.0
U0120,34.T0.13-53-j26-1.1.H,53,769.0,790.0
U0124,104.T0.13-53-j26-1.12.R,53,774.0,796.0
U0126,35.T0.13-53-j26-1.2.H,53,789.0,819.0
U0123,106.T0.13-53-j26-1.12.R,53,794.0,816.0
U0125,107.T0.13-53-j26-1.11.R,53,804.0,836.0
U0121,37.T0.13-53-j26-1.2.H,53,809.0,839.0
U0122,108.T0.13-53-j26-1.11.R,53,824.0,860.0
U0120,38.T0.13-53-j26-1.3.H,53,826.0,836.0
U0124,40.T0.13-53-j26-1.2.H,53,829.0,859.0
U0123,41.T0.13-53-j26-1.2.H,53,847.0,881.0
U0126,110.T0.13-53-j26-1.11.R,53,849.0,885.0
U0120,111.T0.13-53-j26-1.11.R,53,864.0,900.0
U0125,42.T0.13-53-j26-1.2.H,53,867.0,901.0
U0121,113.T0.13-53-j26-1.11.R,53,884.0,920.0
U0124,43.T0.13-53-j26-1.2.H,53,887.0,921.0
U0122,114.T0.13-53-j26-1.11.R,53,904.0,940.0
U0123,44.T0.13-53-j26-1.2.H,53,907.0,941.0
U0126,115.T0.13-53-j26-1.11.R,53,924.0,960.0
U0120,45.T0.13-53-j26-1.2.H,53,927.0,961.0
U0125,116.T0.13-53-j26-1.11.R,53,944.0,980.0
U0121,46.T0.13-53-j26-1.2.H,53,947.0,981.0
U0124,117.T0.13-53-j26-1.11.R,53,964.0,1000.0
U0122,47.T0.13-53-j26-1.2.H,53,967.0,1001.0
U0123,118.T0.13-53-j26-1.11.R,53,984.0,1020.0
U0126,48.T0.13-53-j26-1.2.H,53,987.0,1021.0
U0120,119.T0.13-53-j26-1.11.R,53,1004.0,1040.0
U0125,49.T0.13-53-j26-1.2.H,53,1007.0,1041.0
U0121,120.T0.13-53-j26-1.11.R,53,1024.0,1060.0
U0124,50.T0.13-53-j26-1.2.H,53,1027.0,1061.0
U0122,121.T0.13-53-j26-1.11.R,53,1044.0,1080.0
U0123,51.T0.13-53-j26-1.2.H,53,1047.0,1081.0
U0126,122.T0.13-53-j26-1.11.R,53,1064.0,1100.0
U0120,52.T0.13-53-j26-1.2.H,53,1067.0,1101.0
U0125,123.T0.13-53-j26-1.11.R,53,1084.0,1116.0
U0121,53.T0.13-53-j26-1.2.H,53,1089.0,1119.0
U0124,124.T0.13-53-j26-1.11.R,53,1104.0,1136.0
U0122,54.T0.13-53-j26-1.2.H,53,1109.0,1139.0
U0123,125.T0.13-53-j26-1.11.R,53,1124.0,1156.0
U0126,55.T0.13-53-j26-1.2.H,53,1129.0,1159.0
U0120,126.T0.13-53-j26-1.11.R,53,1144.0,1176.0
U0125,56.T0.13-53-j26-1.1.H,53,1149.0,1170.0
U0121,57.T0.13-53-j26-1.1.H,53,1169.0,1190.0
U0124,127.T0.13-53-j26-1.12.R,53,1174.0,1196.0
U0122,128.T0.13-53-j26-1.11.R,53,1184.0,1216.0
U0123,58.T0.13-53-j26-1.2.H,53,1189.0,1219.0
U0126,59.T0.13-53-j26-1.1.H,53,1209.0,1230.0
U0125,129.T0.13-53-j26-1.12.R,53,1214.0,1236.0
U0120,60.T0.13-53-j26-1.2.H,53,1229.0,1259.0
U0121,130.T0.13-53-j26-1.11.R,53,1230.0,1259.0
U0124,61.T0.13-53-j26-1.2.H,53,1270.0,1299.0
U0122,131.T0.13-53-j26-1.11.R,53,1270.0,1299.0
U0123,62.T0.13-53-j26-1.2.H,53,1310.0,1339.0
U0126,132.T0.13-53-j26-1.11.R,53,1310.0,1339.0
U0125,133.T0.13-53-j26-1.11.R,53,1350.0,1379.0
U0120,63.T0.13-53-j26-1.1.H,53,1350.0,1370.0
U0121,64.T0.13-53-j26-1.2.H,53,1390.0,1419.0
U0122,134.T0.13-53-j26-1.12.R,53,1399.0,1419.0
U0124,135.T0.13-53-j26-1.11.R,53,1430.0,1459.0
U0123,65.T0.13-53-j26-1.1.H,53,1430.0,1450.0
U0126,66.T0.13-53-j26-1.1.H,53,1470.0,1490.0
U0127,37.T0.13-54-j26-1.3.R,54,273.0,295.0
U0127,38.T0.13-54-j26-1.4.R,54,301.0,315.0
U0128,39.T0.13-54-j26-1.3.R,54,313.0,335.0
U0127,1.T0.13-54-j26-1.1.H,54,321.0,344.0
U0128,2.T0.13-54-j26-1.1.H,54,341.0,364.0
U0127,40.T0.13-54-j26-1.3.R,54,353.0,375.0
U0129,3.T0.13-54-j26-1.1.H,54,361.0,384.0
U0128,41.T0.13-54-j26-1.3.R,54,373.0,395.0
U0127,4.T0.13-54-j26-1.1.H,54,381.0,404.0
U0129,42.T0.13-54-j26-1.3.R,54,393.0,415.0
U0128,5.T0.13-54-j26-1.1.H,54,401.0,424.0
U0127,43.T0.13-54-j26-1.3.R,54,413.0,435.0
U0129,6.T0.13-54-j26-1.1.H,54,421.0,444.0
U0128,44.T0.13-54-j26-1.4.R,54,431.0,445.0
U0130,45.T0.13-54-j26-1.3.R,54,433.0,455.0
U0127,8.T0.13-54-j26-1.2.H,54,444.0,470.0
U0129,46.T0.13-54-j26-1.3.R,54,453.0,475.0
U0128,10.T0.13-54-j26-1.2.H,54,464.0,490.0
U0130,47.T0.13-54-j26-1.3.R,54,473.0,495.0
U0127,11.T0.13-54-j26-1.1.H,54,481.0,504.0
U0129,48.T0.13-54-j26-1.3.R,54,493.0,515.0
U0128,49.T0.13-54-j26-1.3.R,54,513.0,535.0
U0130,12.T0.13-54-j26-1.1.H,54,521.0,544.0
U0127,50.T0.13-54-j26-1.3.R,54,553.0,575.0
U0129,13.T0.13-54-j26-1.1.H,54,561.0,584.0
U0128,51.T0.13-54-j26-1.3.R,54,593.0,615.0
U0130,14.T0.13-54-j26-1.1.H,54,601.0,624.0
U0127,52.T0.13-54-j26-1.3.R,54,633.0,655.0
U0129,15.T0.13-54-j26-1.1.H,54,641.0,664.0
U0128,53.T0.13-54-j26-1.3.R,54,673.0,695.0
U0130,16.T0.13-54-j26-1.1.H,54,681.0,704.0
U0127,54.T0.13-54-j26-1.3.R,54,713.0,735.0
U0129,19.T0.13-54-j26-1.1.H,54,731.0,754.0
U0128,56.T0.13-54-j26-1.3.R,54,758.0,780.0
U0130,21.T0.13-54-j26-1.1.H,54,775.0,798.0
U0127,58.T0.13-54-j26-1.3.R,54,798.0,820.0
U0129,22.T0.13-54-j26-1.1.H,54,801.0,824.0
U0128,23.T0.13-54-j26-1.1.H,54,806.0,829.0
U0130,59.T0.13-54-j26-1.5.R,54,828.0,842.0
U0127,60.T0.13-54-j26-1.3.R,54,833.0,855.0
U0129,24.T0.13-54-j26-1.1.H,54,841.0,864.0
U0128,61.T0.13-54-j26-1.3.R,54,873.0,895.0
U0130,25.T0.13-54-j26-1.1.H,54,881.0,904.0
U0127,62.T0.13-54-j26-1.3.R,54,913.0,935.0
U0129,26.T0.13-54-j26-1.1.H,54,921.0,944.0
U0128,63.T0.13-54-j26-1.3.R,54,953.0,975.0
U0130,27.T0.13-54-j26-1.1.H,54,961.0,984.0
U0127,64.T0.13-54-j26-1.3.R,54,993.0,1015.0
U0129,28.T0.13-54-j26-1.1.H,54,1001.0,1024.0
U0128,65.T0.13-54-j26-1.3.R,54,1033.0,1055.0
U0130,29.T0.13-54-j26-1.1.H,54,1041.0,1064.0
U0127,66.T0.13-54-j26-1.3.R,54,1073.0,1095.0
U0129,30.T0.13-54-j26-1.1.H,54,1081.0,1104.0
U0128,67.T0.13-54-j26-1.3.R,54,1113.0,1135.0
U0130,31.T0.13-54-j26-1.1.H,54,1121.0,1144.0
U0127,68.T0.13-54-j26-1.3.R,54,1153.0,1175.0
U0129,32.T0.13-54-j26-1.1.H,54,1161.0,1184.0
U0128,69.T0.13-54-j26-1.3.R,54,1193.0,1215.0
U0130,33.T0.13-54-j26-1.1.H,54,1201.0,1224.0
U0127,70.T0.13-54-j26-1.3.R,54,1233.0,1255.0
U0129,34.T0.13-54-j26-1.1.H,54,1261.0,1283.0
U0128,71.T0.13-54-j26-1.3.R,54,1290.0,1310.0
U0130,35.T0.13-54-j26-1.1.H,54,1341.0,1363.0
U0127,72.T0.13-54-j26-1.3.R,54,1370.0,1390.0
U0129,36.T0.13-54-j26-1.1.H,54,1421.0,1443.0
U0128,73.T0.13-54-j26-1.3.R,54,1455.0,1475.0
U0131,1.T0.13-55-j26-1.1.H,55,295.0,312.0
U0132,2.T0.13-55-j26-1.1.H,55,315.0,332.0
U0133,71.T0.13-55-j26-1.2.R,55,315.0,329.0
U0131,72.T0.13-55-j26-1.2.R,55,325.0,341.0
U0133,3.T0.13-55-j26-1.1.H,55,335.0,352.0
U0132,73.T0.13-55-j26-1.2.R,55,345.0,361.0
U0131,4.T0.13-55-j26-1.1.H,55,355.0,372.0
U0133,74.T0.13-55-j26-1.2.R,55,365.0,381.0
U0132,5.T0.13-55-j26-1.1.H,55,368.0,386.0
U0134,75.T0.13-55-j26-1.2.R,55,375.0,391.0
U0131,6.T0.13-55-j26-1.1.H,55,378.0,396.0
U0135,76.T0.13-55-j26-1.2.R,55,385.0,401.0
U0133,7.T0.13-55-j26-1.1.H,55,388.0,406.0
U0132,77.T0.13-55-j26-1.2.R,55,395.0,411.0
U0134,8.T0.13-55-j26-1.1.H,55,398.0,416.0
U0131,78.T0.13-55-j26-1.2.R,55,405.0,421.0
U0135,9.T0.13-55-j26-1.1.H,55,408.0,426.0
U0133,79.T0.13-55-j26-1.2.R,55,415.0,431.0
U0132,10.T0.13-55-j26-1.1.H,55,418.0,436.0
U0134,80.T0.13-55-j26-1.2.R,55,425.0,441.0
U0131,11.T0.13-55-j26-1.1.H,55,428.0,446.0
U0135,81.T0.13-55-j26-1.2.R,55,435.0,451.0
U0133,12.T0.13-55-j26-1.1.H,55,438.0,456.0
U0132,82.T0.13-55-j26-1.2.R,55,445.0,461.0
U0134,13.T0.13-55-j26-1.1.H,55,448.0,466.0
U0131,83.T0.13-55-j26-1.2.R,55,455.0,471.0
U0135,14.T0.13-55-j26-1.1.H,55,458.0,476.0
U0133,84.T0.13-55-j26-1.2.R,55,465.0,481.0
U0132,15.T0.13-55-j26-1.1.H,55,468.0,486.0
U0134,85.T0.13-55-j26-1.2.R,55,475.0,491.0
U0131,16.T0.13-55-j26-1.1.H,55,478.0,496.0
U0135,86.T0.13-55-j26-1.2.R,55,485.0,501.0
U0133,17.T0.13-55-j26-1.1.H,55,488.0,506.0
U0132,87.T0.13-55-j26-1.2.R,55,495.0,511.0
U0134,18.T0.13-55-j26-1.1.H,55,498.0,516.0
U0131,88.T0.13-55-j26-1.2.R,55,505.0,521.0
U0135,19.T0.13-55-j26-1.1.H,55,508.0,526.0
U0133,20.T0.13-55-j26-1.1.H,55,518.0,536.0
U0132,89.T0.13-55-j26-1.2.R,55,525.0,541.0
U0134,21.T0.13-55-j26-1.1.H,55,535.0,552.0
U0131,90.T0.13-55-j26-1.2.R,55,545.0,561.0
U0135,22.T0.13-55-j26-1.1.H,55,555.0,572.0
U0133,91.T0.13-55-j26-1.2.R,55,565.0,581.0
U0132,23.T0.13-55-j26-1.1.H,55,575.0,592.0
U0134,92.T0.13-55-j26-1.2.R,55,585.0,601.0
U0131,24.T0.13-55-j26-1.1.H,55,595.0,612.0
U0135,93.T0.13-55-j26-1.2.R,55,605.0,621.0
U0133,25.T0.13-55-j26-1.1.H,55,615.0,632.0
U0132,94.T0.13-55-j26-1.2.R,55,625.0,641.0
U0134,26.T0.13-55-j26-1.1.H,55,635.0,652.0
U0131,95.T0.13-55-j26-1.2.R,55,645.0,661.0
U0135,27.T0.13-55-j26-1.1.H,55,655.0,672.0
U0133,96.T0.13-55-j26-1.2.R,55,665.0,681.0
U0132,28.T0.13-55-j26-1.1.H,55,675.0,692.0
U0134,97.T0.13-55-j26-1.2.R,55,685.0,701.0
U0131,29.T0.13-55-j26-1.1.H,55,695.0,712.0
U0135,98.T0.13-55-j26-1.2.R,55,705.0,721.0
U0133,30.T0.13-55-j26-1.1.H,55,715.0,732.0
U0132,99.T0.13-55-j26-1.2.R,55,725.0,741.0
U0134,31.T0.13-55-j26-1.1.H,55,735.0,752.0
U0131,100.T0.13-55-j26-1.2.R,55,745.0,761.0
U0135,32.T0.13-55-j26-1.1.H,55,750.0,767.0
U0133,33.T0.13-55-j26-1.1.H,55,755.0,772.0
U0132,101.T0.13-55-j26-1.2.R,55,765.0,781.0
U0134,34.T0.13-55-j26-1.1.H,55,775.0,792.0
U0131,102.T0.13-55-j26-1.2.R,55,785.0,801.0
U0135,35.T0.13-55-j26-1.5.H,55,787.0,804.0
U0133,36.T0.13-55-j26-1.1.H,55,795.0,812.0
U0132,103.T0.13-55-j26-1.2.R,55,805.0,821.0
U0134,37.T0.13-55-j26-1.1.H,55,815.0,832.0
U0131,104.T0.13-55-j26-1.2.R,55,825.0,841.0
U0135,38.T0.13-55-j26-1.1.H,55,835.0,852.0
U0133,105.T0.13-55-j26-1.2.R,55,845.0,861.0
U0132,39.T0.13-55-j26-1.1.H,55,855.0,872.0
U0134,106.T0.13-55-j26-1.2.R,55,865.0,881.0
U0131,40.T0.13-55-j26-1.1.H,55,875.0,892.0
U0135,107.T0.13-55-j26-1.2.R,55,885.0,901.0
U0133,41.T0.13-55-j26-1.1.H,55,895.0,913.0
U0132,108.T0.13-55-j26-1.2.R,55,905.0,921.0
U0134,42.T0.13-55-j26-1.1.H,55,915.0,933.0
U0131,109.T0.13-55-j26-1.2.R,55,925.0,941.0
U0135,43.T0.13-55-j26-1.1.H,55,935.0,953.0
U0133,110.T0.13-55-j26-1.2.R,55,945.0,961.0
U0132,44.T0.13-55-j26-1.1.H,55,955.0,973.0
U0134,111.T0.13-55-j26-1.2.R,55,965.0,981.0
U0131,45.T0.13-55-j26-1.1.H,55,975.0,993.0
U0135,112.T0.13-55-j26-1.2.R,55,985.0,1001.0
U0133,46.T0.13-55-j26-1.1.H,55,995.0,1013.0
U0132,113.T0.13-55-j26-1.2.R,55,1005.0,1021.0
U0134,47.T0.13-55-j26-1.1.H,55,1015.0,1033.0
U0131,114.T0.13-55-j26-1.2.R,55,1025.0,1041.0
U0135,48.T0.13-55-j26-1.1.H,55,1035.0,1053.0
U0133,115.T0.13-55-j26-1.2.R,55,1045.0,1061.0
U0132,49.T0.13-55-j26-1.1.H,55,1055.0,1073.0
U0134,116.T0.13-55-j26-1.2.R,55,1065.0,1081.0
U0131,50.T0.13-55-j26-1.1.H,55,1075.0,1093.0
U0135,117.T0.13-55-j26-1.2.R,55,1085.0,1101.0
U0133,51.T0.13-55-j26-1.1.H,55,1095.0,1112.0
U0132,118.T0.13-55-j26-1.2.R,55,1105.0,1121.0
U0134,52.T0.13-55-j26-1.1.H,55,1115.0,1132.0
U0131,119.T0.13-55-j26-1.2.R,55,1125.0,1141.0
U0135,53.T0.13-55-j26-1.1.H,55,1135.0,1152.0
U0133,120.T0.13-55-j26-1.2.R,55,1145.0,1161.0
U0132,54.T0.13-55-j26-1.1.H,55,1155.0,1172.0
U0134,121.T0.13-55-j26-1.2.R,55,1165.0,1181.0
U0131,55.T0.13-55-j26-1.1.H,55,1175.0,1192.0
U0135,122.T0.13-55-j26-1.2.R,55,1185.0,1201.0
U0133,56.T0.13-55-j26-1.1.H,55,1195.0,1212.0
U0132,123.T0.13-55-j26-1.2.R,55,1215.0,1229.0
U0134,57.T0.13-55-j26-1.1.H,55,1215.0,1232.0
U0131,124.T0.13-55-j26-1.2.R,55,1235.0,1249.0
U0135,58.T0.13-55-j26-1.1.H,55,1235.0,1252.0
U0133,59.T0.13-55-j26-1.1.H,55,1252.0,1267.0
U0132,125.T0.13-55-j26-1.2.R,55,1255.0,1269.0
U0134,60.T0.13-55-j26-1.1.H,55,1272.0,1287.0
U0131,126.T0.13-55-j26-1.2.R,55,1275.0,1289.0
U0135,61.T0.13-55-j26-1.1.H,55,1292.0,1307.0
U0133,127.T0.13-55-j26-1.2.R,55,1295.0,1309.0
U0132,62.T0.13-55-j26-1.1.H,55,1312.0,1327.0
U0134,128.T0.13-55-j26-1.2.R,55,1315.0,1329.0
U0131,63.T0.13-55-j26-1.1.H,55,1332.0,1347.0
U0135,129.T0.13-55-j26-1.2.R,55,1335.0,1349.0
U0133,64.T0.13-55-j26-1.1.H,55,1352.0,1367.0
U0132,130.T0.13-55-j26-1.2.R,55,1355.0,1369.0
U0134,65.T0.13-55-j26-1.1.H,55,1372.0,1387.0
U0131,131.T0.13-55-j26-1.2.R,55,1375.0,1389.0
U0135,66.T0.13-55-j26-1.1.H,55,1392.0,1407.0
U0133,132.T0.13-55-j26-1.2.R,55,1395.0,1409.0
U0132,67.T0.13-55-j26-1.1.H,55,1412.0,1427.0
U0134,133.T0.13-55-j26-1.2.R,55,1415.0,1429.0
U0131,68.T0.13-55-j26-1.1.H,55,1432.0,1447.0
U0135,134.T0.13-55-j26-1.2.R,55,1435.0,1449.0
U0133,69.T0.13-55-j26-1.1.H,55,1452.0,1467.0
U0132,135.T0.13-55-j26-1.2.R,55,1455.0,1469.0
U0134,70.T0.13-55-j26-1.1.H,55,1472.0,1487.0
U0136,65.T0.13-56-j26-1.15.R,56,297.0,312.0
U0137,1.T0.13-56-j26-1.10.H,56,306.0,329.0
U0138,66.T0.13-56-j26-1.16.R,56,309.0,332.0
U0136,2.T0.13-56-j26-1.10.H,56,326.0,349.0
U0139,67.T0.13-56-j26-1.16.R,56,329.0,352.0
U0137,3.T0.13-56-j26-1.10.H,56,346.0,369.0
U0138,68.T0.13-56-j26-1.16.R,56,349.0,372.0
U0136,4.T0.13-56-j26-1.10.H,56,366.0,389.0
U0139,69.T0.13-56-j26-1.16.R,56,369.0,392.0
U0137,5.T0.13-56-j26-1.10.H,56,386.0,409.0
U0138,70.T0.13-56-j26-1.16.R,56,389.0,412.0
U0140,6.T0.13-56-j26-1.10.H,56,391.0,414.0
U0136,7.T0.13-56-j26-1.10.H,56,401.0,424.0
U0139,8.T0.13-56-j26-1.11.H,56,406.0,418.0
U0141,71.T0.13-56-j26-1.16.R,56,409.0,432.0
U0142,10.T0.13-56-j26-1.11.H,56,411.0,423.0
U0137,72.T0.13-56-j26-1.16.R,56,419.0,442.0
U0138,11.T0.13-56-j26-1.10.H,56,426.0,449.0
U0140,73.T0.13-56-j26-1.16.R,56,429.0,452.0
U0139,12.T0.13-56-j26-1.10.H,56,446.0,469.0
U0142,74.T0.13-56-j26-1.16.R,56,449.0,472.0
U0136,13.T0.13-56-j26-1.12.H,56,451.0,465.0
U0141,14.T0.13-56-j26-1.10.H,56,466.0,489.0
U0137,75.T0.13-56-j26-1.16.R,56,469.0,492.0
U0138,15.T0.13-56-j26-1.10.H,56,486.0,509.0
U0140,76.T0.13-56-j26-1.16.R,56,489.0,512.0
U0136,16.T0.13-56-j26-1.10.H,56,506.0,529.0
U0139,77.T0.13-56-j26-1.16.R,56,509.0,532.0
U0142,17.T0.13-56-j26-1.10.H,56,526.0,549.0
U0141,78.T0.13-56-j26-1.16.R,56,529.0,552.0
U0137,18.T0.13-56-j26-1.10.H,56,546.0,569.0
U0138,79.T0.13-56-j26-1.16.R,56,549.0,572.0
U0140,19.T0.13-56-j26-1.10.H,56,566.0,589.0
U0136,80.T0.13-56-j26-1.16.R,56,569.0,592.0
U0139,20.T0.13-56-j26-1.10.H,56,586.0,609.0
U0142,81.T0.13-56-j26-1.16.R,56,589.0,612.0
U0141,21.T0.13-56-j26-1.10.H,56,606.0,629.0
U0137,82.T0.13-56-j26-1.16.R,56,609.0,632.0
U0138,22.T0.13-56-j26-1.10.H,56,626.0,649.0
U0140,83.T0.13-56-j26-1.16.R,56,629.0,652.0
U0136,23.T0.13-56-j26-1.10.H,56,646.0,669.0
U0139,84.T0.13-56-j26-1.16.R,56,649.0,672.0
U0142,24.T0.13-56-j26-1.10.H,56,666.0,689.0
U0141,85.T0.13-56-j26-1.16.R,56,669.0,692.0
U0137,25.T0.13-56-j26-1.10.H,56,686.0,709.0
U0138,86.T0.13-56-j26-1.16.R,56,689.0,712.0
U0140,26.T0.13-56-j26-1.10.H,56,706.0,729.0
U0136,87.T0.13-56-j26-1.16.R,56,709.0,732.0
U0139,27.T0.13-56-j26-1.10.H,56,726.0,749.0
U0142,88.T0.13-56-j26-1.16.R,56,729.0,752.0
U0141,28.T0.13-56-j26-1.10.H,56,746.0,769.0
U0137,89.T0.13-56-j26-1.16.R,56,749.0,772.0
U0138,29.T0.13-56-j26-1.10.H,56,766.0,789.0
U0140,90.T0.13-56-j26-1.16.R,56,769.0,792.0
U0136,30.T0.13-56-j26-1.10.H,56,786.0,809.0
U0139,91.T0.13-56-j26-1.16.R,56,789.0,812.0
U0142,31.T0.13-56-j26-1.10.H,56,806.0,829.0
U0141,92.T0.13-56-j26-1.16.R,56,809.0,832.0
U0137,32.T0.13-56-j26-1.10.H,56,816.0,839.0
U0138,33.T0.13-56-j26-1.10.H,56,826.0,849.0
U0140,93.T0.13-56-j26-1.16.R,56,829.0,852.0
U0136,94.T0.13-56-j26-1.17.R,56,839.0,847.0
U0139,34.T0.13-56-j26-1.10.H,56,846.0,869.0
U0142,95.T0.13-56-j26-1.16.R,56,849.0,872.0
U0141,35.T0.13-56-j26-1.10.H,56,866.0,889.0
U0137,96.T0.13-56-j26-1.16.R,56,869.0,892.0
U0136,36.T0.13-56-j26-1.10.H,56,886.0,909.0
U0138,97.T0.13-56-j26-1.16.R,56,889.0,912.0
U0140,37.T0.13-56-j26-1.10.H,56,906.0,929.0
U0139,98.T0.13-56-j26-1.16.R,56,909.0,932.0
U0142,38.T0.13-56-j26-1.10.H,56,926.0,949.0
U0141,99.T0.13-56-j26-1.16.R,56,929.0,952.0
U0137,39.T0.13-56-j26-1.10.H,56,946.0,969.0
U0136,100.T0.13-56-j26-1.16.R,56,949.0,972.0
U0138,40.T0.13-56-j26-1.13.H,56,951.0,959.0
U0140,101.T0.13-56-j26-1.18.R,56,959.0,970.0
U0139,41.T0.13-56-j26-1.10.H,56,966.0,989.0
U0142,102.T0.13-56-j26-1.16.R,56,969.0,992.0
U0141,42.T0.13-56-j26-1.10.H,56,986.0,1009.0
U0138,103.T0.13-56-j26-1.16.R,56,989.0,1012.0
U0137,43.T0.13-56-j26-1.10.H,56,1006.0,1029.0
U0140,104.T0.13-56-j26-1.16.R,56,1009.0,1032.0
U0136,44.T0.13-56-j26-1.10.H,56,1026.0,1049.0
U0139,105.T0.13-56-j26-1.16.R,56,1029.0,1052.0
U0142,45.T0.13-56-j26-1.10.H,56,1046.0,1069.0
U0141,106.T0.13-56-j26-1.16.R,56,1049.0,1072.0
U0138,46.T0.13-56-j26-1.10.H,56,1066.0,1089.0
U0137,107.T0.13-56-j26-1.16.R,56,1069.0,1092.0
U0140,47.T0.13-56-j26-1.10.H,56,1086.0,1109.0
U0136,108.T0.13-56-j26-1.16.R,56,1089.0,1112.0
U0139,48.T0.13-56-j26-1.10.H,56,1106.0,1129.0
U0142,109.T0.13-56-j26-1.16.R,56,1109.0,1132.0
U0141,49.T0.13-56-j26-1.10.H,56,1126.0,1149.0
U0138,110.T0.13-56-j26-1.16.R,56,1129.0,1152.0
U0137,50.T0.13-56-j26-1.10.H,56,1146.0,1169.0
U0140,111.T0.13-56-j26-1.16.R,56,1149.0,1172.0
U0136,51.T0.13-56-j26-1.10.H,56,1166.0,1189.0
U0139,112.T0.13-56-j26-1.16.R,56,1169.0,1192.0
U0142,52.T0.13-56-j26-1.10.H,56,1186.0,1209.0
U0141,113.T0.13-56-j26-1.16.R,56,1189.0,1212.0
U0138,53.T0.13-56-j26-1.10.H,56,1206.0,1229.0
U0137,114.T0.13-56-j26-1.16.R,56,1209.0,1232.0
U0140,54.T0.13-56-j26-1.14.H,56,1226.0,1230.0
U0136,115.T0.13-56-j26-1.16.R,56,1229.0,1252.0
U0139,55.T0.13-56-j26-1.10.H,56,1246.0,1269.0
U0142,56.T0.13-56-j26-1.14.H,56,1266.0,1270.0
U0141,116.T0.13-56-j26-1.16.R,56,1269.0,1291.0
U0138,117.T0.13-56-j26-1.19.R,56,1272.0,1277.0
U0140,57.T0.13-56-j26-1.10.H,56,1287.0,1308.0
U0137,58.T0.13-56-j26-1.14.H,56,1297.0,1301.0
U0136,118.T0.13-56-j26-1.19.R,56,1306.0,1311.0
U0139,119.T0.13-56-j26-1.16.R,56,1309.0,1331.0
U0142,120.T0.13-56-j26-1.19.R,56,1316.0,1321.0
U0138,59.T0.13-56-j26-1.10.H,56,1327.0,1348.0
U0141,60.T0.13-56-j26-1.14.H,56,1347.0,1351.0
U0137,121.T0.13-56-j26-1.16.R,56,1349.0,1371.0
U0140,122.T0.13-56-j26-1.19.R,56,1356.0,1361.0
U0136,61.T0.13-56-j26-1.10.H,56,1367.0,1388.0
U0142,62.T0.13-56-j26-1.14.H,56,1387.0,1391.0
U0139,123.T0.13-56-j26-1.16.R,56,1389.0,1411.0
U0138,124.T0.13-56-j26-1.19.R,56,1396.0,1401.0
U0141,63.T0.13-56-j26-1.10.H,56,1407.0,1428.0
U0140,64.T0.13-56-j26-1.14.H,56,1427.0,1431.0
U0137,125.T0.13-56-j26-1.22.R,56,1429.0,1451.0
U0136,126.T0.13-56-j26-1.19.R,56,1436.0,1441.0
U0143,70.T0.13-57-j26-1.1.R,57,271.0,291.0
U0144,71.T0.13-57-j26-1.1.R,57,291.0,311.0
U0143,1.T0.13-57-j26-1.5.H,57,306.0,327.0
U0145,72.T0.13-57-j26-1.1.R,57,311.0,331.0
U0144,2.T0.13-57-j26-1.5.H,57,326.0,347.0
U0146,73.T0.13-57-j26-1.7.R,57,330.0,351.0
U0143,3.T0.13-57-j26-1.5.H,57,346.0,367.0
U0145,74.T0.13-57-j26-1.7.R,57,350.0,371.0
U0144,4.T0.13-57-j26-1.5.H,57,366.0,387.0
U0146,75.T0.13-57-j26-1.7.R,57,370.0,391.0
U0143,76.T0.13-57-j26-1.7.R,57,380.0,401.0
U0145,5.T0.13-57-j26-1.5.H,57,386.0,407.0
U0147,77.T0.13-57-j26-1.7.R,57,390.0,411.0
U0144,6.T0.13-57-j26-1.5.H,57,396.0,417.0
U0146,78.T0.13-57-j26-1.7.R,57,400.0,421.0
U0148,7.T0.13-57-j26-1.5.H,57,406.0,427.0
U0143,79.T0.13-57-j26-1.7.R,57,410.0,431.0
U0145,8.T0.13-57-j26-1.5.H,57,416.0,437.0
U0147,80.T0.13-57-j26-1.8.R,57,420.0,439.0
U0149,81.T0.13-57-j26-1.7.R,57,420.0,441.0
U0144,9.T0.13-57-j26-1.5.H,57,426.0,447.0
U0146,82.T0.13-57-j26-1.8.R,57,430.0,449.0
U0150,83.T0.13-57-j26-1.7.R,57,430.0,451.0
U0148,10.T0.13-57-j26-1.5.H,57,436.0,457.0
U0143,84.T0.13-57-j26-1.7.R,57,440.0,461.0
U0145,11.T0.13-57-j26-1.5.H,57,446.0,467.0
U0147,85.T0.13-57-j26-1.7.R,57,450.0,471.0
U0149,12.T0.13-57-j26-1.5.H,57,456.0,477.0
U0144,86.T0.13-57-j26-1.7.R,57,460.0,481.0
U0146,13.T0.13-57-j26-1.5.H,57,466.0,487.0
U0150,87.T0.13-57-j26-1.7.R,57,470.0,491.0
U0148,14.T0.13-57-j26-1.5.H,57,476.0,497.0
U0143,88.T0.13-57-j26-1.7.R,57,480.0,501.0
U0145,15.T0.13-57-j26-1.5.H,57,486.0,507.0
U0147,89.T0.13-57-j26-1.7.R,57,490.0,511.0
U0149,16.T0.13-57-j26-1.5.H,57,496.0,517.0
U0144,90.T0.13-57-j26-1.7.R,57,500.0,521.0
U0146,17.T0.13-57-j26-1.5.H,57,506.0,527.0
U0150,91.T0.13-57-j26-1.7.R,57,510.0,531.0
U0148,18.T0.13-57-j26-1.5.H,57,526.0,547.0
U0143,92.T0.13-57-j26-1.7.R,57,530.0,551.0
U0145,19.T0.13-57-j26-1.5.H,57,546.0,567.0
U0147,93.T0.13-57-j26-1.7.R,57,550.0,571.0
U0149,20.T0.13-57-j26-1.5.H,57,566.0,587.0
U0144,94.T0.13-57-j26-1.7.R,57,570.0,591.0
U0146,21.T0.13-57-j26-1.5.H,57,586.0,607.0
U0150,95.T0.13-57-j26-1.7.R,57,590.0,611.0
U0148,22.T0.13-57-j26-1.5.H,57,606.0,627.0
U0143,96.T0.13-57-j26-1.7.R,57,610.0,631.0
U0145,23.T0.13-57-j26-1.5.H,57,626.0,647.0
U0147,97.T0.13-57-j26-1.7.R,57,630.0,651.0
U0149,24.T0.13-57-j26-1.5.H,57,646.0,667.0
U0144,98.T0.13-57-j26-1.7.R,57,650.0,671.0
U0146,25.T0.13-57-j26-1.5.H,57,666.0,687.0
U0150,99.T0.13-57-j26-1.7.R,57,670.0,691.0
U0148,26.T0.13-57-j26-1.5.H,57,686.0,707.0
U0143,100.T0.13-57-j26-1.7.R,57,690.0,711.0
U0145,27.T0.13-57-j26-1.5.H,57,706.0,727.0
U0147,101.T0.13-57-j26-1.7.R,57,710.0,731.0
U0149,28.T0.13-57-j26-1.5.H,57,726.0,747.0
U0144,102.T0.13-57-j26-1.7.R,57,730.0,751.0
U0146,29.T0.13-57-j26-1.5.H,57,746.0,767.0
U0150,103.T0.13-57-j26-1.7.R,57,750.0,771.0
U0148,30.T0.13-57-j26-1.5.H,57,766.0,787.0
U0143,104.T0.13-57-j26-1.7.R,57,770.0,791.0
U0145,31.T0.13-57-j26-1.5.H,57,786.0,807.0
U0147,105.T0.13-57-j26-1.7.R,57,790.0,811.0
U0149,32.T0.13-57-j26-1.5.H,57,806.0,827.0
U0144,106.T0.13-57-j26-1.7.R,57,810.0,831.0
U0146,33.T0.13-57-j26-1.6.H,57,816.0,836.0
U0150,34.T0.13-57-j26-1.5.H,57,826.0,847.0
U0148,107.T0.13-57-j26-1.7.R,57,830.0,851.0
U0143,35.T0.13-57-j26-1.5.H,57,846.0,867.0
U0145,108.T0.13-57-j26-1.7.R,57,850.0,871.0
U0147,36.T0.13-57-j26-1.5.H,57,866.0,887.0
U0149,109.T0.13-57-j26-1.7.R,57,870.0,891.0
U0144,37.T0.13-57-j26-1.5.H,57,886.0,907.0
U0146,110.T0.13-57-j26-1.7.R,57,890.0,911.0
U0150,38.T0.13-57-j26-1.5.H,57,906.0,927.0
U0148,111.T0.13-57-j26-1.7.R,57,910.0,931.0
U0143,39.T0.13-57-j26-1.5.H,57,916.0,937.0
U0145,112.T0.13-57-j26-1.7.R,57,920.0,941.0
U0147,40.T0.13-57-j26-1.5.H,57,926.0,947.0
U0149,113.T0.13-57-j26-1.7.R,57,930.0,951.0
U0144,41.T0.13-57-j26-1.5.H,57,936.0,957.0
U0146,114.T0.13-57-j26-1.7.R,57,940.0,961.0
U0150,42.T0.13-57-j26-1.5.H,57,946.0,967.0
U0148,115.T0.13-57-j26-1.7.R,57,950.0,971.0
U0143,43.T0.13-57-j26-1.5.H,57,956.0,977.0
U0145,116.T0.13-57-j26-1.7.R,57,960.0,981.0
U0147,44.T0.13-57-j26-1.5.H,57,966.0,987.0
U0149,117.T0.13-57-j26-1.7.R,57,970.0,991.0
U0144,45.T0.13-57-j26-1.5.H,57,976.0,997.0
U0146,118.T0.13-57-j26-1.7.R,57,980.0,1001.0
U0150,46.T0.13-57-j26-1.5.H,57,986.0,1007.0
U0148,119.T0.13-57-j26-1.7.R,57,990.0,1011.0
U0143,47.T0.13-57-j26-1.5.H,57,996.0,1017.0
U0145,120.T0.13-57-j26-1.7.R,57,1000.0,1021.0
U0147,48.T0.13-57-j26-1.5.H,57,1006.0,1027.0
U0149,121.T0.13-57-j26-1.7.R,57,1010.0,1031.0
U0144,49.T0.13-57-j26-1.5.H,57,1016.0,1037.0
U0146,122.T0.13-57-j26-1.7.R,57,1020.0,1041.0
U0150,50.T0.13-57-j26-1.5.H,57,1026.0,1047.0
U0148,123.T0.13-57-j26-1.7.R,57,1030.0,1051.0
U0143,51.T0.13-57-j26-1.5.H,57,1036.0,1057.0
U0145,124.T0.13-57-j26-1.7.R,57,1040.0,1061.0
U0147,52.T0.13-57-j26-1.5.H,57,1046.0,1067.0
U0149,125.T0.13-57-j26-1.7.R,57,1050.0,1071.0
U0144,53.T0.13-57-j26-1.5.H,57,1056.0,1077.0
U0146,126.T0.13-57-j26-1.7.R,57,1060.0,1081.0
U0150,54.T0.13-57-j26-1.5.H,57,1066.0,1087.0
U0148,127.T0.13-57-j26-1.7.R,57,1070.0,1091.0
U0143,55.T0.13-57-j26-1.5.H,57,1076.0,1097.0
U0145,128.T0.13-57-j26-1.7.R,57,1080.0,1101.0
U0147,56.T0.13-57-j26-1.5.H,57,1086.0,1107.0
U0149,129.T0.13-57-j26-1.7.R,57,1090.0,1111.0
U0144,57.T0.13-57-j26-1.5.H,57,1106.0,1127.0
U0146,130.T0.13-57-j26-1.7.R,57,1110.0,1131.0
U0150,58.T0.13-57-j26-1.5.H,57,1126.0,1147.0
U0148,131.T0.13-57-j26-1.7.R,57,1130.0,1151.0
U0143,59.T0.13-57-j26-1.5.H,57,1146.0,1167.0
U0145,132.T0.13-57-j26-1.7.R,57,1150.0,1171.0
U0147,60.T0.13-57-j26-1.5.H,57,1166.0,1187.0
U0149,133.T0.13-57-j26-1.7.R,57,1170.0,1191.0
U0144,61.T0.13-57-j26-1.5.H,57,1186.0,1207.0
U0146,134.T0.13-57-j26-1.7.R,57,1190.0,1211.0
U0150,62.T0.13-57-j26-1.5.H,57,1206.0,1227.0
U0148,135.T0.13-57-j26-1.7.R,57,1210.0,1231.0
U0143,63.T0.13-57-j26-1.5.H,57,1226.0,1247.0
U0145,136.T0.13-57-j26-1.7.R,57,1230.0,1249.0
U0147,64.T0.13-57-j26-1.5.H,57,1249.0,1267.0
U0149,137.T0.13-57-j26-1.7.R,57,1250.0,1269.0
U0144,138.T0.13-57-j26-1.7.R,57,1270.0,1289.0
U0146,65.T0.13-57-j26-1.5.H,57,1289.0,1307.0
U0150,139.T0.13-57-j26-1.7.R,57,1310.0,1329.0
U0148,66.T0.13-57-j26-1.5.H,57,1329.0,1347.0
U0143,140.T0.13-57-j26-1.7.R,57,1350.0,1369.0
U0145,67.T0.13-57-j26-1.5.H,57,1369.0,1387.0
U0147,141.T0.13-57-j26-1.7.R,57,1390.0,1409.0
U0149,68.T0.13-57-j26-1.5.H,57,1409.0,1427.0
U0144,142.T0.13-57-j26-1.7.R,57,1430.0,1449.0
U0146,69.T0.13-57-j26-1.5.H,57,1449.0,1467.0
U0150,143.T0.13-57-j26-1.7.R,57,1470.0,1489.0
U0151,1.T0.13-58-j26-1.5.H,58,290.0,307.0
U0152,56.T0.13-58-j26-1.8.R,58,308.0,325.0
U0153,2.T0.13-58-j26-1.5.H,58,310.0,327.0
U0151,57.T0.13-58-j26-1.8.R,58,328.0,345.0
U0154,3.T0.13-58-j26-1.5.H,58,330.0,347.0
U0152,58.T0.13-58-j26-1.8.R,58,348.0,365.0
U0153,4.T0.13-58-j26-1.5.H,58,350.0,367.0
U0151,59.T0.13-58-j26-1.8.R,58,368.0,385.0
U0154,5.T0.13-58-j26-1.5.H,58,370.0,387.0
U0152,60.T0.13-58-j26-1.8.R,58,388.0,405.0
U0153,6.T0.13-58-j26-1.5.H,58,390.0,407.0
U0151,61.T0.13-58-j26-1.8.R,58,408.0,425.0
U0154,7.T0.13-58-j26-1.5.H,58,410.0,427.0
U0152,8.T0.13-58-j26-1.6.H,58,416.0,422.0
U0153,62.T0.13-58-j26-1.9.R,58,423.0,429.0
U0152,63.T0.13-58-j26-1.8.R,58,428.0,445.0
U0155,9.T0.13-58-j26-1.5.H,58,430.0,447.0
U0151,64.T0.13-58-j26-1.8.R,58,448.0,465.0
U0154,10.T0.13-58-j26-1.5.H,58,450.0,467.0
U0153,11.T0.13-58-j26-1.7.H,58,458.0,466.0
U0152,65.T0.13-58-j26-1.9.R,58,467.0,473.0
U0155,66.T0.13-58-j26-1.8.R,58,468.0,485.0
U0156,12.T0.13-58-j26-1.5.H,58,470.0,487.0
U0151,67.T0.13-58-j26-1.8.R,58,488.0,505.0
U0153,13.T0.13-58-j26-1.5.H,58,490.0,507.0
U0154,14.T0.13-58-j26-1.5.H,58,507.0,524.0
U0152,68.T0.13-58-j26-1.8.R,58,508.0,525.0
U0155,69.T0.13-58-j26-1.10.R,58,525.0,533.0
U0156,15.T0.13-58-j26-1.7.H,58,536.0,544.0
U0151,70.T0.13-58-j26-1.10.R,58,545.0,553.0
U0153,16.T0.13-58-j26-1.7.H,58,556.0,564.0
U0154,71.T0.13-58-j26-1.10.R,58,565.0,573.0
U0152,17.T0.13-58-j26-1.7.H,58,576.0,584.0
U0155,72.T0.13-58-j26-1.10.R,58,585.0,593.0
U0156,18.T0.13-58-j26-1.7.H,58,596.0,604.0
U0151,73.T0.13-58-j26-1.10.R,58,605.0,613.0
U0153,19.T0.13-58-j26-1.7.H,58,616.0,624.0
U0154,74.T0.13-58-j26-1.10.R,58,625.0,633.0
U0152,20.T0.13-58-j26-1.7.H,58,636.0,644.0
U0155,75.T0.13-58-j26-1.10.R,58,645.0,653.0
U0156,21.T0.13-58-j26-1.7.H,58,656.0,664.0
U0151,76.T0.13-58-j26-1.10.R,58,665.0,673.0
U0153,22.T0.13-58-j26-1.7.H,58,676.0,684.0
U0154,77.T0.13-58-j26-1.10.R,58,685.0,693.0
U0152,23.T0.13-58-j26-1.7.H,58,696.0,704.0
U0155,78.T0.13-58-j26-1.10.R,58,705.0,713.0
U0156,24.T0.13-58-j26-1.7.H,58,716.0,724.0
U0151,79.T0.13-58-j26-1.10.R,58,725.0,733.0
U0153,25.T0.13-58-j26-1.7.H,58,736.0,744.0
U0154,80.T0.13-58-j26-1.10.R,58,745.0,753.0
U0152,26.T0.13-58-j26-1.7.H,58,756.0,764.0
U0155,81.T0.13-58-j26-1.10.R,58,765.0,773.0
U0156,27.T0.13-58-j26-1.7.H,58,776.0,784.0
U0151,82.T0.13-58-j26-1.10.R,58,785.0,793.0
U0153,28.T0.13-58-j26-1.7.H,58,796.0,804.0
U0154,83.T0.13-58-j26-1.10.R,58,805.0,813.0
U0152,29.T0.13-58-j26-1.7.H,58,816.0,824.0
U0155,84.T0.13-58-j26-1.8.R,58,828.0,845.0
U0156,30.T0.13-58-j26-1.5.H,58,830.0,847.0
U0151,85.T0.13-58-j26-1.8.R,58,848.0,865.0
U0153,31.T0.13-58-j26-1.5.H,58,850.0,867.0
U0154,86.T0.13-58-j26-1.8.R,58,868.0,885.0
U0152,32.T0.13-58-j26-1.5.H,58,870.0,887.0
U0155,87.T0.13-58-j26-1.8.R,58,888.0,905.0
U0156,33.T0.13-58-j26-1.5.H,58,890.0,907.0
U0151,88.T0.13-58-j26-1.8.R,58,908.0,925.0
U0153,34.T0.13-58-j26-1.5.H,58,910.0,927.0
U0154,89.T0.13-58-j26-1.8.R,58,928.0,945.0
U0152,35.T0.13-58-j26-1.5.H,58,930.0,947.0
U0155,90.T0.13-58-j26-1.8.R,58,948.0,965.0
U0156,36.T0.13-58-j26-1.5.H,58,950.0,967.0
U0151,91.T0.13-58-j26-1.8.R,58,968.0,985.0
U0153,37.T0.13-58-j26-1.5.H,58,970.0,987.0
U0154,92.T0.13-58-j26-1.8.R,58,988.0,1005.0
U0152,38.T0.13-58-j26-1.5.H,58,990.0,1007.0
U0155,93.T0.13-58-j26-1.8.R,58,1008.0,1025.0
U0156,39.T0.13-58-j26-1.5.H,58,1010.0,1027.0
U0151,94.T0.13-58-j26-1.8.R,58,1028.0,1045.0
U0153,40.T0.13-58-j26-1.5.H,58,1030.0,1047.0
U0154,95.T0.13-58-j26-1.8.R,58,1048.0,1065.0
U0152,41.T0.13-58-j26-1.5.H,58,1050.0,1067.0
U0155,42.T0.13-58-j26-1.5.H,58,1067.0,1084.0
U0156,96.T0.13-58-j26-1.8.R,58,1068.0,1085.0
U0151,97.T0.13-58-j26-1.10.R,58,1085.0,1093.0
U0153,43.T0.13-58-j26-1.5.H,58,1087.0,1104.0
U0154,98.T0.13-58-j26-1.10.R,58,1105.0,1113.0
U0152,44.T0.13-58-j26-1.7.H,58,1116.0,1124.0
U0155,99.T0.13-58-j26-1.10.R,58,1125.0,1133.0
U0156,45.T0.13-58-j26-1.7.H,58,1136.0,1144.0
U0151,100.T0.13-58-j26-1.10.R,58,1145.0,1153.0
U0153,46.T0.13-58-j26-1.7.H,58,1156.0,1164.0
U0154,101.T0.13-58-j26-1.10.R,58,1165.0,1173.0
U0152,47.T0.13-58-j26-1.7.H,58,1176.0,1184.0
U0155,102.T0.13-58-j26-1.10.R,58,1185.0,1193.0
U0156,48.T0.13-58-j26-1.7.H,58,1196.0,1204.0
U0151,103.T0.13-58-j26-1.10.R,58,1205.0,1213.0
U0153,49.T0.13-58-j26-1.7.H,58,1216.0,1224.0
U0154,104.T0.13-58-j26-1.10.R,58,1225.0,1233.0
U0152,50.T0.13-58-j26-1.7.H,58,1236.0,1244.0
U0155,105.T0.13-58-j26-1.10.R,58,1245.0,1253.0
U0156,51.T0.13-58-j26-1.7.H,58,1267.0,1275.0
U0151,106.T0.13-58-j26-1.10.R,58,1276.0,1284.0
U0153,52.T0.13-58-j26-1.7.H,58,1307.0,1315.0
U0154,107.T0.13-58-j26-1.10.R,58,1316.0,1324.0
U0152,53.T0.13-58-j26-1.7.H,58,1347.0,1355.0
U0155,108.T0.13-58-j26-1.10.R,58,1356.0,1364.0
U0156,54.T0.13-58-j26-1.7.H,58,1387.0,1395.0
U0151,109.T0.13-58-j26-1.10.R,58,1396.0,1404.0
U0153,55.T0.13-58-j26-1.7.H,58,1427.0,1435.0
U0154,110.T0.13-58-j26-1.10.R,58,1436.0,1444.0
U0157,1.T0.13-59-j26-1.1.H,59,311.0,330.0
U0158,2.T0.13-59-j26-1.1.H,59,331.0,350.0
U0157,31.T0.13-59-j26-1.3.R,59,336.0,355.0
U0158,32.T0.13-59-j26-1.3.R,59,366.0,385.0
U0157,3.T0.13-59-j26-1.1.H,59,371.0,390.0
U0158,4.T0.13-59-j26-1.1.H,59,391.0,410.0
U0157,33.T0.13-59-j26-1.3.R,59,406.0,425.0
U0159,5.T0.13-59-j26-1.1.H,59,411.0,430.0
U0158,34.T0.13-59-j26-1.3.R,59,446.0,465.0
U0157,7.T0.13-59-j26-1.2.H,59,454.0,476.0
U0159,35.T0.13-59-j26-1.3.R,59,486.0,505.0
U0158,8.T0.13-59-j26-1.1.H,59,501.0,520.0
U0157,36.T0.13-59-j26-1.3.R,59,536.0,555.0
U0159,9.T0.13-59-j26-1.1.H,59,541.0,560.0
U0158,37.T0.13-59-j26-1.3.R,59,576.0,595.0
U0157,10.T0.13-59-j26-1.1.H,59,581.0,600.0
U0159,38.T0.13-59-j26-1.3.R,59,616.0,635.0
U0158,11.T0.13-59-j26-1.1.H,59,621.0,640.0
U0157,39.T0.13-59-j26-1.3.R,59,656.0,675.0
U0159,13.T0.13-59-j26-1.1.H,59,671.0,690.0
U0158,40.T0.13-59-j26-1.3.R,59,696.0,715.0
U0157,14.T0.13-59-j26-1.1.H,59,701.0,720.0
U0159,41.T0.13-59-j26-1.3.R,59,736.0,755.0
U0158,15.T0.13-59-j26-1.1.H,59,741.0,760.0
U0157,42.T0.13-59-j26-1.3.R,59,776.0,795.0
U0159,16.T0.13-59-j26-1.1.H,59,781.0,800.0
U0158,43.T0.13-59-j26-1.3.R,59,816.0,835.0
U0157,17.T0.13-59-j26-1.1.H,59,821.0,840.0
U0159,44.T0.13-59-j26-1.3.R,59,856.0,875.0
U0158,18.T0.13-59-j26-1.1.H,59,861.0,880.0
U0157,45.T0.13-59-j26-1.3.R,59,896.0,915.0
U0159,19.T0.13-59-j26-1.1.H,59,901.0,920.0
U0158,46.T0.13-59-j26-1.3.R,59,936.0,955.0
U0157,20.T0.13-59-j26-1.1.H,59,941.0,960.0
U0159,47.T0.13-59-j26-1.3.R,59,976.0,995.0
U0158,21.T0.13-59-j26-1.1.H,59,981.0,1000.0
U0157,48.T0.13-59-j26-1.3.R,59,1016.0,1035.0
U0159,22.T0.13-59-j26-1.1.H,59,1021.0,1040.0
U0158,49.T0.13-59-j26-1.3.R,59,1056.0,1075.0
U0157,23.T0.13-59-j26-1.1.H,59,1061.0,1080.0
U0159,50.T0.13-59-j26-1.3.R,59,1096.0,1115.0
U0158,24.T0.13-59-j26-1.1.H,59,1101.0,1120.0
U0157,51.T0.13-59-j26-1.3.R,59,1136.0,1155.0
U0159,25.T0.13-59-j26-1.1.H,59,1141.0,1160.0
U0158,52.T0.13-59-j26-1.3.R,59,1176.0,1195.0
U0157,26.T0.13-59-j26-1.1.H,59,1181.0,1200.0
U0159,53.T0.13-59-j26-1.3.R,59,1216.0,1235.0
U0158,27.T0.13-59-j26-1.1.H,59,1221.0,1240.0
U0157,54.T0.13-59-j26-1.3.R,59,1256.0,1275.0
U0159,28.T0.13-59-j26-1.1.H,59,1301.0,1319.0
U0158,55.T0.13-59-j26-1.3.R,59,1333.0,1350.0
U0157,29.T0.13-59-j26-1.1.H,59,1381.0,1399.0
U0159,56.T0.13-59-j26-1.3.R,59,1413.0,1430.0
U0158,30.T0.13-59-j26-1.6.H,59,1461.0,1479.0
U0160,1.T0.13-60-j26-1.1.H,60,335.0,355.0
U0160,11.T0.13-60-j26-1.2.R,60,365.0,388.0
U0160,2.T0.13-60-j26-1.1.H,60,395.0,415.0
U0160,12.T0.13-60-j26-1.2.R,60,425.0,448.0
U0160,3.T0.13-60-j26-1.1.H,60,455.0,475.0
U0160,13.T0.13-60-j26-1.2.R,60,485.0,508.0
U0160,4.T0.13-60-j26-1.1.H,60,755.0,775.0
U0160,14.T0.13-60-j26-1.2.R,60,785.0,808.0
U0160,5.T0.13-60-j26-1.1.H,60,815.0,835.0
U0160,15.T0.13-60-j26-1.2.R,60,845.0,868.0
U0160,6.T0.13-60-j26-1.1.H,60,875.0,895.0
U0160,16.T0.13-60-j26-1.2.R,60,905.0,928.0
U0160,7.T0.13-60-j26-1.1.H,60,935.0,955.0
U0160,17.T0.13-60-j26-1.2.R,60,965.0,988.0
U0160,8.T0.13-60-j26-1.1.H,60,995.0,1015.0
U0160,18.T0.13-60-j26-1.2.R,60,1025.0,1048.0
U0160,9.T0.13-60-j26-1.1.H,60,1055.0,1075.0
U0160,19.T0.13-60-j26-1.2.R,60,1085.0,1108.0
U0160,10.T0.13-60-j26-1.1.H,60,1295.0,1315.0
U0160,20.T0.13-60-j26-1.2.R,60,1325.0,1344.0
U0161,82.T0.13-61-j26-5.12.R,61,269.0,284.0
U0162,83.T0.13-61-j26-5.13.R,61,277.0,294.0
U0163,1.T0.13-61-j26-5.25.H,61,289.0,319.0
U0161,84.T0.13-61-j26-5.14.R,61,292.0,334.0
U0164,85.T0.13-61-j26-5.15.R,61,299.0,314.0
U0162,2.T0.13-61-j26-5.25.H,61,309.0,339.0
U0164,86.T0.13-61-j26-5.16.R,61,320.0,354.0
U0163,3.T0.13-61-j26-5.25.H,61,329.0,359.0
U0161,87.T0.13-61-j26-5.16.R,61,340.0,374.0
U0162,4.T0.13-61-j26-5.25.H,61,349.0,379.0
U0164,88.T0.13-61-j26-5.16.R,61,365.0,399.0
U0163,89.T0.13-61-j26-5.13.R,61,369.0,389.0
U0165,5.T0.13-61-j26-5.25.H,61,369.0,400.0
U0166,6.T0.13-61-j26-5.26.H,61,379.0,397.0
U0161,90.T0.13-61-j26-5.16.R,61,385.0,419.0
U0162,7.T0.13-61-j26-5.25.H,61,389.0,420.0
U0167,91.T0.13-61-j26-5.13.R,61,389.0,409.0
U0163,9.T0.13-61-j26-5.27.H,61,399.0,437.0
U0166,92.T0.13-61-j26-5.16.R,61,405.0,439.0
U0164,10.T0.13-61-j26-5.26.H,61,409.0,427.0
U0165,93.T0.13-61-j26-5.13.R,61,409.0,429.0
U0168,11.T0.13-61-j26-5.28.H,61,413.0,452.0
U0167,13.T0.13-61-j26-5.29.H,61,419.0,460.0
U0169,14.T0.13-61-j26-5.30.H,61,424.0,453.0
U0161,94.T0.13-61-j26-5.16.R,61,425.0,459.0
U0162,15.T0.13-61-j26-5.26.H,61,429.0,447.0
U0170,95.T0.13-61-j26-5.13.R,61,429.0,449.0
U0164,16.T0.13-61-j26-5.25.H,61,439.0,470.0
U0165,96.T0.13-61-j26-5.16.R,61,445.0,479.0
U0163,17.T0.13-61-j26-5.26.H,61,449.0,467.0
U0166,97.T0.13-61-j26-5.13.R,61,449.0,469.0
U0162,18.T0.13-61-j26-5.25.H,61,459.0,490.0
U0170,98.T0.13-61-j26-5.17.R,61,460.0,496.0
U0168,100.T0.13-61-j26-5.18.R,61,466.0,499.0
U0169,19.T0.13-61-j26-5.26.H,61,469.0,487.0
U0161,101.T0.13-61-j26-5.13.R,61,469.0,489.0
U0167,102.T0.13-61-j26-5.17.R,61,471.0,507.0
U0163,20.T0.13-61-j26-5.26.H,61,479.0,497.0
U0166,103.T0.13-61-j26-5.16.R,61,485.0,519.0
U0164,21.T0.13-61-j26-5.25.H,61,489.0,520.0
U0165,104.T0.13-61-j26-5.13.R,61,489.0,509.0
U0169,105.T0.13-61-j26-5.16.R,61,505.0,539.0
U0161,106.T0.13-61-j26-5.13.R,61,509.0,529.0
U0162,22.T0.13-61-j26-5.31.H,61,509.0,525.0
U0170,23.T0.13-61-j26-5.25.H,61,529.0,560.0
U0163,107.T0.13-61-j26-5.15.R,61,536.0,554.0
U0168,108.T0.13-61-j26-5.34.R,61,537.0,574.0
U0167,24.T0.13-61-j26-5.31.H,61,549.0,565.0
U0165,25.T0.13-61-j26-5.25.H,61,569.0,600.0
U0166,109.T0.13-61-j26-5.15.R,61,576.0,594.0
U0164,110.T0.13-61-j26-5.34.R,61,577.0,614.0
U0162,26.T0.13-61-j26-5.31.H,61,589.0,605.0
U0161,27.T0.13-61-j26-5.25.H,61,609.0,640.0
U0169,111.T0.13-61-j26-5.15.R,61,616.0,634.0
U0163,112.T0.13-61-j26-5.34.R,61,617.0,654.0
U0170,28.T0.13-61-j26-5.31.H,61,629.0,645.0
U0167,29.T0.13-61-j26-5.25.H,61,649.0,680.0
U0168,113.T0.13-61-j26-5.15.R,61,656.0,674.0
U0166,114.T0.13-61-j26-5.34.R,61,657.0,694.0
U0165,30.T0.13-61-j26-5.31.H,61,669.0,685.0
U0162,31.T0.13-61-j26-5.32.H,61,684.0,716.0
U0164,32.T0.13-61-j26-5.25.H,61,689.0,720.0
U0169,115.T0.13-61-j26-5.15.R,61,696.0,714.0
U0161,116.T0.13-61-j26-5.34.R,61,697.0,734.0
U0170,33.T0.13-61-j26-5.31.H,61,709.0,725.0
U0163,34.T0.13-61-j26-5.33.H,61,724.0,770.0
U0168,117.T0.13-61-j26-5.20.R,61,728.0,751.0
U0167,36.T0.13-61-j26-5.33.H,61,734.0,790.0
U0165,118.T0.13-61-j26-5.15.R,61,736.0,754.0
U0166,119.T0.13-61-j26-5.34.R,61,737.0,774.0
U0169,37.T0.13-61-j26-5.31.H,61,749.0,765.0
U0162,38.T0.13-61-j26-5.25.H,61,769.0,800.0
U0164,120.T0.13-61-j26-5.15.R,61,776.0,794.0
U0170,121.T0.13-61-j26-5.18.R,61,777.0,809.0
U0161,123.T0.13-61-j26-5.17.R,61,779.0,814.0
U0168,39.T0.13-61-j26-5.31.H,61,789.0,805.0
U0165,124.T0.13-61-j26-5.18.R,61,797.0,829.0
U0169,40.T0.13-61-j26-5.26.H,61,799.0,817.0
U0163,41.T0.13-61-j26-5.25.H,61,809.0,840.0
U0166,42.T0.13-61-j26-5.31.H,61,814.0,830.0
U0167,125.T0.13-61-j26-5.15.R,61,816.0,834.0
U0164,126.T0.13-61-j26-5.34.R,61,817.0,854.0
U0162,43.T0.13-61-j26-5.31.H,61,824.0,840.0
U0168,44.T0.13-61-j26-5.31.H,61,829.0,845.0
U0170,45.T0.13-61-j26-5.25.H,61,849.0,880.0
U0161,127.T0.13-61-j26-5.15.R,61,856.0,874.0
U0169,128.T0.13-61-j26-5.34.R,61,857.0,894.0
U0165,46.T0.13-61-j26-5.31.H,61,869.0,885.0
U0166,47.T0.13-61-j26-5.25.H,61,889.0,920.0
U0167,129.T0.13-61-j26-5.15.R,61,896.0,914.0
U0162,48.T0.13-61-j26-5.26.H,61,899.0,917.0
U0163,130.T0.13-61-j26-5.34.R,61,902.0,939.0
U0168,49.T0.13-61-j26-5.25.H,61,909.0,940.0
U0164,50.T0.13-61-j26-5.26.H,61,919.0,937.0
U0161,51.T0.13-61-j26-5.25.H,61,929.0,960.0
U0170,131.T0.13-61-j26-5.13.R,61,929.0,949.0
U0165,132.T0.13-61-j26-5.16.R,61,935.0,969.0
U0169,133.T0.13-61-j26-5.13.R,61,939.0,959.0
U0167,52.T0.13-61-j26-5.26.H,61,939.0,957.0
U0162,53.T0.13-61-j26-5.25.H,61,949.0,980.0
U0166,134.T0.13-61-j26-5.16.R,61,955.0,989.0
U0164,135.T0.13-61-j26-5.13.R,61,959.0,979.0
U0163,54.T0.13-61-j26-5.26.H,61,959.0,977.0
U0168,55.T0.13-61-j26-5.25.H,61,969.0,1000.0
U0170,136.T0.13-61-j26-5.16.R,61,975.0,1009.0
U0167,56.T0.13-61-j26-5.26.H,61,979.0,997.0
U0169,137.T0.13-61-j26-5.13.R,61,979.0,999.0
U0161,57.T0.13-61-j26-5.25.H,61,989.0,1020.0
U0165,138.T0.13-61-j26-5.16.R,61,995.0,1029.0
U0163,139.T0.13-61-j26-5.13.R,61,999.0,1019.0
U0164,58.T0.13-61-j26-5.26.H,61,999.0,1017.0
U0162,59.T0.13-61-j26-5.25.H,61,1009.0,1040.0
U0166,140.T0.13-61-j26-5.16.R,61,1015.0,1049.0
U0167,141.T0.13-61-j26-5.13.R,61,1019.0,1039.0
U0169,60.T0.13-61-j26-5.26.H,61,1019.0,1037.0
U0168,61.T0.13-61-j26-5.25.H,61,1029.0,1060.0
U0170,142.T0.13-61-j26-5.16.R,61,1035.0,1069.0
U0164,143.T0.13-61-j26-5.13.R,61,1039.0,1059.0
U0163,62.T0.13-61-j26-5.26.H,61,1039.0,1057.0
U0161,63.T0.13-61-j26-5.25.H,61,1049.0,1080.0
U0165,144.T0.13-61-j26-5.16.R,61,1055.0,1089.0
U0169,145.T0.13-61-j26-5.13.R,61,1059.0,1079.0
U0167,64.T0.13-61-j26-5.26.H,61,1059.0,1077.0
U0162,65.T0.13-61-j26-5.25.H,61,1069.0,1100.0
U0166,146.T0.13-61-j26-5.16.R,61,1075.0,1109.0
U0163,147.T0.13-61-j26-5.13.R,61,1079.0,1099.0
U0164,66.T0.13-61-j26-5.26.H,61,1079.0,1097.0
U0168,67.T0.13-61-j26-5.26.H,61,1089.0,1107.0
U0170,148.T0.13-61-j26-5.16.R,61,1095.0,1129.0
U0167,68.T0.13-61-j26-5.31.H,61,1099.0,1115.0
U0169,149.T0.13-61-j26-5.13.R,61,1099.0,1119.0
U0161,69.T0.13-61-j26-5.25.H,61,1109.0,1140.0
U0165,150.T0.13-61-j26-5.13.R,61,1119.0,1139.0
U0164,151.T0.13-61-j26-5.16.R,61,1120.0,1154.0
U0163,70.T0.13-61-j26-5.31.H,61,1129.0,1144.0
U0162,71.T0.13-61-j26-5.25.H,61,1149.0,1179.0
U0168,152.T0.13-61-j26-5.15.R,61,1156.0,1174.0
U0166,153.T0.13-61-j26-5.16.R,61,1160.0,1194.0
U0167,72.T0.13-61-j26-5.31.H,61,1169.0,1184.0
U0169,73.T0.13-61-j26-5.25.H,61,1189.0,1219.0
U0170,154.T0.13-61-j26-5.15.R,61,1196.0,1214.0
U0165,155.T0.13-61-j26-5.16.R,61,1200.0,1234.0
U0161,74.T0.13-61-j26-5.31.H,61,1209.0,1224.0
U0163,156.T0.13-61-j26-5.16.R,61,1233.0,1260.0
U0164,75.T0.13-61-j26-5.25.H,61,1236.0,1262.0
U0168,157.T0.13-61-j26-5.16.R,61,1263.0,1290.0
U0162,76.T0.13-61-j26-5.25.H,61,1276.0,1302.0
U0167,158.T0.13-61-j26-5.16.R,61,1303.0,1330.0
U0166,77.T0.13-61-j26-5.25.H,61,1316.0,1342.0
U0170,159.T0.13-61-j26-5.16.R,61,1343.0,1370.0
U0169,78.T0.13-61-j26-5.25.H,61,1356.0,1382.0
U0161,160.T0.13-61-j26-5.16.R,61,1383.0,1410.0
U0165,79.T0.13-61-j26-5.25.H,61,1396.0,1422.0
U0163,161.T0.13-61-j26-5.16.R,61,1423.0,1450.0
U0164,80.T0.13-61-j26-5.26.H,61,1436.0,1452.0
U0168,81.T0.13-61-j26-5.31.H,61,1476.0,1490.0
U0171,1.T0.13-62-j26-1.3.H,62,281.0,311.0
U0172,72.T0.13-62-j26-1.13.R,62,281.0,304.0
U0173,73.T0.13-62-j26-1.2.R,62,295.0,324.0
U0174,2.T0.13-62-j26-1.1.H,62,299.0,331.0
U0172,74.T0.13-62-j26-1.2.R,62,310.0,344.0
U0171,3.T0.13-62-j26-1.1.H,62,319.0,351.0
U0173,75.T0.13-62-j26-1.2.R,62,330.0,364.0
U0174,4.T0.13-62-j26-1.1.H,62,339.0,371.0
U0172,76.T0.13-62-j26-1.2.R,62,350.0,384.0
U0171,5.T0.13-62-j26-1.1.H,62,359.0,391.0
U0175,77.T0.13-62-j26-1.13.R,62,366.0,394.0
U0176,78.T0.13-62-j26-1.2.R,62,369.0,404.0
U0173,6.T0.13-62-j26-1.1.H,62,374.0,408.0
U0174,79.T0.13-62-j26-1.2.R,62,379.0,414.0
U0177,7.T0.13-62-j26-1.1.H,62,384.0,418.0
U0178,80.T0.13-62-j26-1.2.R,62,389.0,424.0
U0172,8.T0.13-62-j26-1.1.H,62,394.0,428.0
U0171,81.T0.13-62-j26-1.2.R,62,399.0,434.0
U0175,9.T0.13-62-j26-1.1.H,62,404.0,438.0
U0179,82.T0.13-62-j26-1.2.R,62,409.0,444.0
U0176,10.T0.13-62-j26-1.1.H,62,414.0,448.0
U0173,83.T0.13-62-j26-1.2.R,62,419.0,454.0
U0174,11.T0.13-62-j26-1.1.H,62,424.0,458.0
U0177,84.T0.13-62-j26-1.2.R,62,429.0,464.0
U0178,12.T0.13-62-j26-1.1.H,62,434.0,468.0
U0172,85.T0.13-62-j26-1.2.R,62,439.0,474.0
U0171,13.T0.13-62-j26-1.1.H,62,444.0,478.0
U0175,86.T0.13-62-j26-1.2.R,62,449.0,484.0
U0179,15.T0.13-62-j26-1.5.H,62,454.0,485.0
U0176,87.T0.13-62-j26-1.2.R,62,459.0,494.0
U0173,16.T0.13-62-j26-1.1.H,62,464.0,498.0
U0174,88.T0.13-62-j26-1.2.R,62,469.0,504.0
U0177,17.T0.13-62-j26-1.4.H,62,474.0,501.0
U0178,18.T0.13-62-j26-1.1.H,62,484.0,518.0
U0172,89.T0.13-62-j26-1.13.R,62,486.0,514.0
U0171,90.T0.13-62-j26-1.2.R,62,489.0,524.0
U0175,19.T0.13-62-j26-1.1.H,62,499.0,533.0
U0179,91.T0.13-62-j26-1.13.R,62,506.0,534.0
U0176,92.T0.13-62-j26-1.2.R,62,509.0,544.0
U0173,20.T0.13-62-j26-1.1.H,62,519.0,553.0
U0177,93.T0.13-62-j26-1.2.R,62,529.0,564.0
U0174,21.T0.13-62-j26-1.1.H,62,539.0,573.0
U0172,94.T0.13-62-j26-1.2.R,62,549.0,584.0
U0178,22.T0.13-62-j26-1.1.H,62,559.0,593.0
U0171,95.T0.13-62-j26-1.2.R,62,569.0,604.0
U0175,23.T0.13-62-j26-1.1.H,62,579.0,613.0
U0179,96.T0.13-62-j26-1.2.R,62,589.0,624.0
U0176,24.T0.13-62-j26-1.1.H,62,599.0,633.0
U0173,97.T0.13-62-j26-1.2.R,62,609.0,644.0
U0177,25.T0.13-62-j26-1.1.H,62,619.0,653.0
U0174,98.T0.13-62-j26-1.2.R,62,629.0,664.0
U0172,26.T0.13-62-j26-1.1.H,62,639.0,673.0
U0178,99.T0.13-62-j26-1.2.R,62,649.0,684.0
U0171,27.T0.13-62-j26-1.1.H,62,659.0,693.0
U0175,100.T0.13-62-j26-1.2.R,62,669.0,704.0
U0179,28.T0.13-62-j26-1.1.H,62,679.0,713.0
U0176,101.T0.13-62-j26-1.2.R,62,689.0,724.0
U0173,29.T0.13-62-j26-1.1.H,62,699.0,733.0
U0177,102.T0.13-62-j26-1.2.R,62,709.0,744.0
U0174,30.T0.13-62-j26-1.1.H,62,719.0,753.0
U0172,103.T0.13-62-j26-1.2.R,62,729.0,764.0
U0178,31.T0.13-62-j26-1.1.H,62,739.0,773.0
U0171,104.T0.13-62-j26-1.2.R,62,749.0,784.0
U0175,32.T0.13-62-j26-1.1.H,62,759.0,793.0
U0179,105.T0.13-62-j26-1.2.R,62,769.0,804.0
U0176,33.T0.13-62-j26-1.1.H,62,779.0,813.0
U0173,106.T0.13-62-j26-1.2.R,62,789.0,824.0
U0177,34.T0.13-62-j26-1.1.H,62,794.0,828.0
U0174,36.T0.13-62-j26-1.4.H,62,804.0,831.0
U0172,107.T0.13-62-j26-1.2.R,62,809.0,844.0
U0178,37.T0.13-62-j26-1.1.H,62,819.0,853.0
U0171,109.T0.13-62-j26-1.14.R,62,830.0,864.0
U0175,38.T0.13-62-j26-1.1.H,62,839.0,873.0
U0179,110.T0.13-62-j26-1.2.R,62,849.0,884.0
U0176,39.T0.13-62-j26-1.1.H,62,859.0,893.0
U0173,111.T0.13-62-j26-1.2.R,62,869.0,904.0
U0177,40.T0.13-62-j26-1.1.H,62,879.0,913.0
U0174,112.T0.13-62-j26-1.2.R,62,889.0,924.0
U0172,41.T0.13-62-j26-1.1.H,62,894.0,928.0
U0178,113.T0.13-62-j26-1.2.R,62,899.0,934.0
U0171,42.T0.13-62-j26-1.4.H,62,904.0,931.0
U0175,43.T0.13-62-j26-1.1.H,62,914.0,948.0
U0179,114.T0.13-62-j26-1.13.R,62,916.0,944.0
U0176,115.T0.13-62-j26-1.2.R,62,919.0,954.0
U0173,44.T0.13-62-j26-1.4.H,62,924.0,951.0
U0177,45.T0.13-62-j26-1.1.H,62,934.0,968.0
U0174,116.T0.13-62-j26-1.13.R,62,936.0,964.0
U0172,117.T0.13-62-j26-1.2.R,62,939.0,974.0
U0171,46.T0.13-62-j26-1.4.H,62,944.0,971.0
U0178,47.T0.13-62-j26-1.1.H,62,954.0,988.0
U0179,118.T0.13-62-j26-1.13.R,62,956.0,984.0
U0175,119.T0.13-62-j26-1.2.R,62,959.0,994.0
U0173,48.T0.13-62-j26-1.4.H,62,964.0,991.0
U0176,49.T0.13-62-j26-1.1.H,62,974.0,1008.0
U0174,120.T0.13-62-j26-1.13.R,62,976.0,1004.0
U0177,121.T0.13-62-j26-1.2.R,62,979.0,1014.0
U0171,50.T0.13-62-j26-1.4.H,62,984.0,1011.0
U0172,51.T0.13-62-j26-1.1.H,62,994.0,1028.0
U0179,122.T0.13-62-j26-1.13.R,62,996.0,1024.0
U0178,123.T0.13-62-j26-1.2.R,62,999.0,1034.0
U0173,52.T0.13-62-j26-1.4.H,62,1004.0,1031.0
U0175,53.T0.13-62-j26-1.1.H,62,1014.0,1048.0
U0174,124.T0.13-62-j26-1.13.R,62,1016.0,1044.0
U0176,125.T0.13-62-j26-1.2.R,62,1019.0,1054.0
U0171,54.T0.13-62-j26-1.4.H,62,1024.0,1051.0
U0177,55.T0.13-62-j26-1.1.H,62,1034.0,1068.0
U0179,126.T0.13-62-j26-1.13.R,62,1036.0,1064.0
U0172,56.T0.13-62-j26-1.4.H,62,1044.0,1071.0
U0173,127.T0.13-62-j26-1.2.R,62,1050.0,1084.0
U0178,57.T0.13-62-j26-1.1.H,62,1054.0,1088.0
U0174,128.T0.13-62-j26-1.2.R,62,1070.0,1104.0
U0175,58.T0.13-62-j26-1.1.H,62,1074.0,1108.0
U0171,129.T0.13-62-j26-1.2.R,62,1090.0,1124.0
U0176,59.T0.13-62-j26-1.1.H,62,1094.0,1128.0
U0179,130.T0.13-62-j26-1.2.R,62,1110.0,1144.0
U0177,60.T0.13-62-j26-1.1.H,62,1119.0,1151.0
U0172,131.T0.13-62-j26-1.2.R,62,1130.0,1164.0
U0173,61.T0.13-62-j26-1.1.H,62,1139.0,1171.0
U0178,132.T0.13-62-j26-1.2.R,62,1150.0,1184.0
U0174,62.T0.13-62-j26-1.1.H,62,1159.0,1191.0
U0175,133.T0.13-62-j26-1.2.R,62,1170.0,1204.0
U0171,63.T0.13-62-j26-1.1.H,62,1179.0,1211.0
U0176,134.T0.13-62-j26-1.2.R,62,1190.0,1224.0
U0179,64.T0.13-62-j26-1.1.H,62,1199.0,1231.0
U0177,135.T0.13-62-j26-1.2.R,62,1219.0,1248.0
U0172,65.T0.13-62-j26-1.1.H,62,1219.0,1251.0
U0173,136.T0.13-62-j26-1.2.R,62,1249.0,1278.0
U0178,66.T0.13-62-j26-1.1.H,62,1256.0,1285.0
U0174,137.T0.13-62-j26-1.2.R,62,1279.0,1308.0
U0175,67.T0.13-62-j26-1.1.H,62,1296.0,1325.0
U0171,138.T0.13-62-j26-1.2.R,62,1319.0,1348.0
U0176,68.T0.13-62-j26-1.1.H,62,1336.0,1365.0
U0179,139.T0.13-62-j26-1.2.R,62,1359.0,1388.0
U0177,69.T0.13-62-j26-1.1.H,62,1376.0,1405.0
U0172,140.T0.13-62-j26-1.2.R,62,1399.0,1428.0
U0173,70.T0.13-62-j26-1.1.H,62,1416.0,1445.0
U0178,141.T0.13-62-j26-1.2.R,62,1439.0,1468.0
U0174,71.T0.13-62-j26-1.1.H,62,1456.0,1485.0
U0180,1.T0.13-65-j26-1.1.H,65,274.0,310.0
U0181,2.T0.13-65-j26-1.2.H,65,286.0,330.0
U0182,100.T0.13-65-j26-1.8.R,65,291.0,334.0
U0183,3.T0.13-65-j26-1.2.H,65,306.0,350.0
U0184,101.T0.13-65-j26-1.8.R,65,311.0,354.0
U0180,4.T0.13-65-j26-1.2.H,65,316.0,360.0
U0185,5.T0.13-65-j26-1.2.H,65,326.0,370.0
U0186,102.T0.13-65-j26-1.8.R,65,331.0,374.0
U0181,6.T0.13-65-j26-1.2.H,65,336.0,380.0
U0182,103.T0.13-65-j26-1.8.R,65,341.0,386.0
U0187,7.T0.13-65-j26-1.2.H,65,346.0,390.0
U0188,104.T0.13-65-j26-1.8.R,65,351.0,396.0
U0183,8.T0.13-65-j26-1.2.H,65,356.0,400.0
U0184,105.T0.13-65-j26-1.8.R,65,361.0,406.0
U0180,9.T0.13-65-j26-1.2.H,65,366.0,410.0
U0189,106.T0.13-65-j26-1.8.R,65,371.0,416.0
U0185,10.T0.13-65-j26-1.2.H,65,376.0,420.0
U0186,107.T0.13-65-j26-1.8.R,65,381.0,426.0
U0181,11.T0.13-65-j26-1.2.H,65,386.0,430.0
U0190,108.T0.13-65-j26-1.8.R,65,391.0,436.0
U0182,12.T0.13-65-j26-1.2.H,65,396.0,440.0
U0187,109.T0.13-65-j26-1.8.R,65,401.0,446.0
U0188,13.T0.13-65-j26-1.2.H,65,406.0,450.0
U0183,110.T0.13-65-j26-1.8.R,65,411.0,456.0
U0184,14.T0.13-65-j26-1.2.H,65,416.0,460.0
U0180,111.T0.13-65-j26-1.8.R,65,421.0,466.0
U0189,15.T0.13-65-j26-1.2.H,65,426.0,470.0
U0185,112.T0.13-65-j26-1.8.R,65,431.0,476.0
U0186,16.T0.13-65-j26-1.2.H,65,436.0,480.0
U0181,113.T0.13-65-j26-1.8.R,65,441.0,486.0
U0190,17.T0.13-65-j26-1.2.H,65,446.0,490.0
U0182,114.T0.13-65-j26-1.8.R,65,451.0,496.0
U0187,18.T0.13-65-j26-1.2.H,65,456.0,500.0
U0188,115.T0.13-65-j26-1.8.R,65,461.0,506.0
U0183,19.T0.13-65-j26-1.2.H,65,466.0,510.0
U0184,116.T0.13-65-j26-1.8.R,65,471.0,516.0
U0180,20.T0.13-65-j26-1.2.H,65,476.0,520.0
U0189,117.T0.13-65-j26-1.8.R,65,481.0,526.0
U0185,21.T0.13-65-j26-1.2.H,65,486.0,530.0
U0186,118.T0.13-65-j26-1.8.R,65,491.0,536.0
U0181,22.T0.13-65-j26-1.2.H,65,496.0,540.0
U0190,119.T0.13-65-j26-1.8.R,65,501.0,546.0
U0182,23.T0.13-65-j26-1.2.H,65,506.0,550.0
U0187,120.T0.13-65-j26-1.8.R,65,511.0,556.0
U0188,24.T0.13-65-j26-1.2.H,65,516.0,560.0
U0183,121.T0.13-65-j26-1.8.R,65,521.0,566.0
U0184,25.T0.13-65-j26-1.2.H,65,526.0,570.0
U0180,122.T0.13-65-j26-1.8.R,65,531.0,576.0
U0189,26.T0.13-65-j26-1.2.H,65,536.0,580.0
U0185,123.T0.13-65-j26-1.8.R,65,541.0,586.0
U0186,27.T0.13-65-j26-1.2.H,65,546.0,590.0
U0181,124.T0.13-65-j26-1.8.R,65,551.0,596.0
U0190,28.T0.13-65-j26-1.2.H,65,556.0,600.0
U0182,125.T0.13-65-j26-1.8.R,65,561.0,606.0
U0187,29.T0.13-65-j26-1.2.H,65,566.0,610.0
U0188,126.T0.13-65-j26-1.8.R,65,571.0,616.0
U0183,30.T0.13-65-j26-1.2.H,65,576.0,620.0
U0184,127.T0.13-65-j26-1.8.R,65,581.0,626.0
U0180,31.T0.13-65-j26-1.2.H,65,586.0,630.0
U0189,128.T0.13-65-j26-1.8.R,65,591.0,636.0
U0185,32.T0.13-65-j26-1.2.H,65,596.0,640.0
U0186,129.T0.13-65-j26-1.8.R,65,601.0,646.0
U0181,33.T0.13-65-j26-1.2.H,65,606.0,650.0
U0190,130.T0.13-65-j26-1.8.R,65,611.0,656.0
U0182,34.T0.13-65-j26-1.2.H,65,616.0,660.0
U0187,131.T0.13-65-j26-1.8.R,65,621.0,666.0
U0188,35.T0.13-65-j26-1.2.H,65,626.0,670.0
U0183,132.T0.13-65-j26-1.8.R,65,631.0,676.0
U0184,36.T0.13-65-j26-1.2.H,65,636.0,680.0
U0180,133.T0.13-65-j26-1.8.R,65,641.0,686.0
U0189,37.T0.13-65-j26-1.2.H,65,646.0,690.0
U0185,134.T0.13-65-j26-1.8.R,65,651.0,696.0
U0186,38.T0.13-65-j26-1.2.H,65,656.0,700.0
U0181,135.T0.13-65-j26-1.8.R,65,661.0,706.0
U0190,39.T0.13-65-j26-1.2.H,65,666.0,710.0
U0182,136.T0.13-65-j26-1.8.R,65,671.0,716.0
U0187,40.T0.13-65-j26-1.2.H,65,676.0,720.0
U0188,137.T0.13-65-j26-1.8.R,65,681.0,726.0
U0183,41.T0.13-65-j26-1.2.H,65,686.0,730.0
U0184,138.T0.13-65-j26-1.8.R,65,691.0,736.0
U0180,42.T0.13-65-j26-1.2.H,65,696.0,740.0
U0189,139.T0.13-65-j26-1.8.R,65,701.0,746.0
U0185,43.T0.13-65-j26-1.2.H,65,706.0,750.0
U0186,140.T0.13-65-j26-1.8.R,65,711.0,756.0
U0181,44.T0.13-65-j26-1.2.H,65,716.0,760.0
U0190,141.T0.13-65-j26-1.8.R,65,721.0,766.0
U0182,45.T0.13-65-j26-1.2.H,65,726.0,770.0
U0187,142.T0.13-65-j26-1.8.R,65,731.0,776.0
U0188,46.T0.13-65-j26-1.2.H,65,736.0,780.0
U0183,143.T0.13-65-j26-1.8.R,65,741.0,786.0
U0184,47.T0.13-65-j26-1.2.H,65,746.0,790.0
U0180,144.T0.13-65-j26-1.8.R,65,751.0,796.0
U0189,48.T0.13-65-j26-1.2.H,65,756.0,800.0
U0185,145.T0.13-65-j26-1.8.R,65,761.0,806.0
U0186,49.T0.13-65-j26-1.2.H,65,766.0,810.0
U0181,146.T0.13-65-j26-1.8.R,65,771.0,816.0
U0190,50.T0.13-65-j26-1.2.H,65,776.0,820.0
U0182,147.T0.13-65-j26-1.8.R,65,781.0,826.0
U0187,51.T0.13-65-j26-1.2.H,65,786.0,830.0
U0188,148.T0.13-65-j26-1.8.R,65,791.0,836.0
U0183,52.T0.13-65-j26-1.3.H,65,792.0,826.0
U0191,149.T0.13-65-j26-1.6.R,65,794.0,811.0
U0184,53.T0.13-65-j26-1.2.H,65,796.0,840.0
U0192,150.T0.13-65-j26-1.8.R,65,801.0,846.0
U0180,54.T0.13-65-j26-1.2.H,65,806.0,850.0
U0189,151.T0.13-65-j26-1.8.R,65,811.0,856.0
U0185,55.T0.13-65-j26-1.2.H,65,816.0,860.0
U0186,152.T0.13-65-j26-1.8.R,65,821.0,866.0
U0191,56.T0.13-65-j26-1.2.H,65,826.0,870.0
U0181,153.T0.13-65-j26-1.8.R,65,831.0,876.0
U0190,57.T0.13-65-j26-1.2.H,65,836.0,880.0
U0182,154.T0.13-65-j26-1.8.R,65,841.0,886.0
U0183,58.T0.13-65-j26-1.2.H,65,846.0,890.0
U0187,155.T0.13-65-j26-1.8.R,65,851.0,896.0
U0188,59.T0.13-65-j26-1.2.H,65,856.0,900.0
U0184,156.T0.13-65-j26-1.8.R,65,861.0,906.0
U0192,60.T0.13-65-j26-1.2.H,65,866.0,910.0
U0180,157.T0.13-65-j26-1.8.R,65,871.0,916.0
U0189,61.T0.13-65-j26-1.2.H,65,876.0,920.0
U0185,158.T0.13-65-j26-1.8.R,65,881.0,926.0
U0186,62.T0.13-65-j26-1.2.H,65,886.0,930.0
U0191,159.T0.13-65-j26-1.8.R,65,891.0,936.0
U0181,63.T0.13-65-j26-1.2.H,65,896.0,940.0
U0190,160.T0.13-65-j26-1.8.R,65,901.0,946.0
U0182,64.T0.13-65-j26-1.2.H,65,906.0,950.0
U0183,161.T0.13-65-j26-1.8.R,65,911.0,956.0
U0187,65.T0.13-65-j26-1.2.H,65,916.0,960.0
U0188,162.T0.13-65-j26-1.8.R,65,921.0,966.0
U0184,66.T0.13-65-j26-1.2.H,65,926.0,970.0
U0192,163.T0.13-65-j26-1.8.R,65,931.0,976.0
U0180,67.T0.13-65-j26-1.2.H,65,936.0,980.0
U0189,164.T0.13-65-j26-1.8.R,65,941.0,986.0
U0185,68.T0.13-65-j26-1.2.H,65,946.0,990.0
U0186,165.T0.13-65-j26-1.8.R,65,951.0,996.0
U0191,69.T0.13-65-j26-1.2.H,65,956.0,1000.0
U0181,166.T0.13-65-j26-1.8.R,65,961.0,1006.0
U0190,70.T0.13-65-j26-1.2.H,65,966.0,1010.0
U0182,167.T0.13-65-j26-1.8.R,65,971.0,1016.0
U0183,71.T0.13-65-j26-1.2.H,65,976.0,1020.0
U0187,168.T0.13-65-j26-1.8.R,65,981.0,1026.0
U0188,72.T0.13-65-j26-1.2.H,65,986.0,1030.0
U0184,169.T0.13-65-j26-1.8.R,65,991.0,1036.0
U0192,73.T0.13-65-j26-1.2.H,65,996.0,1040.0
U0180,170.T0.13-65-j26-1.8.R,65,1001.0,1046.0
U0189,74.T0.13-65-j26-1.2.H,65,1006.0,1050.0
U0185,171.T0.13-65-j26-1.8.R,65,1011.0,1056.0
U0186,75.T0.13-65-j26-1.2.H,65,1016.0,1060.0
U0191,172.T0.13-65-j26-1.8.R,65,1021.0,1066.0
U0181,76.T0.13-65-j26-1.2.H,65,1026.0,1070.0
U0190,173.T0.13-65-j26-1.8.R,65,1031.0,1076.0
U0182,77.T0.13-65-j26-1.2.H,65,1036.0,1080.0
U0183,174.T0.13-65-j26-1.8.R,65,1041.0,1086.0
U0187,78.T0.13-65-j26-1.2.H,65,1046.0,1090.0
U0188,175.T0.13-65-j26-1.8.R,65,1051.0,1096.0
U0184,79.T0.13-65-j26-1.2.H,65,1056.0,1100.0
U0192,176.T0.13-65-j26-1.8.R,65,1061.0,1106.0
U0180,80.T0.13-65-j26-1.2.H,65,1066.0,1110.0
U0189,177.T0.13-65-j26-1.8.R,65,1071.0,1116.0
U0185,81.T0.13-65-j26-1.2.H,65,1076.0,1120.0
U0186,178.T0.13-65-j26-1.8.R,65,1081.0,1126.0
U0191,82.T0.13-65-j26-1.2.H,65,1086.0,1130.0
U0181,179.T0.13-65-j26-1.8.R,65,1091.0,1136.0
U0190,180.T0.13-65-j26-1.8.R,65,1101.0,1146.0
U0182,83.T0.13-65-j26-1.2.H,65,1106.0,1150.0
U0183,181.T0.13-65-j26-1.8.R,65,1111.0,1156.0
U0187,84.T0.13-65-j26-1.2.H,65,1126.0,1170.0
U0188,182.T0.13-65-j26-1.8.R,65,1131.0,1174.0
U0184,85.T0.13-65-j26-1.2.H,65,1146.0,1190.0
U0192,183.T0.13-65-j26-1.8.R,65,1151.0,1194.0
U0180,86.T0.13-65-j26-1.2.H,65,1166.0,1210.0
U0189,184.T0.13-65-j26-1.8.R,65,1171.0,1214.0
U0185,87.T0.13-65-j26-1.2.H,65,1186.0,1230.0
U0186,185.T0.13-65-j26-1.8.R,65,1191.0,1234.0
U0191,88.T0.13-65-j26-1.2.H,65,1202.0,1238.0
U0181,186.T0.13-65-j26-1.8.R,65,1211.0,1254.0
U0190,89.T0.13-65-j26-1.2.H,65,1222.0,1258.0
U0182,187.T0.13-65-j26-1.8.R,65,1231.0,1274.0
U0183,90.T0.13-65-j26-1.2.H,65,1242.0,1278.0
U0187,188.T0.13-65-j26-1.8.R,65,1248.0,1283.0
U0188,91.T0.13-65-j26-1.2.H,65,1262.0,1298.0
U0184,189.T0.13-65-j26-1.8.R,65,1268.0,1303.0
U0192,92.T0.13-65-j26-1.2.H,65,1282.0,1318.0
U0180,190.T0.13-65-j26-1.8.R,65,1288.0,1323.0
U0189,93.T0.13-65-j26-1.2.H,65,1302.0,1338.0
U0185,191.T0.13-65-j26-1.8.R,65,1308.0,1343.0
U0186,94.T0.13-65-j26-1.2.H,65,1322.0,1358.0
U0191,192.T0.13-65-j26-1.8.R,65,1328.0,1363.0
U0181,95.T0.13-65-j26-1.2.H,65,1342.0,1378.0
U0190,193.T0.13-65-j26-1.8.R,65,1348.0,1383.0
U0182,96.T0.13-65-j26-1.2.H,65,1362.0,1398.0
U0183,194.T0.13-65-j26-1.8.R,65,1368.0,1403.0
U0187,97.T0.13-65-j26-1.2.H,65,1382.0,1418.0
U0188,195.T0.13-65-j26-1.8.R,65,1388.0,1423.0
U0184,98.T0.13-65-j26-1.2.H,65,1402.0,1438.0
U0192,196.T0.13-65-j26-1.8.R,65,1408.0,1443.0
U0180,99.T0.13-65-j26-1.2.H,65,1422.0,1458.0
U0189,197.T0.13-65-j26-1.8.R,65,1428.0,1463.0
U0185,198.T0.13-65-j26-1.8.R,65,1448.0,1483.0
U0186,199.T0.13-65-j26-1.8.R,65,1468.0,1503.0
U0193,56.T0.13-66-j26-1.4.R,66,288.0,298.0
U0194,57.T0.13-66-j26-1.7.R,66,295.0,318.0
U0193,1.T0.13-66-j26-1.1.H,66,305.0,327.0
U0195,58.T0.13-66-j26-1.7.R,66,315.0,338.0
U0194,2.T0.13-66-j26-1.2.H,66,325.0,351.0
U0193,59.T0.13-66-j26-1.7.R,66,335.0,358.0
U0195,3.T0.13-66-j26-1.2.H,66,345.0,371.0
U0196,60.T0.13-66-j26-1.8.R,66,351.0,378.0
U0194,4.T0.13-66-j26-1.2.H,66,365.0,391.0
U0193,61.T0.13-66-j26-1.8.R,66,371.0,398.0
U0195,5.T0.13-66-j26-1.2.H,66,385.0,411.0
U0196,62.T0.13-66-j26-1.8.R,66,391.0,418.0
U0194,6.T0.13-66-j26-1.2.H,66,405.0,431.0
U0193,63.T0.13-66-j26-1.8.R,66,411.0,438.0
U0195,7.T0.13-66-j26-1.2.H,66,425.0,451.0
U0196,64.T0.13-66-j26-1.8.R,66,431.0,458.0
U0194,8.T0.13-66-j26-1.2.H,66,445.0,471.0
U0193,65.T0.13-66-j26-1.8.R,66,451.0,478.0
U0195,9.T0.13-66-j26-1.3.H,66,458.0,466.0
U0196,10.T0.13-66-j26-1.1.H,66,465.0,487.0
U0197,66.T0.13-66-j26-1.8.R,66,471.0,498.0
U0195,11.T0.13-66-j26-1.2.H,66,485.0,511.0
U0194,67.T0.13-66-j26-1.7.R,66,495.0,518.0
U0193,12.T0.13-66-j26-1.1.H,66,505.0,527.0
U0196,68.T0.13-66-j26-1.8.R,66,511.0,538.0
U0197,13.T0.13-66-j26-1.2.H,66,525.0,551.0
U0195,69.T0.13-66-j26-1.7.R,66,535.0,558.0
U0194,14.T0.13-66-j26-1.1.H,66,545.0,567.0
U0193,70.T0.13-66-j26-1.8.R,66,551.0,578.0
U0196,15.T0.13-66-j26-1.2.H,66,565.0,591.0
U0197,71.T0.13-66-j26-1.7.R,66,575.0,598.0
U0195,16.T0.13-66-j26-1.1.H,66,585.0,607.0
U0194,72.T0.13-66-j26-1.8.R,66,591.0,618.0
U0193,17.T0.13-66-j26-1.2.H,66,605.0,631.0
U0196,73.T0.13-66-j26-1.7.R,66,615.0,638.0
U0197,18.T0.13-66-j26-1.1.H,66,625.0,647.0
U0195,74.T0.13-66-j26-1.8.R,66,631.0,658.0
U0194,19.T0.13-66-j26-1.2.H,66,645.0,671.0
U0193,75.T0.13-66-j26-1.7.R,66,655.0,678.0
U0196,20.T0.13-66-j26-1.1.H,66,665.0,687.0
U0197,76.T0.13-66-j26-1.8.R,66,671.0,698.0
U0195,21.T0.13-66-j26-1.2.H,66,685.0,711.0
U0194,77.T0.13-66-j26-1.7.R,66,695.0,718.0
U0193,22.T0.13-66-j26-1.1.H,66,705.0,727.0
U0196,78.T0.13-66-j26-1.8.R,66,711.0,738.0
U0197,23.T0.13-66-j26-1.2.H,66,725.0,751.0
U0195,79.T0.13-66-j26-1.7.R,66,735.0,758.0
U0194,24.T0.13-66-j26-1.2.H,66,745.0,771.0
U0193,80.T0.13-66-j26-1.4.R,66,746.0,756.0
U0196,81.T0.13-66-j26-1.8.R,66,751.0,778.0
U0197,25.T0.13-66-j26-1.2.H,66,765.0,791.0
U0193,82.T0.13-66-j26-1.8.R,66,771.0,798.0
U0195,26.T0.13-66-j26-1.2.H,66,785.0,811.0
U0194,83.T0.13-66-j26-1.9.R,66,786.0,796.0
U0196,84.T0.13-66-j26-1.8.R,66,791.0,818.0
U0198,85.T0.13-66-j26-1.10.R,66,793.0,803.0
U0197,27.T0.13-66-j26-1.2.H,66,805.0,831.0
U0194,86.T0.13-66-j26-1.11.R,66,807.0,816.0
U0193,87.T0.13-66-j26-1.8.R,66,811.0,838.0
U0198,28.T0.13-66-j26-1.2.H,66,825.0,851.0
U0195,88.T0.13-66-j26-1.8.R,66,831.0,858.0
U0194,29.T0.13-66-j26-1.2.H,66,845.0,871.0
U0196,89.T0.13-66-j26-1.8.R,66,851.0,878.0
U0197,90.T0.13-66-j26-1.12.R,66,856.0,877.0
U0193,30.T0.13-66-j26-1.2.H,66,865.0,891.0
U0198,91.T0.13-66-j26-1.8.R,66,871.0,898.0
U0195,31.T0.13-66-j26-1.2.H,66,885.0,911.0
U0194,92.T0.13-66-j26-1.8.R,66,891.0,918.0
U0197,32.T0.13-66-j26-1.1.H,66,905.0,927.0
U0196,93.T0.13-66-j26-1.8.R,66,911.0,938.0
U0193,33.T0.13-66-j26-1.2.H,66,925.0,951.0
U0198,94.T0.13-66-j26-1.7.R,66,935.0,958.0
U0195,34.T0.13-66-j26-1.1.H,66,945.0,967.0
U0194,95.T0.13-66-j26-1.8.R,66,951.0,978.0
U0197,35.T0.13-66-j26-1.2.H,66,965.0,991.0
U0196,96.T0.13-66-j26-1.11.R,66,967.0,976.0
U0193,97.T0.13-66-j26-1.7.R,66,975.0,998.0
U0198,36.T0.13-66-j26-1.1.H,66,985.0,1007.0
U0195,98.T0.13-66-j26-1.11.R,66,987.0,996.0
U0196,99.T0.13-66-j26-1.8.R,66,991.0,1018.0
U0194,37.T0.13-66-j26-1.2.H,66,1005.0,1031.0
U0197,100.T0.13-66-j26-1.7.R,66,1015.0,1038.0
U0195,38.T0.13-66-j26-1.1.H,66,1025.0,1047.0
U0193,101.T0.13-66-j26-1.8.R,66,1031.0,1058.0
U0198,39.T0.13-66-j26-1.2.H,66,1045.0,1071.0
U0196,102.T0.13-66-j26-1.7.R,66,1055.0,1078.0
U0194,40.T0.13-66-j26-1.1.H,66,1065.0,1087.0
U0197,103.T0.13-66-j26-1.8.R,66,1071.0,1098.0
U0195,41.T0.13-66-j26-1.2.H,66,1085.0,1111.0
U0193,104.T0.13-66-j26-1.7.R,66,1095.0,1118.0
U0198,42.T0.13-66-j26-1.1.H,66,1105.0,1127.0
U0196,105.T0.13-66-j26-1.8.R,66,1111.0,1138.0
U0194,43.T0.13-66-j26-1.2.H,66,1125.0,1151.0
U0197,106.T0.13-66-j26-1.7.R,66,1135.0,1158.0
U0195,44.T0.13-66-j26-1.1.H,66,1145.0,1167.0
U0193,107.T0.13-66-j26-1.8.R,66,1151.0,1178.0
U0198,45.T0.13-66-j26-1.2.H,66,1165.0,1191.0
U0196,108.T0.13-66-j26-1.7.R,66,1175.0,1198.0
U0194,46.T0.13-66-j26-1.1.H,66,1185.0,1207.0
U0197,109.T0.13-66-j26-1.8.R,66,1191.0,1218.0
U0195,47.T0.13-66-j26-1.2.H,66,1205.0,1231.0
U0193,110.T0.13-66-j26-1.7.R,66,1215.0,1238.0
U0198,48.T0.13-66-j26-1.1.H,66,1225.0,1245.0
U0196,111.T0.13-66-j26-1.8.R,66,1233.0,1255.0
U0194,49.T0.13-66-j26-1.1.H,66,1245.0,1265.0
U0197,112.T0.13-66-j26-1.7.R,66,1256.0,1275.0
U0195,50.T0.13-66-j26-1.1.H,66,1265.0,1285.0
U0193,113.T0.13-66-j26-1.7.R,66,1276.0,1295.0
U0198,51.T0.13-66-j26-1.1.H,66,1285.0,1305.0
U0196,114.T0.13-66-j26-1.7.R,66,1296.0,1315.0
U0194,115.T0.13-66-j26-1.7.R,66,1316.0,1335.0
U0197,52.T0.13-66-j26-1.1.H,66,1325.0,1345.0
U0195,116.T0.13-66-j26-1.7.R,66,1356.0,1375.0
U0193,53.T0.13-66-j26-1.1.H,66,1365.0,1385.0
U0198,117.T0.13-66-j26-1.7.R,66,1396.0,1415.0
U0196,54.T0.13-66-j26-1.1.H,66,1405.0,1425.0
U0194,118.T0.13-66-j26-1.7.R,66,1436.0,1455.0
U0197,55.T0.13-66-j26-1.1.H,66,1445.0,1465.0
U0199,78.T0.13-67-j26-1.10.R,67,291.0,348.0
U0200,1.T0.13-67-j26-1.1.H,67,295.0,326.0
U0201,79.T0.13-67-j26-1.11.R,67,302.0,338.0
U0202,80.T0.13-67-j26-1.12.R,67,304.0,325.0
U0203,2.T0.13-67-j26-1.2.H,67,308.0,366.0
U0204,81.T0.13-67-j26-1.10.R,67,311.0,368.0
U0205,3.T0.13-67-j26-1.1.H,67,315.0,346.0
U0206,4.T0.13-67-j26-1.2.H,67,318.0,374.0
U0207,82.T0.13-67-j26-1.11.R,67,322.0,358.0
U0208,5.T0.13-67-j26-1.2.H,67,328.0,384.0
U0202,83.T0.13-67-j26-1.10.R,67,331.0,388.0
U0200,6.T0.13-67-j26-1.2.H,67,338.0,394.0
U0209,85.T0.13-67-j26-1.10.R,67,342.0,398.0
U0210,84.T0.13-67-j26-1.11.R,67,342.0,378.0
U0201,7.T0.13-67-j26-1.2.H,67,348.0,404.0
U0205,86.T0.13-67-j26-1.10.R,67,352.0,408.0
U0199,8.T0.13-67-j26-1.2.H,67,358.0,414.0
U0211,87.T0.13-67-j26-1.10.R,67,362.0,418.0
U0207,9.T0.13-67-j26-1.2.H,67,368.0,424.0
U0203,88.T0.13-67-j26-1.10.R,67,372.0,428.0
U0204,10.T0.13-67-j26-1.2.H,67,378.0,434.0
U0206,89.T0.13-67-j26-1.10.R,67,382.0,438.0
U0210,11.T0.13-67-j26-1.2.H,67,388.0,444.0
U0208,90.T0.13-67-j26-1.10.R,67,392.0,448.0
U0202,12.T0.13-67-j26-1.2.H,67,398.0,454.0
U0200,91.T0.13-67-j26-1.10.R,67,402.0,458.0
U0209,13.T0.13-67-j26-1.2.H,67,408.0,464.0
U0201,92.T0.13-67-j26-1.10.R,67,412.0,468.0
U0205,14.T0.13-67-j26-1.2.H,67,418.0,474.0
U0199,93.T0.13-67-j26-1.10.R,67,422.0,478.0
U0211,15.T0.13-67-j26-1.2.H,67,428.0,484.0
U0207,94.T0.13-67-j26-1.10.R,67,432.0,488.0
U0203,16.T0.13-67-j26-1.2.H,67,438.0,494.0
U0204,95.T0.13-67-j26-1.10.R,67,442.0,498.0
U0206,17.T0.13-67-j26-1.2.H,67,448.0,504.0
U0210,96.T0.13-67-j26-1.10.R,67,452.0,508.0
U0208,18.T0.13-67-j26-1.2.H,67,458.0,514.0
U0202,97.T0.13-67-j26-1.10.R,67,462.0,518.0
U0200,19.T0.13-67-j26-1.2.H,67,468.0,526.0
U0209,98.T0.13-67-j26-1.10.R,67,472.0,528.0
U0201,20.T0.13-67-j26-1.3.H,67,478.0,503.0
U0205,99.T0.13-67-j26-1.13.R,67,482.0,513.0
U0199,21.T0.13-67-j26-1.2.H,67,488.0,546.0
U0211,100.T0.13-67-j26-1.10.R,67,492.0,548.0
U0207,22.T0.13-67-j26-1.3.H,67,498.0,523.0
U0203,101.T0.13-67-j26-1.13.R,67,502.0,533.0
U0204,23.T0.13-67-j26-1.2.H,67,508.0,566.0
U0201,102.T0.13-67-j26-1.10.R,67,511.0,568.0
U0206,24.T0.13-67-j26-1.2.H,67,528.0,586.0
U0210,103.T0.13-67-j26-1.10.R,67,531.0,588.0
U0205,25.T0.13-67-j26-1.2.H,67,548.0,606.0
U0208,104.T0.13-67-j26-1.10.R,67,551.0,608.0
U0202,26.T0.13-67-j26-1.2.H,67,568.0,626.0
U0207,105.T0.13-67-j26-1.10.R,67,571.0,628.0
U0200,27.T0.13-67-j26-1.2.H,67,588.0,646.0
U0209,106.T0.13-67-j26-1.10.R,67,591.0,648.0
U0203,28.T0.13-67-j26-1.2.H,67,608.0,666.0
U0199,107.T0.13-67-j26-1.10.R,67,611.0,668.0
U0211,29.T0.13-67-j26-1.2.H,67,628.0,686.0
U0204,108.T0.13-67-j26-1.10.R,67,631.0,688.0
U0201,30.T0.13-67-j26-1.2.H,67,648.0,706.0
U0206,109.T0.13-67-j26-1.10.R,67,651.0,708.0
U0210,31.T0.13-67-j26-1.2.H,67,668.0,726.0
U0205,110.T0.13-67-j26-1.10.R,67,671.0,728.0
U0208,32.T0.13-67-j26-1.2.H,67,688.0,746.0
U0202,111.T0.13-67-j26-1.10.R,67,691.0,748.0
U0207,33.T0.13-67-j26-1.2.H,67,708.0,766.0
U0200,112.T0.13-67-j26-1.10.R,67,711.0,768.0
U0209,34.T0.13-67-j26-1.2.H,67,728.0,786.0
U0203,113.T0.13-67-j26-1.10.R,67,731.0,788.0
U0199,35.T0.13-67-j26-1.2.H,67,748.0,806.0
U0211,114.T0.13-67-j26-1.10.R,67,751.0,808.0
U0204,36.T0.13-67-j26-1.2.H,67,768.0,826.0
U0201,115.T0.13-67-j26-1.10.R,67,771.0,828.0
U0206,37.T0.13-67-j26-1.2.H,67,788.0,846.0
U0210,116.T0.13-67-j26-1.10.R,67,791.0,848.0
U0205,38.T0.13-67-j26-1.8.H,67,805.0,817.0
U0208,39.T0.13-67-j26-1.2.H,67,808.0,866.0
U0202,117.T0.13-67-j26-1.10.R,67,811.0,868.0
U0207,118.T0.13-67-j26-1.14.R,67,822.0,835.0
U0200,40.T0.13-67-j26-1.2.H,67,828.0,886.0
U0209,119.T0.13-67-j26-1.10.R,67,831.0,888.0
U0203,41.T0.13-67-j26-1.2.H,67,848.0,906.0
U0199,120.T0.13-67-j26-1.10.R,67,851.0,908.0
U0211,42.T0.13-67-j26-1.2.H,67,858.0,914.0
U0205,43.T0.13-67-j26-1.2.H,67,868.0,924.0
U0204,121.T0.13-67-j26-1.10.R,67,871.0,928.0
U0201,122.T0.13-67-j26-1.12.R,67,877.0,898.0
U0207,44.T0.13-67-j26-1.2.H,67,878.0,934.0
U0206,123.T0.13-67-j26-1.10.R,67,882.0,938.0
U0210,45.T0.13-67-j26-1.2.H,67,888.0,944.0
U0208,124.T0.13-67-j26-1.10.R,67,892.0,948.0
U0202,125.T0.13-67-j26-1.12.R,67,897.0,918.0
U0200,46.T0.13-67-j26-1.2.H,67,898.0,954.0
U0209,126.T0.13-67-j26-1.10.R,67,902.0,958.0
U0201,47.T0.13-67-j26-1.2.H,67,908.0,964.0
U0203,127.T0.13-67-j26-1.10.R,67,912.0,968.0
U0199,48.T0.13-67-j26-1.2.H,67,918.0,974.0
U0211,128.T0.13-67-j26-1.10.R,67,922.0,978.0
U0202,49.T0.13-67-j26-1.2.H,67,928.0,984.0
U0205,129.T0.13-67-j26-1.10.R,67,932.0,988.0
U0204,50.T0.13-67-j26-1.2.H,67,938.0,994.0
U0207,130.T0.13-67-j26-1.10.R,67,942.0,998.0
U0206,51.T0.13-67-j26-1.2.H,67,948.0,1004.0
U0210,131.T0.13-67-j26-1.10.R,67,952.0,1008.0
U0208,52.T0.13-67-j26-1.2.H,67,958.0,1014.0
U0200,132.T0.13-67-j26-1.10.R,67,962.0,1018.0
U0209,53.T0.13-67-j26-1.2.H,67,968.0,1024.0
U0201,133.T0.13-67-j26-1.10.R,67,972.0,1028.0
U0203,54.T0.13-67-j26-1.2.H,67,978.0,1034.0
U0199,134.T0.13-67-j26-1.10.R,67,982.0,1038.0
U0211,55.T0.13-67-j26-1.2.H,67,988.0,1044.0
U0202,135.T0.13-67-j26-1.10.R,67,992.0,1048.0
U0205,56.T0.13-67-j26-1.2.H,67,998.0,1054.0
U0204,136.T0.13-67-j26-1.10.R,67,1002.0,1058.0
U0207,57.T0.13-67-j26-1.2.H,67,1008.0,1064.0
U0206,137.T0.13-67-j26-1.10.R,67,1012.0,1068.0
U0210,58.T0.13-67-j26-1.2.H,67,1018.0,1074.0
U0208,138.T0.13-67-j26-1.10.R,67,1022.0,1078.0
U0200,59.T0.13-67-j26-1.2.H,67,1028.0,1084.0
U0209,139.T0.13-67-j26-1.10.R,67,1032.0,1088.0
U0201,60.T0.13-67-j26-1.2.H,67,1038.0,1094.0
U0203,140.T0.13-67-j26-1.10.R,67,1042.0,1098.0
U0199,61.T0.13-67-j26-1.2.H,67,1048.0,1104.0
U0211,141.T0.13-67-j26-1.10.R,67,1052.0,1108.0
U0202,62.T0.13-67-j26-1.2.H,67,1058.0,1114.0
U0205,142.T0.13-67-j26-1.10.R,67,1062.0,1118.0
U0204,63.T0.13-67-j26-1.2.H,67,1068.0,1124.0
U0207,143.T0.13-67-j26-1.10.R,67,1072.0,1128.0
U0206,64.T0.13-67-j26-1.2.H,67,1078.0,1134.0
U0210,144.T0.13-67-j26-1.13.R,67,1082.0,1113.0
U0208,65.T0.13-67-j26-1.2.H,67,1088.0,1146.0
U0200,145.T0.13-67-j26-1.10.R,67,1092.0,1148.0
U0209,146.T0.13-67-j26-1.13.R,67,1102.0,1133.0
U0201,66.T0.13-67-j26-1.2.H,67,1108.0,1166.0
U0203,147.T0.13-67-j26-1.10.R,67,1111.0,1168.0
U0199,67.T0.13-67-j26-1.2.H,67,1128.0,1186.0
U0211,148.T0.13-67-j26-1.10.R,67,1131.0,1188.0
U0210,68.T0.13-67-j26-1.2.H,67,1148.0,1206.0
U0202,149.T0.13-67-j26-1.10.R,67,1151.0,1208.0
U0205,69.T0.13-67-j26-1.2.H,67,1168.0,1226.0
U0204,150.T0.13-67-j26-1.10.R,67,1171.0,1228.0
U0207,70.T0.13-67-j26-1.2.H,67,1188.0,1246.0
U0209,151.T0.13-67-j26-1.10.R,67,1191.0,1248.0
U0206,71.T0.13-67-j26-1.2.H,67,1208.0,1266.0
U0208,152.T0.13-67-j26-1.10.R,67,1211.0,1268.0
U0200,153.T0.13-67-j26-1.10.R,67,1231.0,1288.0
U0201,72.T0.13-67-j26-1.2.H,67,1242.0,1291.0
U0203,154.T0.13-67-j26-1.10.R,67,1264.0,1309.0
U0199,73.T0.13-67-j26-1.2.H,67,1282.0,1331.0
U0211,155.T0.13-67-j26-1.10.R,67,1304.0,1349.0
U0210,74.T0.13-67-j26-1.2.H,67,1322.0,1371.0
U0202,156.T0.13-67-j26-1.10.R,67,1344.0,1389.0
U0205,75.T0.13-67-j26-1.2.H,67,1362.0,1411.0
U0204,157.T0.13-67-j26-1.10.R,67,1384.0,1429.0
U0207,76.T0.13-67-j26-1.2.H,67,1402.0,1451.0
U0209,158.T0.13-67-j26-1.10.R,67,1424.0,1469.0
U0206,77.T0.13-67-j26-1.2.H,67,1442.0,1491.0
U0208,159.T0.13-67-j26-1.13.R,67,1464.0,1490.0
U0212,1.T0.13-68-j26-2.15.H,68,274.0,291.0
U0213,62.T0.13-68-j26-2.24.R,68,292.0,335.0
U0214,2.T0.13-68-j26-2.15.H,68,294.0,311.0
U0215,63.T0.13-68-j26-2.25.R,68,296.0,315.0
U0212,3.T0.13-68-j26-2.16.H,68,303.0,336.0
U0216,64.T0.13-68-j26-2.24.R,68,312.0,355.0
U0217,4.T0.13-68-j26-2.17.H,68,313.0,356.0
U0214,65.T0.13-68-j26-2.24.R,68,332.0,378.0
U0215,5.T0.13-68-j26-2.17.H,68,333.0,376.0
U0213,66.T0.13-68-j26-2.24.R,68,352.0,398.0
U0212,6.T0.13-68-j26-2.17.H,68,353.0,396.0
U0216,67.T0.13-68-j26-2.24.R,68,372.0,418.0
U0217,7.T0.13-68-j26-2.17.H,68,373.0,416.0
U0215,8.T0.13-68-j26-2.18.H,68,385.0,406.0
U0214,68.T0.13-68-j26-2.24.R,68,392.0,438.0
U0218,10.T0.13-68-j26-2.19.H,68,393.0,436.0
U0219,11.T0.13-68-j26-2.20.H,68,400.0,421.0
U0212,69.T0.13-68-j26-2.24.R,68,412.0,458.0
U0213,12.T0.13-68-j26-2.17.H,68,413.0,456.0
U0215,70.T0.13-68-j26-2.24.R,68,427.0,473.0
U0217,13.T0.13-68-j26-2.18.H,68,430.0,451.0
U0216,14.T0.13-68-j26-2.17.H,68,433.0,476.0
U0219,72.T0.13-68-j26-2.24.R,68,437.0,483.0
U0218,15.T0.13-68-j26-2.15.H,68,450.0,471.0
U0214,73.T0.13-68-j26-2.24.R,68,452.0,498.0
U0220,16.T0.13-68-j26-2.17.H,68,453.0,496.0
U0217,75.T0.13-68-j26-2.24.R,68,472.0,518.0
U0213,17.T0.13-68-j26-2.17.H,68,473.0,516.0
U0212,76.T0.13-68-j26-2.26.R,68,482.0,507.0
U0218,77.T0.13-68-j26-2.24.R,68,492.0,538.0
U0215,18.T0.13-68-j26-2.17.H,68,493.0,536.0
U0216,78.T0.13-68-j26-2.24.R,68,512.0,558.0
U0219,19.T0.13-68-j26-2.17.H,68,513.0,556.0
U0220,79.T0.13-68-j26-2.24.R,68,532.0,578.0
U0214,20.T0.13-68-j26-2.17.H,68,533.0,576.0
U0212,80.T0.13-68-j26-2.24.R,68,552.0,598.0
U0213,21.T0.13-68-j26-2.17.H,68,553.0,596.0
U0217,81.T0.13-68-j26-2.24.R,68,572.0,618.0
U0215,22.T0.13-68-j26-2.17.H,68,573.0,616.0
U0218,82.T0.13-68-j26-2.24.R,68,592.0,638.0
U0219,23.T0.13-68-j26-2.17.H,68,593.0,636.0
U0216,83.T0.13-68-j26-2.24.R,68,612.0,658.0
U0214,24.T0.13-68-j26-2.17.H,68,613.0,656.0
U0220,84.T0.13-68-j26-2.24.R,68,632.0,678.0
U0213,25.T0.13-68-j26-2.17.H,68,633.0,676.0
U0212,85.T0.13-68-j26-2.24.R,68,652.0,698.0
U0215,26.T0.13-68-j26-2.17.H,68,653.0,696.0
U0217,86.T0.13-68-j26-2.24.R,68,672.0,718.0
U0219,27.T0.13-68-j26-2.17.H,68,673.0,716.0
U0218,87.T0.13-68-j26-2.24.R,68,692.0,738.0
U0214,28.T0.13-68-j26-2.17.H,68,693.0,736.0
U0216,88.T0.13-68-j26-2.24.R,68,712.0,758.0
U0213,29.T0.13-68-j26-2.17.H,68,713.0,756.0
U0220,89.T0.13-68-j26-2.24.R,68,732.0,778.0
U0215,30.T0.13-68-j26-2.17.H,68,733.0,776.0
U0212,31.T0.13-68-j26-2.21.H,68,744.0,771.0
U0219,90.T0.13-68-j26-2.24.R,68,752.0,798.0
U0217,33.T0.13-68-j26-2.19.H,68,753.0,796.0
U0214,91.T0.13-68-j26-2.24.R,68,772.0,818.0
U0218,34.T0.13-68-j26-2.17.H,68,773.0,816.0
U0213,92.T0.13-68-j26-2.24.R,68,782.0,828.0
U0216,93.T0.13-68-j26-2.27.R,68,787.0,808.0
U0212,36.T0.13-68-j26-2.21.H,68,791.0,818.0
U0215,94.T0.13-68-j26-2.24.R,68,792.0,838.0
U0220,37.T0.13-68-j26-2.17.H,68,793.0,836.0
U0217,95.T0.13-68-j26-2.28.R,68,802.0,837.0
U0219,38.T0.13-68-j26-2.22.H,68,804.0,831.0
U0221,96.T0.13-68-j26-2.24.R,68,812.0,858.0
U0222,39.T0.13-68-j26-2.17.H,68,813.0,856.0
U0216,97.T0.13-68-j26-2.28.R,68,822.0,857.0
U0218,98.T0.13-68-j26-2.24.R,68,832.0,878.0
U0212,40.T0.13-68-j26-2.17.H,68,833.0,876.0
U0214,99.T0.13-68-j26-2.28.R,68,842.0,877.0
U0213,100.T0.13-68-j26-2.24.R,68,852.0,898.0
U0219,41.T0.13-68-j26-2.17.H,68,853.0,896.0
U0220,101.T0.13-68-j26-2.24.R,68,872.0,918.0
U0217,42.T0.13-68-j26-2.17.H,68,873.0,916.0
U0215,102.T0.13-68-j26-2.24.R,68,892.0,938.0
U0222,43.T0.13-68-j26-2.17.H,68,893.0,936.0
U0216,103.T0.13-68-j26-2.24.R,68,912.0,958.0
U0221,44.T0.13-68-j26-2.16.H,68,913.0,946.0
U0212,45.T0.13-68-j26-2.17.H,68,913.0,956.0
U0214,104.T0.13-68-j26-2.24.R,68,932.0,978.0
U0218,46.T0.13-68-j26-2.17.H,68,933.0,976.0
U0219,105.T0.13-68-j26-2.24.R,68,952.0,998.0
U0213,47.T0.13-68-j26-2.17.H,68,953.0,996.0
U0217,106.T0.13-68-j26-2.24.R,68,972.0,1018.0
U0220,48.T0.13-68-j26-2.17.H,68,973.0,1016.0
U0222,107.T0.13-68-j26-2.26.R,68,982.0,1007.0
U0215,108.T0.13-68-j26-2.24.R,68,992.0,1038.0
U0221,49.T0.13-68-j26-2.17.H,68,993.0,1036.0
U0212,109.T0.13-68-j26-2.24.R,68,1012.0,1058.0
U0216,50.T0.13-68-j26-2.17.H,68,1013.0,1056.0
U0218,110.T0.13-68-j26-2.24.R,68,1032.0,1078.0
U0214,51.T0.13-68-j26-2.17.H,68,1033.0,1076.0
U0213,111.T0.13-68-j26-2.24.R,68,1052.0,1098.0
U0219,52.T0.13-68-j26-2.17.H,68,1053.0,1096.0
U0222,112.T0.13-68-j26-2.24.R,68,1072.0,1118.0
U0220,53.T0.13-68-j26-2.17.H,68,1073.0,1116.0
U0217,113.T0.13-68-j26-2.24.R,68,1092.0,1138.0
U0221,54.T0.13-68-j26-2.17.H,68,1093.0,1136.0
U0215,114.T0.13-68-j26-2.24.R,68,1112.0,1158.0
U0216,55.T0.13-68-j26-2.17.H,68,1113.0,1156.0
U0212,115.T0.13-68-j26-2.24.R,68,1132.0,1178.0
U0214,56.T0.13-68-j26-2.17.H,68,1133.0,1176.0
U0218,116.T0.13-68-j26-2.24.R,68,1152.0,1195.0
U0219,57.T0.13-68-j26-2.17.H,68,1153.0,1196.0
U0213,117.T0.13-68-j26-2.24.R,68,1172.0,1215.0
U0220,58.T0.13-68-j26-2.17.H,68,1173.0,1216.0
U0222,118.T0.13-68-j26-2.24.R,68,1192.0,1235.0
U0221,59.T0.13-68-j26-2.17.H,68,1198.0,1232.0
U0217,119.T0.13-68-j26-2.28.R,68,1212.0,1246.0
U0216,60.T0.13-68-j26-2.17.H,68,1218.0,1252.0
U0215,120.T0.13-68-j26-2.28.R,68,1232.0,1266.0
U0214,61.T0.13-68-j26-2.23.H,68,1238.0,1247.0
U0212,121.T0.13-68-j26-2.26.R,68,1252.0,1276.0
U0218,122.T0.13-68-j26-2.26.R,68,1275.0,1298.0
U0223,74.T0.13-69-j26-1.4.R,69,295.0,310.0
U0224,1.T0.13-69-j26-1.3.H,69,308.0,329.0
U0225,75.T0.13-69-j26-1.4.R,69,315.0,330.0
U0223,2.T0.13-69-j26-1.5.H,69,324.0,347.0
U0226,76.T0.13-69-j26-1.4.R,69,333.0,350.0
U0227,3.T0.13-69-j26-1.3.H,69,334.0,355.0
U0224,77.T0.13-69-j26-1.4.R,69,343.0,360.0
U0225,4.T0.13-69-j26-1.5.H,69,344.0,367.0
U0223,78.T0.13-69-j26-1.4.R,69,353.0,370.0
U0228,5.T0.13-69-j26-1.3.H,69,354.0,375.0
U0226,79.T0.13-69-j26-1.4.R,69,363.0,380.0
U0227,6.T0.13-69-j26-1.5.H,69,364.0,387.0
U0224,80.T0.13-69-j26-1.4.R,69,373.0,390.0
U0225,7.T0.13-69-j26-1.3.H,69,374.0,395.0
U0223,81.T0.13-69-j26-1.4.R,69,383.0,400.0
U0228,8.T0.13-69-j26-1.5.H,69,384.0,407.0
U0226,82.T0.13-69-j26-1.4.R,69,393.0,410.0
U0227,9.T0.13-69-j26-1.3.H,69,394.0,415.0
U0224,83.T0.13-69-j26-1.4.R,69,403.0,420.0
U0225,10.T0.13-69-j26-1.5.H,69,404.0,427.0
U0223,84.T0.13-69-j26-1.4.R,69,413.0,430.0
U0228,11.T0.13-69-j26-1.3.H,69,414.0,435.0
U0226,85.T0.13-69-j26-1.4.R,69,423.0,440.0
U0227,12.T0.13-69-j26-1.5.H,69,424.0,447.0
U0224,86.T0.13-69-j26-1.4.R,69,433.0,450.0
U0225,13.T0.13-69-j26-1.3.H,69,434.0,455.0
U0223,87.T0.13-69-j26-1.4.R,69,443.0,460.0
U0228,14.T0.13-69-j26-1.5.H,69,444.0,467.0
U0226,88.T0.13-69-j26-1.4.R,69,453.0,470.0
U0227,15.T0.13-69-j26-1.3.H,69,454.0,475.0
U0224,89.T0.13-69-j26-1.4.R,69,463.0,480.0
U0225,16.T0.13-69-j26-1.5.H,69,464.0,487.0
U0223,90.T0.13-69-j26-1.4.R,69,473.0,490.0
U0228,17.T0.13-69-j26-1.3.H,69,474.0,495.0
U0226,91.T0.13-69-j26-1.4.R,69,483.0,500.0
U0227,18.T0.13-69-j26-1.5.H,69,484.0,507.0
U0224,92.T0.13-69-j26-1.4.R,69,493.0,510.0
U0225,19.T0.13-69-j26-1.3.H,69,494.0,515.0
U0223,93.T0.13-69-j26-1.4.R,69,503.0,520.0
U0228,20.T0.13-69-j26-1.5.H,69,504.0,527.0
U0226,94.T0.13-69-j26-1.4.R,69,514.0,531.0
U0227,21.T0.13-69-j26-1.3.H,69,514.0,535.0
U0224,22.T0.13-69-j26-1.3.H,69,528.0,548.0
U0225,95.T0.13-69-j26-1.4.R,69,534.0,551.0
U0223,23.T0.13-69-j26-1.3.H,69,548.0,568.0
U0228,96.T0.13-69-j26-1.4.R,69,554.0,571.0
U0226,24.T0.13-69-j26-1.3.H,69,568.0,588.0
U0227,97.T0.13-69-j26-1.4.R,69,574.0,591.0
U0224,25.T0.13-69-j26-1.3.H,69,588.0,608.0
U0225,98.T0.13-69-j26-1.4.R,69,594.0,611.0
U0223,26.T0.13-69-j26-1.3.H,69,608.0,628.0
U0228,99.T0.13-69-j26-1.4.R,69,614.0,631.0
U0226,27.T0.13-69-j26-1.3.H,69,628.0,648.0
U0227,100.T0.13-69-j26-1.4.R,69,634.0,651.0
U0224,28.T0.13-69-j26-1.3.H,69,648.0,668.0
U0225,101.T0.13-69-j26-1.4.R,69,654.0,671.0
U0223,29.T0.13-69-j26-1.3.H,69,668.0,688.0
U0228,102.T0.13-69-j26-1.4.R,69,674.0,691.0
U0226,30.T0.13-69-j26-1.3.H,69,688.0,708.0
U0227,103.T0.13-69-j26-1.4.R,69,694.0,711.0
U0224,31.T0.13-69-j26-1.3.H,69,708.0,728.0
U0225,104.T0.13-69-j26-1.4.R,69,714.0,731.0
U0223,32.T0.13-69-j26-1.3.H,69,728.0,748.0
U0228,105.T0.13-69-j26-1.4.R,69,734.0,751.0
U0226,33.T0.13-69-j26-1.3.H,69,748.0,768.0
U0227,106.T0.13-69-j26-1.4.R,69,754.0,771.0
U0224,34.T0.13-69-j26-1.3.H,69,768.0,788.0
U0225,107.T0.13-69-j26-1.4.R,69,774.0,791.0
U0223,35.T0.13-69-j26-1.3.H,69,788.0,808.0
U0228,108.T0.13-69-j26-1.4.R,69,794.0,811.0
U0226,36.T0.13-69-j26-1.3.H,69,808.0,828.0
U0227,109.T0.13-69-j26-1.4.R,69,814.0,831.0
U0224,38.T0.13-69-j26-1.6.H,69,828.0,848.0
U0225,110.T0.13-69-j26-1.4.R,69,834.0,851.0
U0223,39.T0.13-69-j26-1.3.H,69,848.0,868.0
U0228,111.T0.13-69-j26-1.4.R,69,854.0,871.0
U0226,40.T0.13-69-j26-1.3.H,69,868.0,888.0
U0227,112.T0.13-69-j26-1.7.R,69,871.0,890.0
U0224,113.T0.13-69-j26-1.4.R,69,883.0,900.0
U0225,41.T0.13-69-j26-1.3.H,69,884.0,905.0
U0223,114.T0.13-69-j26-1.7.R,69,891.0,910.0
U0228,42.T0.13-69-j26-1.3.H,69,894.0,915.0
U0226,115.T0.13-69-j26-1.4.R,69,903.0,920.0
U0227,43.T0.13-69-j26-1.3.H,69,904.0,925.0
U0224,116.T0.13-69-j26-1.7.R,69,911.0,930.0
U0225,44.T0.13-69-j26-1.3.H,69,914.0,935.0
U0223,117.T0.13-69-j26-1.4.R,69,923.0,940.0
U0228,45.T0.13-69-j26-1.3.H,69,924.0,945.0
U0226,118.T0.13-69-j26-1.7.R,69,931.0,950.0
U0227,46.T0.13-69-j26-1.3.H,69,934.0,955.0
U0224,119.T0.13-69-j26-1.4.R,69,943.0,960.0
U0225,47.T0.13-69-j26-1.3.H,69,944.0,965.0
U0223,120.T0.13-69-j26-1.7.R,69,951.0,970.0
U0228,48.T0.13-69-j26-1.3.H,69,954.0,975.0
U0226,121.T0.13-69-j26-1.4.R,69,963.0,980.0
U0227,49.T0.13-69-j26-1.3.H,69,964.0,985.0
U0224,122.T0.13-69-j26-1.7.R,69,971.0,990.0
U0225,50.T0.13-69-j26-1.3.H,69,974.0,995.0
U0223,123.T0.13-69-j26-1.4.R,69,983.0,1000.0
U0228,51.T0.13-69-j26-1.3.H,69,984.0,1005.0
U0226,124.T0.13-69-j26-1.7.R,69,991.0,1010.0
U0227,52.T0.13-69-j26-1.3.H,69,994.0,1015.0
U0224,125.T0.13-69-j26-1.4.R,69,1003.0,1020.0
U0225,53.T0.13-69-j26-1.3.H,69,1004.0,1025.0
U0223,126.T0.13-69-j26-1.7.R,69,1011.0,1030.0
U0228,54.T0.13-69-j26-1.3.H,69,1014.0,1035.0
U0226,127.T0.13-69-j26-1.4.R,69,1023.0,1040.0
U0227,55.T0.13-69-j26-1.3.H,69,1024.0,1045.0
U0224,128.T0.13-69-j26-1.7.R,69,1031.0,1050.0
U0225,56.T0.13-69-j26-1.3.H,69,1034.0,1055.0
U0223,129.T0.13-69-j26-1.4.R,69,1043.0,1060.0
U0228,57.T0.13-69-j26-1.3.H,69,1044.0,1065.0
U0226,130.T0.13-69-j26-1.7.R,69,1051.0,1070.0
U0227,58.T0.13-69-j26-1.3.H,69,1054.0,1075.0
U0224,131.T0.13-69-j26-1.4.R,69,1063.0,1080.0
U0225,59.T0.13-69-j26-1.3.H,69,1068.0,1088.0
U0223,132.T0.13-69-j26-1.4.R,69,1074.0,1091.0
U0228,60.T0.13-69-j26-1.3.H,69,1088.0,1108.0
U0226,133.T0.13-69-j26-1.4.R,69,1094.0,1111.0
U0227,61.T0.13-69-j26-1.3.H,69,1108.0,1128.0
U0224,134.T0.13-69-j26-1.4.R,69,1114.0,1131.0
U0225,62.T0.13-69-j26-1.3.H,69,1128.0,1148.0
U0223,135.T0.13-69-j26-1.4.R,69,1134.0,1151.0
U0228,63.T0.13-69-j26-1.3.H,69,1148.0,1168.0
U0226,136.T0.13-69-j26-1.4.R,69,1154.0,1171.0
U0227,64.T0.13-69-j26-1.3.H,69,1168.0,1188.0
U0224,137.T0.13-69-j26-1.4.R,69,1174.0,1191.0
U0225,65.T0.13-69-j26-1.3.H,69,1188.0,1208.0
U0223,138.T0.13-69-j26-1.4.R,69,1194.0,1211.0
U0228,66.T0.13-69-j26-1.3.H,69,1208.0,1228.0
U0226,139.T0.13-69-j26-1.4.R,69,1214.0,1231.0
U0227,67.T0.13-69-j26-1.3.H,69,1228.0,1248.0
U0224,140.T0.13-69-j26-1.4.R,69,1245.0,1260.0
U0225,68.T0.13-69-j26-1.3.H,69,1265.0,1281.0
U0223,141.T0.13-69-j26-1.4.R,69,1285.0,1300.0
U0228,69.T0.13-69-j26-1.3.H,69,1305.0,1321.0
U0226,142.T0.13-69-j26-1.4.R,69,1325.0,1340.0
U0227,70.T0.13-69-j26-1.3.H,69,1345.0,1361.0
U0224,143.T0.13-69-j26-1.4.R,69,1365.0,1380.0
U0225,71.T0.13-69-j26-1.3.H,69,1385.0,1401.0
U0223,144.T0.13-69-j26-1.4.R,69,1405.0,1420.0
U0228,72.T0.13-69-j26-1.3.H,69,1425.0,1441.0
U0226,145.T0.13-69-j26-1.4.R,69,1445.0,1460.0
U0227,73.T0.13-69-j26-1.3.H,69,1465.0,1481.0
U0229,1.T0.13-73-j26-4.5.H,73,304.0,324.0
U0230,2.T0.13-73-j26-4.5.H,73,324.0,344.0
U0229,42.T0.13-73-j26-4.7.R,73,336.0,357.0
U0231,3.T0.13-73-j26-4.5.H,73,344.0,364.0
U0230,4.T0.13-73-j26-4.5.H,73,364.0,384.0
U0229,43.T0.13-73-j26-4.7.R,73,366.0,387.0
U0231,5.T0.13-73-j26-4.5.H,73,380.0,400.0
U0232,44.T0.13-73-j26-4.7.R,73,386.0,407.0
U0230,6.T0.13-73-j26-4.5.H,73,400.0,420.0
U0229,45.T0.13-73-j26-4.7.R,73,406.0,427.0
U0231,7.T0.13-73-j26-4.5.H,73,420.0,440.0
U0232,46.T0.13-73-j26-4.7.R,73,426.0,447.0
U0230,8.T0.13-73-j26-4.5.H,73,440.0,460.0
U0229,47.T0.13-73-j26-4.7.R,73,446.0,467.0
U0231,9.T0.13-73-j26-4.5.H,73,460.0,480.0
U0232,48.T0.13-73-j26-4.7.R,73,466.0,487.0
U0230,10.T0.13-73-j26-4.5.H,73,482.0,502.0
U0229,49.T0.13-73-j26-4.7.R,73,486.0,507.0
U0231,11.T0.13-73-j26-4.5.H,73,499.0,519.0
U0232,50.T0.13-73-j26-4.7.R,73,506.0,527.0
U0230,12.T0.13-73-j26-4.5.H,73,539.0,559.0
U0229,51.T0.13-73-j26-4.7.R,73,540.0,561.0
U0231,13.T0.13-73-j26-4.5.H,73,579.0,599.0
U0232,52.T0.13-73-j26-4.7.R,73,580.0,601.0
U0230,14.T0.13-73-j26-4.5.H,73,619.0,639.0
U0229,53.T0.13-73-j26-4.7.R,73,620.0,641.0
U0231,15.T0.13-73-j26-4.5.H,73,659.0,679.0
U0232,54.T0.13-73-j26-4.7.R,73,660.0,681.0
U0230,16.T0.13-73-j26-4.5.H,73,699.0,719.0
U0229,55.T0.13-73-j26-4.7.R,73,700.0,721.0
U0231,17.T0.13-73-j26-4.5.H,73,739.0,759.0
U0232,56.T0.13-73-j26-4.7.R,73,740.0,761.0
U0230,18.T0.13-73-j26-4.5.H,73,779.0,799.0
U0229,57.T0.13-73-j26-4.7.R,73,780.0,801.0
U0231,19.T0.13-73-j26-4.5.H,73,819.0,839.0
U0232,58.T0.13-73-j26-4.7.R,73,820.0,841.0
U0230,20.T0.13-73-j26-4.5.H,73,860.0,880.0
U0229,59.T0.13-73-j26-4.7.R,73,860.0,881.0
U0231,21.T0.13-73-j26-4.5.H,73,880.0,900.0
U0232,22.T0.13-73-j26-4.5.H,73,900.0,920.0
U0230,60.T0.13-73-j26-4.7.R,73,900.0,921.0
U0229,23.T0.13-73-j26-4.5.H,73,920.0,940.0
U0231,61.T0.13-73-j26-4.7.R,73,926.0,947.0
U0232,24.T0.13-73-j26-4.5.H,73,940.0,960.0
U0230,62.T0.13-73-j26-4.7.R,73,946.0,967.0
U0229,25.T0.13-73-j26-4.5.H,73,960.0,980.0
U0231,63.T0.13-73-j26-4.7.R,73,966.0,987.0
U0232,26.T0.13-73-j26-4.5.H,73,980.0,1000.0
U0230,64.T0.13-73-j26-4.7.R,73,986.0,1007.0
U0229,27.T0.13-73-j26-4.5.H,73,1000.0,1020.0
U0231,65.T0.13-73-j26-4.7.R,73,1006.0,1027.0
U0232,28.T0.13-73-j26-4.5.H,73,1020.0,1040.0
U0230,66.T0.13-73-j26-4.7.R,73,1026.0,1047.0
U0229,29.T0.13-73-j26-4.5.H,73,1040.0,1060.0
U0231,67.T0.13-73-j26-4.7.R,73,1046.0,1067.0
U0232,30.T0.13-73-j26-4.5.H,73,1060.0,1080.0
U0230,68.T0.13-73-j26-4.7.R,73,1066.0,1087.0
U0229,31.T0.13-73-j26-4.5.H,73,1080.0,1100.0
U0231,69.T0.13-73-j26-4.7.R,73,1086.0,1107.0
U0232,32.T0.13-73-j26-4.5.H,73,1100.0,1120.0
U0230,70.T0.13-73-j26-4.7.R,73,1106.0,1127.0
U0229,33.T0.13-73-j26-4.5.H,73,1139.0,1159.0
U0231,71.T0.13-73-j26-4.7.R,73,1140.0,1161.0
U0232,34.T0.13-73-j26-4.5.H,73,1179.0,1199.0
U0230,72.T0.13-73-j26-4.7.R,73,1180.0,1201.0
U0229,35.T0.13-73-j26-4.5.H,73,1214.0,1234.0
U0231,73.T0.13-73-j26-4.7.R,73,1220.0,1241.0
U0232,36.T0.13-73-j26-4.5.H,73,1244.0,1262.0
U0230,74.T0.13-73-j26-4.7.R,73,1255.0,1274.0
U0229,37.T0.13-73-j26-4.5.H,73,1284.0,1302.0
U0231,75.T0.13-73-j26-4.7.R,73,1295.0,1314.0
U0232,38.T0.13-73-j26-4.5.H,73,1324.0,1342.0
U0230,76.T0.13-73-j26-4.7.R,73,1335.0,1354.0
U0229,39.T0.13-73-j26-4.5.H,73,1364.0,1382.0
U0231,77.T0.13-73-j26-4.7.R,73,1375.0,1394.0
U0232,40.T0.13-73-j26-4.5.H,73,1404.0,1422.0
U0230,78.T0.13-73-j26-4.7.R,73,1415.0,1434.0
U0229,41.T0.13-73-j26-4.6.H,73,1444.0,1453.0
U0231,79.T0.13-73-j26-4.7.R,73,1455.0,1474.0
U0233,1.T0.13-82-j26-3.1.H,82,317.0,330.0
U0233,34.T0.13-82-j26-3.6.R,82,349.0,361.0
U0234,2.T0.13-82-j26-3.1.H,82,357.0,370.0
U0233,35.T0.13-82-j26-3.6.R,82,389.0,401.0
U0234,3.T0.13-82-j26-3.1.H,82,397.0,410.0
U0233,36.T0.13-82-j26-3.6.R,82,429.0,441.0
U0234,4.T0.13-82-j26-3.4.H,82,437.0,450.0
U0235,6.T0.13-82-j26-3.2.H,82,439.0,449.0
U0233,7.T0.13-82-j26-3.5.H,82,452.0,464.0
U0235,8.T0.13-82-j26-3.2.H,82,459.0,469.0
U0234,37.T0.13-82-j26-3.6.R,82,469.0,481.0
U0233,9.T0.13-82-j26-3.1.H,82,477.0,490.0
U0235,38.T0.13-82-j26-3.6.R,82,509.0,521.0
U0234,10.T0.13-82-j26-3.1.H,82,517.0,530.0
U0233,39.T0.13-82-j26-3.6.R,82,549.0,561.0
U0235,11.T0.13-82-j26-3.1.H,82,557.0,570.0
U0234,40.T0.13-82-j26-3.6.R,82,589.0,601.0
U0233,12.T0.13-82-j26-3.1.H,82,597.0,610.0
U0235,41.T0.13-82-j26-3.6.R,82,629.0,641.0
U0234,13.T0.13-82-j26-3.1.H,82,637.0,650.0
U0233,42.T0.13-82-j26-3.6.R,82,669.0,681.0
U0235,14.T0.13-82-j26-3.1.H,82,677.0,690.0
U0234,43.T0.13-82-j26-3.7.R,82,690.0,702.0
U0233,44.T0.13-82-j26-3.6.R,82,709.0,721.0
U0235,15.T0.13-82-j26-3.1.H,82,717.0,730.0
U0234,45.T0.13-82-j26-3.6.R,82,749.0,761.0
U0233,16.T0.13-82-j26-3.1.H,82,757.0,770.0
U0235,46.T0.13-82-j26-3.6.R,82,789.0,801.0
U0234,18.T0.13-82-j26-3.1.H,82,800.0,813.0
U0233,47.T0.13-82-j26-3.6.R,82,829.0,841.0
U0235,19.T0.13-82-j26-3.1.H,82,837.0,850.0
U0234,48.T0.13-82-j26-3.6.R,82,869.0,881.0
U0233,20.T0.13-82-j26-3.1.H,82,877.0,890.0
U0235,49.T0.13-82-j26-3.6.R,82,909.0,921.0
U0234,21.T0.13-82-j26-3.1.H,82,917.0,930.0
U0233,50.T0.13-82-j26-3.6.R,82,949.0,961.0
U0235,22.T0.13-82-j26-3.1.H,82,957.0,970.0
U0234,51.T0.13-82-j26-3.6.R,82,989.0,1001.0
U0233,23.T0.13-82-j26-3.1.H,82,997.0,1010.0
U0235,52.T0.13-82-j26-3.6.R,82,1029.0,1041.0
U0234,24.T0.13-82-j26-3.1.H,82,1037.0,1050.0
U0233,53.T0.13-82-j26-3.6.R,82,1069.0,1081.0
U0235,25.T0.13-82-j26-3.1.H,82,1077.0,1090.0
U0234,54.T0.13-82-j26-3.6.R,82,1109.0,1121.0
U0233,26.T0.13-82-j26-3.1.H,82,1117.0,1130.0
U0235,55.T0.13-82-j26-3.6.R,82,1149.0,1161.0
U0234,27.T0.13-82-j26-3.1.H,82,1157.0,1170.0
U0233,56.T0.13-82-j26-3.6.R,82,1189.0,1201.0
U0235,28.T0.13-82-j26-3.1.H,82,1200.0,1213.0
U0234,57.T0.13-82-j26-3.6.R,82,1226.0,1236.0
U0233,29.T0.13-82-j26-3.1.H,82,1240.0,1253.0
U0235,58.T0.13-82-j26-3.6.R,82,1266.0,1276.0
U0234,30.T0.13-82-j26-3.1.H,82,1280.0,1293.0
U0233,59.T0.13-82-j26-3.6.R,82,1306.0,1316.0
U0235,31.T0.13-82-j26-3.1.H,82,1320.0,1333.0
U0234,60.T0.13-82-j26-3.6.R,82,1346.0,1356.0
U0233,32.T0.13-82-j26-3.1.H,82,1360.0,1373.0
U0235,61.T0.13-82-j26-3.6.R,82,1386.0,1396.0
U0234,33.T0.13-82-j26-3.1.H,82,1400.0,1413.0
U0233,62.T0.13-82-j26-3.6.R,82,1426.0,1436.0
U0236,1.T0.13-84-j26-1.1.H,84,436.0,441.0
U0236,34.T0.13-84-j26-1.2.R,84,450.0,455.0
U0237,2.T0.13-84-j26-1.1.H,84,456.0,461.0
U0236,35.T0.13-84-j26-1.2.R,84,470.0,475.0
U0237,3.T0.13-84-j26-1.1.H,84,476.0,481.0
U0236,36.T0.13-84-j26-1.2.R,84,490.0,495.0
U0237,4.T0.13-84-j26-1.1.H,84,496.0,501.0
U0236,37.T0.13-84-j26-1.2.R,84,510.0,515.0
U0237,5.T0.13-84-j26-1.1.H,84,516.0,521.0
U0236,38.T0.13-84-j26-1.2.R,84,530.0,535.0
U0237,6.T0.13-84-j26-1.1.H,84,536.0,541.0
U0236,39.T0.13-84-j26-1.2.R,84,550.0,555.0
U0237,7.T0.13-84-j26-1.1.H,84,556.0,561.0
U0236,40.T0.13-84-j26-1.2.R,84,570.0,575.0
U0237,8.T0.13-84-j26-1.1.H,84,576.0,581.0
U0236,41.T0.13-84-j26-1.2.R,84,590.0,595.0
U0237,9.T0.13-84-j26-1.1.H,84,596.0,601.0
U0236,42.T0.13-84-j26-1.2.R,84,610.0,615.0
U0237,10.T0.13-84-j26-1.1.H,84,616.0,621.0
U0236,43.T0.13-84-j26-1.2.R,84,630.0,635.0
U0237,11.T0.13-84-j26-1.1.H,84,636.0,641.0
U0236,44.T0.13-84-j26-1.2.R,84,650.0,655.0
U0237,12.T0.13-84-j26-1.1.H,84,656.0,661.0
U0236,45.T0.13-84-j26-1.2.R,84,670.0,675.0
U0237,13.T0.13-84-j26-1.1.H,84,676.0,681.0
U0236,46.T0.13-84-j26-1.2.R,84,690.0,695.0
U0237,14.T0.13-84-j26-1.1.H,84,696.0,701.0
U0236,47.T0.13-84-j26-1.2.R,84,710.0,715.0
U0237,15.T0.13-84-j26-1.1.H,84,716.0,721.0
U0236,48.T0.13-84-j26-1.2.R,84,730.0,735.0
U0237,16.T0.13-84-j26-1.1.H,84,736.0,741.0
U0236,49.T0.13-84-j26-1.2.R,84,750.0,755.0
U0237,17.T0.13-84-j26-1.1.H,84,756.0,761.0
U0236,50.T0.13-84-j26-1.2.R,84,770.0,775.0
U0237,18.T0.13-84-j26-1.1.H,84,776.0,781.0
U0236,51.T0.13-84-j26-1.2.R,84,790.0,795.0
U0237,19.T0.13-84-j26-1.1.H,84,796.0,801.0
U0236,52.T0.13-84-j26-1.2.R,84,810.0,815.0
U0237,20.T0.13-84-j26-1.1.H,84,816.0,821.0
U0236,53.T0.13-84-j26-1.2.R,84,830.0,835.0
U0237,21.T0.13-84-j26-1.1.H,84,836.0,841.0
U0236,54.T0.13-84-j26-1.2.R,84,850.0,855.0
U0237,22.T0.13-84-j26-1.1.H,84,856.0,861.0
U0236,55.T0.13-84-j26-1.2.R,84,870.0,875.0
U0237,23.T0.13-84-j26-1.1.H,84,876.0,881.0
U0236,56.T0.13-84-j26-1.2.R,84,890.0,895.0
U0237,24.T0.13-84-j26-1.1.H,84,896.0,901.0
U0236,57.T0.13-84-j26-1.2.R,84,910.0,915.0
U0237,25.T0.13-84-j26-1.1.H,84,916.0,921.0
U0236,58.T0.13-84-j26-1.2.R,84,930.0,935.0
U0237,26.T0.13-84-j26-1.1.H,84,936.0,941.0
U0236,59.T0.13-84-j26-1.2.R,84,950.0,955.0
U0237,27.T0.13-84-j26-1.1.H,84,956.0,961.0
U0236,60.T0.13-84-j26-1.2.R,84,970.0,975.0
U0237,28.T0.13-84-j26-1.1.H,84,976.0,981.0
U0236,61.T0.13-84-j26-1.2.R,84,990.0,995.0
U0237,29.T0.13-84-j26-1.1.H,84,996.0,1001.0
U0236,62.T0.13-84-j26-1.2.R,84,1010.0,1015.0
U0237,30.T0.13-84-j26-1.1.H,84,1016.0,1021.0
U0236,63.T0.13-84-j26-1.2.R,84,1030.0,1035.0
U0237,31.T0.13-84-j26-1.1.H,84,1036.0,1041.0
U0236,64.T0.13-84-j26-1.2.R,84,1050.0,1055.0
U0237,32.T0.13-84-j26-1.1.H,84,1056.0,1061.0
U0236,65.T0.13-84-j26-1.2.R,84,1070.0,1075.0
U0237,33.T0.13-84-j26-1.1.H,84,1076.0,1081.0
U0236,66.T0.13-84-j26-1.2.R,84,1090.0,1095.0
U0238,1.T0.13-89-j26-1.3.H,89,407.0,460.0
U0239,2.T0.13-89-j26-1.3.H,89,412.0,465.0
U0240,3.T0.13-89-j26-1.3.H,89,417.0,470.0
U0238,4.T0.13-89-j26-1.4.R,89,797.0,850.0
U0239,6.T0.13-89-j26-1.4.R,89,809.0,862.0
U0240,7.T0.13-89-j26-1.4.R,89,944.0,997.0
U0238,8.T0.13-89-j26-1.4.R,89,984.0,1037.0
U0241,4.T0.13-91-j26-1.3.R,91,416.0,456.0
U0242,5.T0.13-91-j26-1.3.R,91,426.0,466.0
U0243,6.T0.13-91-j26-1.7.R,91,437.0,476.0
U0241,1.T0.13-91-j26-1.4.H,91,795.0,823.0
U0242,2.T0.13-91-j26-1.4.H,91,800.0,828.0
U0243,3.T0.13-91-j26-1.5.H,91,805.0,833.0
U0244,2.T0.13-92-j26-1.4.R,92,414.0,459.0
U0244,1.T0.13-92-j26-1.3.H,92,791.0,830.0
U0245,2.T0.13-93-j26-1.4.R,93,430.0,464.0
U0245,1.T0.13-93-j26-1.3.H,93,789.0,820.0
U0246,1.T0.13-94-j26-4.3.R,94,433.0,456.0
U0247,2.T0.13-94-j26-4.4.R,94,441.0,466.0
U0248,1.T0.13-95-j26-1.3.H,95,436.0,451.0
U0248,2.T0.13-95-j26-1.4.R,95,790.0,806.0
U0249,2.T0.13-96-j26-1.5.R,96,416.0,459.0
U0250,3.T0.13-96-j26-1.6.R,96,432.0,469.0
U0249,1.T0.13-96-j26-1.4.H,96,791.0,832.0
U0251,1.T0.13-97-j26-1.4.H,97,453.0,468.0
U0251,2.T0.13-97-j26-1.5.R,97,685.0,700.0
U0251,3.T0.13-97-j26-1.5.R,97,745.0,760.0
U0251,4.T0.13-97-j26-1.5.R,97,790.0,805.0
U0251,5.T0.13-97-j26-1.5.R,97,940.0,955.0
U0251,6.T0.13-97-j26-1.5.R,97,970.0,985.0
U0251,7.T0.13-97-j26-1.5.R,97,1000.0,1015.0
U0252,3.T0.13-98-j26-1.4.R,98,424.0,465.0
U0253,4.T0.13-98-j26-1.4.R,98,434.0,475.0
U0252,1.T0.13-98-j26-1.3.H,98,788.0,824.0
U0253,2.T0.13-98-j26-1.3.H,98,798.0,834.0
U0254,1.T0.13-99-j26-1.1.H,99,445.0,470.0
U0254,2.T0.13-99-j26-1.2.R,99,681.0,703.0
U0254,3.T0.13-99-j26-1.2.R,99,741.0,763.0
U0254,4.T0.13-99-j26-1.2.R,99,787.0,809.0
U0254,5.T0.13-99-j26-1.3.R,99,820.0,829.0
U0255,1.T0.17-708-j26-2.1.H,E8,278.0,291.0
U0256,151.T0.17-708-j26-2.2.R,E8,285.0,296.0
U0257,2.T0.17-708-j26-2.1.H,E8,288.0,301.0
U0258,152.T0.17-708-j26-2.2.R,E8,295.0,306.0
U0255,3.T0.17-708-j26-2.1.H,E8,298.0,311.0
U0256,153.T0.17-708-j26-2.2.R,E8,305.0,316.0
U0257,4.T0.17-708-j26-2.1.H,E8,308.0,321.0
U0258,154.T0.17-708-j26-2.2.R,E8,315.0,326.0
U0255,5.T0.17-708-j26-2.1.H,E8,318.0,331.0
U0256,155.T0.17-708-j26-2.2.R,E8,325.0,336.0
U0257,6.T0.17-708-j26-2.1.H,E8,328.0,341.0
U0258,156.T0.17-708-j26-2.2.R,E8,335.0,346.0
U0255,7.T0.17-708-j26-2.1.H,E8,338.0,351.0
U0256,157.T0.17-708-j26-2.2.R,E8,345.0,356.0
U0257,8.T0.17-708-j26-2.1.H,E8,348.0,361.0
U0258,158.T0.17-708-j26-2.2.R,E8,355.0,366.0
U0255,9.T0.17-708-j26-2.1.H,E8,358.0,371.0
U0256,159.T0.17-708-j26-2.2.R,E8,365.0,376.0
U0257,10.T0.17-708-j26-2.1.H,E8,368.0,381.0
U0258,160.T0.17-708-j26-2.2.R,E8,375.0,386.0
U0255,11.T0.17-708-j26-2.1.H,E8,378.0,391.0
U0256,161.T0.17-708-j26-2.2.R,E8,385.0,396.0
U0257,12.T0.17-708-j26-2.1.H,E8,388.0,401.0
U0259,162.T0.17-708-j26-2.2.R,E8,390.0,401.0
U0258,13.T0.17-708-j26-2.1.H,E8,393.0,406.0
U0260,163.T0.17-708-j26-2.2.R,E8,395.0,406.0
U0255,14.T0.17-708-j26-2.1.H,E8,398.0,411.0
U0261,164.T0.17-708-j26-2.2.R,E8,400.0,411.0
U0256,15.T0.17-708-j26-2.1.H,E8,403.0,416.0
U0262,165.T0.17-708-j26-2.2.R,E8,405.0,416.0
U0257,16.T0.17-708-j26-2.1.H,E8,408.0,421.0
U0259,166.T0.17-708-j26-2.2.R,E8,410.0,421.0
U0258,17.T0.17-708-j26-2.1.H,E8,413.0,426.0
U0260,167.T0.17-708-j26-2.2.R,E8,415.0,426.0
U0255,18.T0.17-708-j26-2.1.H,E8,418.0,431.0
U0261,168.T0.17-708-j26-2.2.R,E8,420.0,431.0
U0256,19.T0.17-708-j26-2.1.H,E8,423.0,436.0
U0262,169.T0.17-708-j26-2.2.R,E8,425.0,436.0
U0257,20.T0.17-708-j26-2.1.H,E8,428.0,441.0
U0259,170.T0.17-708-j26-2.2.R,E8,430.0,441.0
U0258,21.T0.17-708-j26-2.1.H,E8,433.0,446.0
U0260,171.T0.17-708-j26-2.2.R,E8,435.0,446.0
U0255,22.T0.17-708-j26-2.1.H,E8,438.0,451.0
U0261,172.T0.17-708-j26-2.2.R,E8,440.0,451.0
U0256,23.T0.17-708-j26-2.1.H,E8,443.0,456.0
U0262,173.T0.17-708-j26-2.2.R,E8,445.0,456.0
U0257,24.T0.17-708-j26-2.1.H,E8,448.0,461.0
U0259,174.T0.17-708-j26-2.2.R,E8,450.0,461.0
U0258,25.T0.17-708-j26-2.1.H,E8,453.0,466.0
U0260,175.T0.17-708-j26-2.2.R,E8,455.0,466.0
U0255,26.T0.17-708-j26-2.1.H,E8,458.0,471.0
U0261,176.T0.17-708-j26-2.2.R,E8,460.0,471.0
U0256,27.T0.17-708-j26-2.1.H,E8,463.0,476.0
U0262,177.T0.17-708-j26-2.2.R,E8,465.0,476.0
U0257,28.T0.17-708-j26-2.1.H,E8,468.0,481.0
U0259,178.T0.17-708-j26-2.2.R,E8,470.0,481.0
U0258,29.T0.17-708-j26-2.1.H,E8,473.0,486.0
U0260,179.T0.17-708-j26-2.2.R,E8,475.0,486.0
U0255,30.T0.17-708-j26-2.1.H,E8,478.0,491.0
U0261,180.T0.17-708-j26-2.2.R,E8,480.0,491.0
U0256,31.T0.17-708-j26-2.1.H,E8,483.0,496.0
U0262,181.T0.17-708-j26-2.2.R,E8,485.0,496.0
U0257,32.T0.17-708-j26-2.1.H,E8,488.0,501.0
U0259,182.T0.17-708-j26-2.2.R,E8,490.0,501.0
U0258,33.T0.17-708-j26-2.1.H,E8,493.0,506.0
U0260,183.T0.17-708-j26-2.2.R,E8,495.0,506.0
U0255,34.T0.17-708-j26-2.1.H,E8,498.0,511.0
U0261,184.T0.17-708-j26-2.2.R,E8,500.0,511.0
U0256,35.T0.17-708-j26-2.1.H,E8,503.0,516.0
U0262,185.T0.17-708-j26-2.2.R,E8,505.0,516.0
U0257,36.T0.17-708-j26-2.1.H,E8,508.0,521.0
U0259,186.T0.17-708-j26-2.2.R,E8,510.0,521.0
U0258,37.T0.17-708-j26-2.1.H,E8,513.0,526.0
U0260,187.T0.17-708-j26-2.2.R,E8,515.0,526.0
U0255,38.T0.17-708-j26-2.1.H,E8,518.0,531.0
U0261,188.T0.17-708-j26-2.2.R,E8,520.0,531.0
U0256,39.T0.17-708-j26-2.1.H,E8,523.0,536.0
U0262,189.T0.17-708-j26-2.2.R,E8,525.0,536.0
U0257,40.T0.17-708-j26-2.1.H,E8,528.0,541.0
U0259,41.T0.17-708-j26-2.1.H,E8,533.0,546.0
U0258,190.T0.17-708-j26-2.2.R,E8,535.0,546.0
U0260,42.T0.17-708-j26-2.1.H,E8,538.0,551.0
U0255,191.T0.17-708-j26-2.2.R,E8,545.0,556.0
U0261,43.T0.17-708-j26-2.1.H,E8,548.0,561.0
U0256,192.T0.17-708-j26-2.2.R,E8,555.0,566.0
U0262,44.T0.17-708-j26-2.1.H,E8,558.0,571.0
U0257,193.T0.17-708-j26-2.2.R,E8,565.0,576.0
U0258,45.T0.17-708-j26-2.1.H,E8,568.0,581.0
U0259,194.T0.17-708-j26-2.2.R,E8,575.0,586.0
U0260,46.T0.17-708-j26-2.1.H,E8,578.0,591.0
U0255,195.T0.17-708-j26-2.2.R,E8,585.0,596.0
U0261,47.T0.17-708-j26-2.1.H,E8,588.0,601.0
U0256,196.T0.17-708-j26-2.2.R,E8,595.0,606.0
U0262,48.T0.17-708-j26-2.1.H,E8,598.0,611.0
U0257,197.T0.17-708-j26-2.2.R,E8,605.0,616.0
U0258,49.T0.17-708-j26-2.1.H,E8,608.0,621.0
U0259,198.T0.17-708-j26-2.2.R,E8,615.0,626.0
U0260,50.T0.17-708-j26-2.1.H,E8,618.0,631.0
U0255,199.T0.17-708-j26-2.2.R,E8,625.0,636.0
U0261,51.T0.17-708-j26-2.1.H,E8,628.0,641.0
U0256,200.T0.17-708-j26-2.2.R,E8,635.0,646.0
U0262,52.T0.17-708-j26-2.1.H,E8,638.0,651.0
U0257,201.T0.17-708-j26-2.2.R,E8,645.0,656.0
U0258,53.T0.17-708-j26-2.1.H,E8,648.0,661.0
U0259,202.T0.17-708-j26-2.2.R,E8,655.0,666.0
U0260,54.T0.17-708-j26-2.1.H,E8,658.0,671.0
U0255,203.T0.17-708-j26-2.2.R,E8,665.0,676.0
U0261,55.T0.17-708-j26-2.1.H,E8,668.0,681.0
U0256,204.T0.17-708-j26-2.2.R,E8,675.0,686.0
U0262,56.T0.17-708-j26-2.1.H,E8,678.0,691.0
U0257,205.T0.17-708-j26-2.2.R,E8,685.0,696.0
U0258,57.T0.17-708-j26-2.1.H,E8,688.0,701.0
U0259,206.T0.17-708-j26-2.2.R,E8,695.0,706.0
U0260,58.T0.17-708-j26-2.1.H,E8,698.0,711.0
U0255,207.T0.17-708-j26-2.2.R,E8,705.0,716.0
U0261,59.T0.17-708-j26-2.1.H,E8,708.0,721.0
U0256,208.T0.17-708-j26-2.2.R,E8,715.0,726.0
U0262,60.T0.17-708-j26-2.1.H,E8,718.0,731.0
U0257,209.T0.17-708-j26-2.2.R,E8,725.0,736.0
U0258,61.T0.17-708-j26-2.1.H,E8,728.0,741.0
U0259,210.T0.17-708-j26-2.2.R,E8,735.0,746.0
U0260,62.T0.17-708-j26-2.1.H,E8,738.0,751.0
U0255,211.T0.17-708-j26-2.2.R,E8,745.0,756.0
U0261,63.T0.17-708-j26-2.1.H,E8,748.0,761.0
U0256,212.T0.17-708-j26-2.2.R,E8,755.0,766.0
U0262,64.T0.17-708-j26-2.1.H,E8,758.0,771.0
U0257,213.T0.17-708-j26-2.2.R,E8,765.0,776.0
U0258,65.T0.17-708-j26-2.1.H,E8,768.0,781.0
U0259,214.T0.17-708-j26-2.2.R,E8,775.0,786.0
U0260,66.T0.17-708-j26-2.1.H,E8,778.0,791.0
U0255,215.T0.17-708-j26-2.2.R,E8,780.0,791.0
U0261,67.T0.17-708-j26-2.1.H,E8,783.0,796.0
U0256,216.T0.17-708-j26-2.2.R,E8,785.0,796.0
U0262,68.T0.17-708-j26-2.1.H,E8,788.0,801.0
U0257,217.T0.17-708-j26-2.2.R,E8,790.0,801.0
U0258,69.T0.17-708-j26-2.1.H,E8,793.0,806.0
U0259,218.T0.17-708-j26-2.2.R,E8,795.0,806.0
U0255,70.T0.17-708-j26-2.1.H,E8,798.0,811.0
U0260,219.T0.17-708-j26-2.2.R,E8,800.0,811.0
U0256,71.T0.17-708-j26-2.1.H,E8,803.0,816.0
U0261,220.T0.17-708-j26-2.2.R,E8,805.0,816.0
U0257,72.T0.17-708-j26-2.1.H,E8,808.0,821.0
U0262,221.T0.17-708-j26-2.2.R,E8,810.0,821.0
U0258,73.T0.17-708-j26-2.1.H,E8,813.0,826.0
U0259,222.T0.17-708-j26-2.2.R,E8,815.0,826.0
U0255,74.T0.17-708-j26-2.1.H,E8,818.0,831.0
U0260,223.T0.17-708-j26-2.2.R,E8,820.0,831.0
U0256,75.T0.17-708-j26-2.1.H,E8,823.0,836.0
U0261,224.T0.17-708-j26-2.2.R,E8,825.0,836.0
U0257,76.T0.17-708-j26-2.1.H,E8,828.0,841.0
U0262,225.T0.17-708-j26-2.2.R,E8,830.0,841.0
U0258,77.T0.17-708-j26-2.1.H,E8,833.0,846.0
U0259,226.T0.17-708-j26-2.2.R,E8,835.0,846.0
U0255,78.T0.17-708-j26-2.1.H,E8,838.0,851.0
U0260,227.T0.17-708-j26-2.2.R,E8,840.0,851.0
U0256,79.T0.17-708-j26-2.1.H,E8,843.0,856.0
U0261,228.T0.17-708-j26-2.2.R,E8,845.0,856.0
U0257,80.T0.17-708-j26-2.1.H,E8,848.0,861.0
U0262,229.T0.17-708-j26-2.2.R,E8,850.0,861.0
U0258,81.T0.17-708-j26-2.1.H,E8,853.0,866.0
U0259,230.T0.17-708-j26-2.2.R,E8,855.0,866.0
U0255,82.T0.17-708-j26-2.1.H,E8,858.0,871.0
U0260,231.T0.17-708-j26-2.2.R,E8,860.0,871.0
U0256,83.T0.17-708-j26-2.1.H,E8,863.0,876.0
U0261,232.T0.17-708-j26-2.2.R,E8,865.0,876.0
U0257,84.T0.17-708-j26-2.1.H,E8,868.0,881.0
U0262,233.T0.17-708-j26-2.2.R,E8,870.0,881.0
U0258,85.T0.17-708-j26-2.1.H,E8,873.0,886.0
U0259,234.T0.17-708-j26-2.2.R,E8,875.0,886.0
U0255,86.T0.17-708-j26-2.1.H,E8,878.0,891.0
U0260,235.T0.17-708-j26-2.2.R,E8,880.0,891.0
U0256,87.T0.17-708-j26-2.1.H,E8,883.0,896.0
U0261,236.T0.17-708-j26-2.2.R,E8,885.0,896.0
U0257,88.T0.17-708-j26-2.1.H,E8,888.0,901.0
U0262,237.T0.17-708-j26-2.2.R,E8,890.0,901.0
U0258,89.T0.17-708-j26-2.1.H,E8,893.0,906.0
U0259,238.T0.17-708-j26-2.2.R,E8,895.0,906.0
U0255,90.T0.17-708-j26-2.1.H,E8,898.0,911.0
U0260,239.T0.17-708-j26-2.2.R,E8,900.0,911.0
U0256,91.T0.17-708-j26-2.1.H,E8,903.0,916.0
U0261,240.T0.17-708-j26-2.2.R,E8,905.0,916.0
U0257,92.T0.17-708-j26-2.1.H,E8,908.0,921.0
U0262,241.T0.17-708-j26-2.2.R,E8,910.0,921.0
U0258,93.T0.17-708-j26-2.1.H,E8,913.0,926.0
U0259,242.T0.17-708-j26-2.2.R,E8,915.0,926.0
U0255,94.T0.17-708-j26-2.1.H,E8,918.0,931.0
U0260,243.T0.17-708-j26-2.2.R,E8,920.0,931.0
U0256,95.T0.17-708-j26-2.1.H,E8,923.0,936.0
U0261,244.T0.17-708-j26-2.2.R,E8,925.0,936.0
U0257,96.T0.17-708-j26-2.1.H,E8,928.0,941.0
U0262,245.T0.17-708-j26-2.2.R,E8,930.0,941.0
U0258,97.T0.17-708-j26-2.1.H,E8,933.0,946.0
U0259,246.T0.17-708-j26-2.2.R,E8,935.0,946.0
U0255,98.T0.17-708-j26-2.1.H,E8,938.0,951.0
U0260,247.T0.17-708-j26-2.2.R,E8,940.0,951.0
U0256,99.T0.17-708-j26-2.1.H,E8,943.0,956.0
U0261,248.T0.17-708-j26-2.2.R,E8,945.0,956.0
U0257,100.T0.17-708-j26-2.1.H,E8,948.0,961.0
U0262,249.T0.17-708-j26-2.2.R,E8,950.0,961.0
U0258,101.T0.17-708-j26-2.1.H,E8,953.0,966.0
U0259,250.T0.17-708-j26-2.2.R,E8,955.0,966.0
U0255,102.T0.17-708-j26-2.1.H,E8,958.0,971.0
U0260,251.T0.17-708-j26-2.2.R,E8,960.0,971.0
U0256,103.T0.17-708-j26-2.1.H,E8,963.0,976.0
U0261,252.T0.17-708-j26-2.2.R,E8,965.0,976.0
U0257,104.T0.17-708-j26-2.1.H,E8,968.0,981.0
U0262,253.T0.17-708-j26-2.2.R,E8,970.0,981.0
U0258,105.T0.17-708-j26-2.1.H,E8,973.0,986.0
U0259,254.T0.17-708-j26-2.2.R,E8,975.0,986.0
U0255,106.T0.17-708-j26-2.1.H,E8,978.0,991.0
U0260,255.T0.17-708-j26-2.2.R,E8,980.0,991.0
U0256,107.T0.17-708-j26-2.1.H,E8,983.0,996.0
U0261,256.T0.17-708-j26-2.2.R,E8,985.0,996.0
U0257,108.T0.17-708-j26-2.1.H,E8,988.0,1001.0
U0262,257.T0.17-708-j26-2.2.R,E8,990.0,1001.0
U0258,109.T0.17-708-j26-2.1.H,E8,993.0,1006.0
U0259,258.T0.17-708-j26-2.2.R,E8,995.0,1006.0
U0255,110.T0.17-708-j26-2.1.H,E8,998.0,1011.0
U0260,259.T0.17-708-j26-2.2.R,E8,1000.0,1011.0
U0256,111.T0.17-708-j26-2.1.H,E8,1003.0,1016.0
U0261,260.T0.17-708-j26-2.2.R,E8,1005.0,1016.0
U0257,112.T0.17-708-j26-2.1.H,E8,1008.0,1021.0
U0262,261.T0.17-708-j26-2.2.R,E8,1010.0,1021.0
U0258,113.T0.17-708-j26-2.1.H,E8,1013.0,1026.0
U0259,262.T0.17-708-j26-2.2.R,E8,1015.0,1026.0
U0255,114.T0.17-708-j26-2.1.H,E8,1018.0,1031.0
U0260,263.T0.17-708-j26-2.2.R,E8,1020.0,1031.0
U0256,115.T0.17-708-j26-2.1.H,E8,1023.0,1036.0
U0261,264.T0.17-708-j26-2.2.R,E8,1025.0,1036.0
U0257,116.T0.17-708-j26-2.1.H,E8,1028.0,1041.0
U0262,265.T0.17-708-j26-2.2.R,E8,1035.0,1046.0
U0258,117.T0.17-708-j26-2.1.H,E8,1038.0,1051.0
U0259,266.T0.17-708-j26-2.2.R,E8,1045.0,1056.0
U0255,118.T0.17-708-j26-2.1.H,E8,1048.0,1061.0
U0260,267.T0.17-708-j26-2.2.R,E8,1055.0,1066.0
U0256,119.T0.17-708-j26-2.1.H,E8,1058.0,1071.0
U0261,268.T0.17-708-j26-2.2.R,E8,1065.0,1076.0
U0257,120.T0.17-708-j26-2.1.H,E8,1068.0,1081.0
U0262,269.T0.17-708-j26-2.2.R,E8,1075.0,1086.0
U0258,121.T0.17-708-j26-2.1.H,E8,1078.0,1091.0
U0259,270.T0.17-708-j26-2.2.R,E8,1085.0,1096.0
U0255,122.T0.17-708-j26-2.1.H,E8,1088.0,1101.0
U0260,271.T0.17-708-j26-2.2.R,E8,1095.0,1106.0
U0256,123.T0.17-708-j26-2.1.H,E8,1098.0,1111.0
U0261,272.T0.17-708-j26-2.2.R,E8,1105.0,1116.0
U0257,124.T0.17-708-j26-2.1.H,E8,1108.0,1121.0
U0262,273.T0.17-708-j26-2.2.R,E8,1115.0,1126.0
U0258,125.T0.17-708-j26-2.1.H,E8,1118.0,1131.0
U0259,274.T0.17-708-j26-2.2.R,E8,1125.0,1136.0
U0255,126.T0.17-708-j26-2.1.H,E8,1128.0,1141.0
U0260,275.T0.17-708-j26-2.2.R,E8,1135.0,1146.0
U0256,127.T0.17-708-j26-2.1.H,E8,1138.0,1151.0
U0261,276.T0.17-708-j26-2.2.R,E8,1145.0,1156.0
U0257,128.T0.17-708-j26-2.1.H,E8,1148.0,1161.0
U0262,277.T0.17-708-j26-2.2.R,E8,1155.0,1166.0
U0258,129.T0.17-708-j26-2.1.H,E8,1158.0,1171.0
U0259,278.T0.17-708-j26-2.2.R,E8,1165.0,1176.0
U0255,130.T0.17-708-j26-2.1.H,E8,1168.0,1181.0
U0260,279.T0.17-708-j26-2.2.R,E8,1175.0,1186.0
U0256,131.T0.17-708-j26-2.1.H,E8,1178.0,1191.0
U0261,280.T0.17-708-j26-2.2.R,E8,1185.0,1196.0
U0257,132.T0.17-708-j26-2.1.H,E8,1188.0,1201.0
U0262,281.T0.17-708-j26-2.2.R,E8,1195.0,1206.0
U0258,133.T0.17-708-j26-2.1.H,E8,1198.0,1211.0
U0259,282.T0.17-708-j26-2.2.R,E8,1205.0,1216.0
U0255,134.T0.17-708-j26-2.1.H,E8,1208.0,1221.0
U0260,283.T0.17-708-j26-2.2.R,E8,1215.0,1226.0
U0256,135.T0.17-708-j26-2.1.H,E8,1218.0,1231.0
U0261,284.T0.17-708-j26-2.2.R,E8,1225.0,1236.0
U0257,136.T0.17-708-j26-2.1.H,E8,1228.0,1241.0
U0262,285.T0.17-708-j26-2.2.R,E8,1235.0,1246.0
U0258,137.T0.17-708-j26-2.1.H,E8,1238.0,1251.0
U0259,138.T0.17-708-j26-2.1.H,E8,1248.0,1261.0
U0255,286.T0.17-708-j26-2.2.R,E8,1249.0,1258.0
U0260,139.T0.17-708-j26-2.1.H,E8,1261.0,1272.0
U0256,287.T0.17-708-j26-2.2.R,E8,1269.0,1278.0
U0261,140.T0.17-708-j26-2.1.H,E8,1281.0,1292.0
U0257,288.T0.17-708-j26-2.2.R,E8,1289.0,1298.0
U0262,141.T0.17-708-j26-2.1.H,E8,1301.0,1312.0
U0258,289.T0.17-708-j26-2.2.R,E8,1309.0,1318.0
U0255,142.T0.17-708-j26-2.1.H,E8,1321.0,1332.0
U0259,290.T0.17-708-j26-2.2.R,E8,1329.0,1338.0
U0260,143.T0.17-708-j26-2.1.H,E8,1341.0,1352.0
U0256,291.T0.17-708-j26-2.2.R,E8,1349.0,1358.0
U0261,144.T0.17-708-j26-2.1.H,E8,1361.0,1372.0
U0257,292.T0.17-708-j26-2.2.R,E8,1369.0,1378.0
U0262,145.T0.17-708-j26-2.1.H,E8,1381.0,1392.0
U0258,293.T0.17-708-j26-2.2.R,E8,1389.0,1398.0
U0255,146.T0.17-708-j26-2.1.H,E8,1401.0,1412.0
U0259,294.T0.17-708-j26-2.2.R,E8,1409.0,1418.0
U0260,147.T0.17-708-j26-2.1.H,E8,1421.0,1432.0
U0256,295.T0.17-708-j26-2.2.R,E8,1429.0,1438.0
U0261,148.T0.17-708-j26-2.1.H,E8,1441.0,1452.0
U0257,296.T0.17-708-j26-2.2.R,E8,1449.0,1458.0
U0262,149.T0.17-708-j26-2.1.H,E8,1461.0,1472.0
U0258,297.T0.17-708-j26-2.2.R,E8,1469.0,1478.0
U0255,150.T0.17-708-j26-2.1.H,E8,1481.0,1492.0
